,student_id,action_type,action_number,action_level,action_performance
0,14454,思政比赛,1,2,2
1,14454,体育比赛,1,3,9
2,14454,艺术活动,1,3,6
3,14479,思政比赛,1,2,1
4,14479,体育比赛,1,3,7
5,14479,体育比赛,1,3,7
6,14486,艺术活动,1,2,1
7,14486,志愿服务,1,1,7
8,14549,思政比赛,1,3,4
9,14550,体育比赛,1,1,7
10,14550,志愿服务,1,1,1
11,14551,艺术活动,1,3,2
12,14551,艺术活动,1,2,9
13,14551,体育比赛,1,2,1
14,14552,思政比赛,1,2,7
15,14552,体育比赛,1,4,3
16,14552,艺术活动,1,3,9
17,14553,体育比赛,1,3,6
18,14553,体育比赛,1,3,4
19,14553,志愿服务,1,2,3
20,14554,思政比赛,1,4,4
21,14554,艺术活动,1,3,3
22,14555,思政比赛,1,1,1
23,14555,志愿服务,1,1,1
24,14555,志愿服务,1,3,2
25,14555,志愿服务,1,4,1
26,14556,艺术活动,1,3,5
27,14556,体育比赛,1,1,6
28,14557,体育比赛,1,4,5
29,14557,艺术活动,1,4,6
30,14557,体育比赛,1,2,5
31,14558,体育比赛,1,1,8
32,14558,思政比赛,1,3,6
33,14559,思政比赛,1,2,2
34,14559,志愿服务,1,1,3
35,14560,志愿服务,1,1,7
36,14560,体育比赛,1,1,2
37,14560,艺术活动,1,3,6
38,14560,思政比赛,1,1,1
39,14561,艺术活动,1,4,1
40,14561,体育比赛,1,2,5
41,14562,志愿服务,1,2,3
42,14562,思政比赛,1,3,5
43,14563,艺术活动,1,3,8
44,14563,艺术活动,1,2,1
45,14637,艺术活动,1,4,3
46,14637,志愿服务,1,3,5
47,14564,艺术活动,1,2,4
48,14565,艺术活动,1,1,6
49,14565,体育比赛,1,1,4
50,14565,思政比赛,1,1,7
51,14565,艺术活动,1,1,2
52,14566,艺术活动,1,3,5
53,14567,体育比赛,1,3,1
54,14567,思政比赛,1,3,6
55,14568,志愿服务,1,2,6
56,14569,志愿服务,1,3,1
57,14569,志愿服务,1,1,4
58,14569,思政比赛,1,1,7
59,14569,体育比赛,1,2,5
60,14911,艺术活动,1,2,9
61,14570,志愿服务,1,1,1
62,14570,艺术活动,1,3,6
63,14571,思政比赛,1,3,4
64,14571,志愿服务,1,3,6
65,14572,志愿服务,1,4,2
66,14573,志愿服务,1,3,3
67,14573,志愿服务,1,3,7
68,14573,艺术活动,1,2,7
69,14573,思政比赛,1,3,9
70,14574,志愿服务,1,1,9
71,14574,体育比赛,1,4,9
72,14575,体育比赛,1,4,4
73,14576,思政比赛,1,3,8
74,14576,志愿服务,1,4,3
75,14576,思政比赛,1,1,3
76,14576,艺术活动,1,2,7
77,14577,体育比赛,1,3,6
78,14577,思政比赛,1,1,3
79,14577,志愿服务,1,4,3
80,14578,艺术活动,1,4,8
81,14579,思政比赛,1,4,4
82,14579,艺术活动,1,2,1
83,14579,艺术活动,1,2,2
84,14579,思政比赛,1,1,1
85,14580,志愿服务,1,2,9
86,14580,志愿服务,1,3,9
87,14580,思政比赛,1,3,1
88,14580,艺术活动,1,3,3
89,14582,体育比赛,1,3,8
90,14582,艺术活动,1,1,6
91,14582,志愿服务,1,4,1
92,14582,艺术活动,1,3,3
93,14583,思政比赛,1,3,4
94,14583,体育比赛,1,4,2
95,14583,体育比赛,1,2,9
96,14583,思政比赛,1,2,8
97,14584,志愿服务,1,3,7
98,14584,志愿服务,1,2,3
99,14584,思政比赛,1,4,1
100,14585,思政比赛,1,4,4
101,14585,艺术活动,1,4,8
102,14585,思政比赛,1,4,7
103,14585,思政比赛,1,2,3
104,14586,体育比赛,1,1,8
105,14586,志愿服务,1,1,5
106,14586,志愿服务,1,4,3
107,14586,艺术活动,1,1,9
108,14587,艺术活动,1,3,6
109,14588,体育比赛,1,2,5
110,14588,艺术活动,1,1,1
111,14589,志愿服务,1,1,3
112,14589,体育比赛,1,4,3
113,14589,体育比赛,1,1,2
114,14589,志愿服务,1,4,1
115,14590,志愿服务,1,2,6
116,14590,艺术活动,1,2,6
117,14590,体育比赛,1,2,5
118,14590,艺术活动,1,2,3
119,14591,志愿服务,1,4,5
120,14591,志愿服务,1,1,6
121,14591,志愿服务,1,1,1
122,14591,体育比赛,1,4,3
123,14592,思政比赛,1,1,8
124,14593,体育比赛,1,4,1
125,14594,艺术活动,1,1,2
126,14594,艺术活动,1,4,2
127,14594,思政比赛,1,4,1
128,14595,体育比赛,1,3,9
129,14595,思政比赛,1,2,2
130,14595,艺术活动,1,4,1
131,14595,志愿服务,1,3,5
132,14596,体育比赛,1,4,7
133,14597,思政比赛,1,1,3
134,14598,志愿服务,1,4,7
135,14598,思政比赛,1,1,7
136,14599,志愿服务,1,1,5
137,14599,思政比赛,1,4,5
138,14600,体育比赛,1,3,8
139,14600,志愿服务,1,1,8
140,14600,志愿服务,1,2,9
141,14600,艺术活动,1,1,3
142,14601,志愿服务,1,3,5
143,14601,志愿服务,1,1,1
144,14601,体育比赛,1,1,2
145,14601,体育比赛,1,1,5
146,14602,思政比赛,1,4,3
147,14602,体育比赛,1,1,5
148,14603,志愿服务,1,4,9
149,14603,体育比赛,1,4,2
150,14603,艺术活动,1,2,7
151,14603,思政比赛,1,1,7
152,14604,艺术活动,1,3,2
153,14604,思政比赛,1,2,3
154,14604,艺术活动,1,2,3
155,14605,艺术活动,1,3,3
156,14606,艺术活动,1,2,1
157,14606,艺术活动,1,4,2
158,14606,志愿服务,1,4,7
159,14607,志愿服务,1,1,6
160,14607,志愿服务,1,3,3
161,14608,艺术活动,1,4,5
162,14608,体育比赛,1,2,1
163,14608,志愿服务,1,3,7
164,14608,志愿服务,1,1,2
165,14609,思政比赛,1,1,6
166,14609,志愿服务,1,1,7
167,14609,思政比赛,1,2,2
168,14610,志愿服务,1,3,9
169,14610,志愿服务,1,1,3
170,14610,思政比赛,1,1,9
171,14720,体育比赛,1,2,2
172,14611,思政比赛,1,4,9
173,14611,体育比赛,1,1,9
174,14612,体育比赛,1,1,7
175,14613,体育比赛,1,2,5
176,14613,艺术活动,1,2,6
177,14613,艺术活动,1,3,1
178,14614,志愿服务,1,1,7
179,14614,艺术活动,1,4,1
180,14615,志愿服务,1,1,6
181,14615,志愿服务,1,3,9
182,14615,体育比赛,1,3,6
183,14616,体育比赛,1,4,5
184,14616,思政比赛,1,2,4
185,14616,艺术活动,1,2,1
186,14617,志愿服务,1,1,3
187,14617,志愿服务,1,2,5
188,14617,志愿服务,1,1,3
189,14618,体育比赛,1,3,3
190,14618,思政比赛,1,1,2
191,14618,志愿服务,1,1,1
192,14618,艺术活动,1,3,2
193,14619,艺术活动,1,1,1
194,14619,志愿服务,1,1,5
195,14620,体育比赛,1,4,6
196,14620,体育比赛,1,2,9
197,14620,艺术活动,1,3,1
198,14620,思政比赛,1,2,3
199,14621,体育比赛,1,2,4
200,14621,志愿服务,1,4,6
201,14621,志愿服务,1,2,1
202,14621,艺术活动,1,3,9
203,14622,体育比赛,1,1,2
204,14623,艺术活动,1,2,9
205,14623,思政比赛,1,2,8
206,14623,体育比赛,1,2,5
207,14624,思政比赛,1,1,9
208,14624,艺术活动,1,4,5
209,14624,艺术活动,1,1,5
210,14624,体育比赛,1,2,7
211,14625,思政比赛,1,3,9
212,14625,志愿服务,1,4,3
213,14625,志愿服务,1,2,2
214,14626,思政比赛,1,1,9
215,14627,志愿服务,1,4,5
216,14627,思政比赛,1,1,3
217,14627,体育比赛,1,2,6
218,14627,思政比赛,1,4,1
219,14628,志愿服务,1,1,8
220,14628,思政比赛,1,3,9
221,14628,志愿服务,1,4,2
222,14628,艺术活动,1,1,7
223,14629,艺术活动,1,2,9
224,14629,艺术活动,1,1,5
225,14629,志愿服务,1,3,8
226,14629,思政比赛,1,3,1
227,14630,思政比赛,1,4,4
228,14630,志愿服务,1,1,9
229,14630,思政比赛,1,2,4
230,14630,志愿服务,1,3,6
231,14631,艺术活动,1,1,7
232,14631,思政比赛,1,4,2
233,14632,艺术活动,1,1,7
234,14632,体育比赛,1,1,2
235,14632,体育比赛,1,4,9
236,14632,体育比赛,1,2,1
237,14633,志愿服务,1,4,9
238,14633,思政比赛,1,1,9
239,14633,思政比赛,1,1,7
240,14634,志愿服务,1,4,5
241,14634,志愿服务,1,3,8
242,14634,志愿服务,1,3,2
243,14634,艺术活动,1,3,7
244,14635,思政比赛,1,1,1
245,14636,志愿服务,1,4,4
246,14636,志愿服务,1,3,3
247,14638,艺术活动,1,3,8
248,14639,体育比赛,1,2,9
249,14639,思政比赛,1,2,8
250,14639,志愿服务,1,4,3
251,14824,体育比赛,1,2,7
252,14824,思政比赛,1,3,2
253,14640,思政比赛,1,3,7
254,14640,体育比赛,1,4,8
255,14641,艺术活动,1,4,8
256,14641,艺术活动,1,4,4
257,14676,志愿服务,1,1,8
258,14676,志愿服务,1,3,8
259,14676,思政比赛,1,4,5
260,14642,志愿服务,1,2,7
261,14642,艺术活动,1,2,7
262,14643,志愿服务,1,4,1
263,14643,志愿服务,1,1,8
264,14643,艺术活动,1,2,6
265,14644,思政比赛,1,2,7
266,14644,体育比赛,1,1,8
267,14644,志愿服务,1,4,6
268,14645,艺术活动,1,4,7
269,14645,思政比赛,1,1,3
270,14645,体育比赛,1,2,3
271,14646,艺术活动,1,3,6
272,14646,艺术活动,1,4,5
273,14646,体育比赛,1,2,9
274,14646,艺术活动,1,4,2
275,14647,思政比赛,1,3,8
276,14648,体育比赛,1,1,9
277,14648,志愿服务,1,3,8
278,14648,体育比赛,1,3,6
279,14648,志愿服务,1,3,1
280,14649,志愿服务,1,2,4
281,14649,体育比赛,1,3,9
282,14649,体育比赛,1,1,1
283,14650,体育比赛,1,2,2
284,14651,思政比赛,1,1,7
285,14651,艺术活动,1,3,7
286,14652,思政比赛,1,2,6
287,14653,思政比赛,1,4,5
288,14654,志愿服务,1,2,1
289,14654,体育比赛,1,2,5
290,14655,艺术活动,1,3,9
291,14655,思政比赛,1,4,1
292,14655,思政比赛,1,2,6
293,14908,体育比赛,1,4,7
294,14908,思政比赛,1,1,5
295,14908,志愿服务,1,2,6
296,14656,思政比赛,1,4,3
297,14657,志愿服务,1,2,1
298,14657,志愿服务,1,2,8
299,14658,艺术活动,1,3,9
300,14658,志愿服务,1,3,3
301,14658,志愿服务,1,1,3
302,14659,艺术活动,1,3,5
303,14659,思政比赛,1,4,1
304,14660,艺术活动,1,2,9
305,14660,艺术活动,1,1,9
306,14660,体育比赛,1,3,5
307,14660,体育比赛,1,1,8
308,14661,志愿服务,1,4,3
309,14661,志愿服务,1,3,2
310,14662,思政比赛,1,2,5
311,14663,志愿服务,1,2,6
312,14663,思政比赛,1,3,2
313,14664,艺术活动,1,1,1
314,14664,志愿服务,1,4,9
315,14664,志愿服务,1,2,9
316,14664,思政比赛,1,2,8
317,14665,艺术活动,1,4,9
318,14666,艺术活动,1,4,7
319,14666,思政比赛,1,3,5
320,14667,体育比赛,1,3,2
321,14667,志愿服务,1,2,6
322,14667,思政比赛,1,4,1
323,14668,艺术活动,1,3,1
324,14668,思政比赛,1,3,4
325,14669,志愿服务,1,4,9
326,14669,思政比赛,1,4,7
327,14669,艺术活动,1,3,9
328,14670,体育比赛,1,2,1
329,14670,艺术活动,1,3,7
330,14670,志愿服务,1,4,9
331,14670,志愿服务,1,3,4
332,14671,艺术活动,1,3,4
333,14672,思政比赛,1,3,6
334,14672,思政比赛,1,1,3
335,14672,体育比赛,1,2,4
336,14673,志愿服务,1,1,8
337,14674,艺术活动,1,2,2
338,14674,思政比赛,1,2,6
339,14675,思政比赛,1,2,3
340,14675,体育比赛,1,2,7
341,14675,艺术活动,1,1,6
342,14677,志愿服务,1,3,7
343,14677,思政比赛,1,3,9
344,14677,艺术活动,1,4,7
345,14677,体育比赛,1,3,1
346,14678,体育比赛,1,2,8
347,14678,艺术活动,1,2,7
348,14679,思政比赛,1,1,6
349,14679,艺术活动,1,2,7
350,14680,思政比赛,1,1,3
351,14680,体育比赛,1,2,8
352,14680,思政比赛,1,4,4
353,14681,志愿服务,1,1,7
354,14681,志愿服务,1,2,5
355,14682,艺术活动,1,2,6
356,14682,思政比赛,1,1,9
357,14682,思政比赛,1,3,2
358,14682,思政比赛,1,4,4
359,14683,思政比赛,1,3,7
360,14684,艺术活动,1,2,2
361,14684,艺术活动,1,1,1
362,14684,志愿服务,1,3,7
363,14685,艺术活动,1,2,9
364,14685,志愿服务,1,3,7
365,14685,志愿服务,1,2,8
366,14686,艺术活动,1,3,8
367,14687,思政比赛,1,3,4
368,14687,志愿服务,1,1,4
369,14687,志愿服务,1,3,1
370,14688,志愿服务,1,4,2
371,14688,思政比赛,1,3,3
372,14688,思政比赛,1,4,8
373,14688,体育比赛,1,4,3
374,14689,艺术活动,1,2,4
375,14689,志愿服务,1,1,9
376,14690,志愿服务,1,3,2
377,14690,志愿服务,1,1,1
378,14691,志愿服务,1,1,4
379,14691,志愿服务,1,1,6
380,14691,体育比赛,1,1,4
381,14691,体育比赛,1,1,5
382,14692,思政比赛,1,1,6
383,14692,体育比赛,1,2,9
384,14692,艺术活动,1,2,8
385,14693,体育比赛,1,3,8
386,14693,体育比赛,1,2,8
387,14694,志愿服务,1,3,4
388,14694,体育比赛,1,2,6
389,14694,体育比赛,1,4,9
390,14694,艺术活动,1,3,2
391,14695,艺术活动,1,4,5
392,14695,体育比赛,1,1,1
393,14695,体育比赛,1,1,4
394,14695,思政比赛,1,1,5
395,14696,体育比赛,1,3,9
396,14697,艺术活动,1,1,7
397,14697,艺术活动,1,1,4
398,14697,志愿服务,1,3,9
399,14697,思政比赛,1,1,9
400,14698,思政比赛,1,3,6
401,14698,思政比赛,1,1,5
402,14698,思政比赛,1,3,1
403,14699,艺术活动,1,3,2
404,14699,体育比赛,1,3,2
405,14700,志愿服务,1,4,3
406,14701,思政比赛,1,4,3
407,14702,志愿服务,1,3,4
408,14702,志愿服务,1,1,2
409,14702,志愿服务,1,1,8
410,14703,艺术活动,1,4,5
411,14703,体育比赛,1,4,4
412,14703,志愿服务,1,3,6
413,14704,思政比赛,1,4,4
414,14705,思政比赛,1,2,6
415,14706,思政比赛,1,2,2
416,14706,艺术活动,1,1,8
417,14706,艺术活动,1,4,1
418,14707,体育比赛,1,1,5
419,14707,艺术活动,1,1,4
420,14707,思政比赛,1,1,4
421,14708,艺术活动,1,3,9
422,14709,艺术活动,1,3,4
423,14871,体育比赛,1,2,6
424,14871,思政比赛,1,3,7
425,14710,思政比赛,1,3,3
426,14710,艺术活动,1,2,9
427,14711,思政比赛,1,3,1
428,14711,志愿服务,1,4,7
429,14712,艺术活动,1,3,7
430,14713,志愿服务,1,1,1
431,14713,艺术活动,1,1,3
432,14714,思政比赛,1,3,1
433,14714,艺术活动,1,4,9
434,14714,思政比赛,1,3,6
435,14715,志愿服务,1,3,2
436,14715,艺术活动,1,2,1
437,14715,思政比赛,1,4,4
438,14715,思政比赛,1,3,8
439,14716,体育比赛,1,1,5
440,14716,艺术活动,1,4,2
441,14717,艺术活动,1,4,6
442,14717,体育比赛,1,1,5
443,14718,思政比赛,1,2,3
444,14719,志愿服务,1,1,3
445,14721,思政比赛,1,3,6
446,14722,体育比赛,1,2,8
447,14722,体育比赛,1,2,7
448,14723,体育比赛,1,4,9
449,14723,体育比赛,1,4,8
450,14724,艺术活动,1,1,3
451,14725,艺术活动,1,2,6
452,14725,思政比赛,1,2,1
453,14725,艺术活动,1,2,1
454,14726,志愿服务,1,3,5
455,14727,体育比赛,1,2,1
456,14728,思政比赛,1,2,8
457,14728,艺术活动,1,4,5
458,14728,艺术活动,1,2,1
459,14728,志愿服务,1,3,7
460,14729,体育比赛,1,4,2
461,14729,志愿服务,1,4,8
462,14729,思政比赛,1,3,6
463,14729,体育比赛,1,1,6
464,14730,体育比赛,1,3,2
465,14730,艺术活动,1,3,4
466,14731,志愿服务,1,1,6
467,14731,艺术活动,1,2,6
468,14732,艺术活动,1,4,8
469,14732,体育比赛,1,4,8
470,14732,艺术活动,1,1,8
471,14733,体育比赛,1,1,9
472,14734,艺术活动,1,1,1
473,14735,思政比赛,1,3,3
474,14735,艺术活动,1,3,3
475,14736,思政比赛,1,1,4
476,14736,志愿服务,1,2,3
477,14736,体育比赛,1,1,5
478,14737,志愿服务,1,4,7
479,14737,艺术活动,1,2,4
480,14738,艺术活动,1,3,3
481,14738,艺术活动,1,4,2
482,14738,体育比赛,1,2,1
483,14738,艺术活动,1,3,4
484,14739,体育比赛,1,4,9
485,14739,志愿服务,1,2,2
486,14739,志愿服务,1,3,9
487,14740,艺术活动,1,4,5
488,14740,思政比赛,1,3,8
489,14740,志愿服务,1,3,9
490,14740,志愿服务,1,1,4
491,14741,志愿服务,1,2,1
492,14741,体育比赛,1,2,1
493,14741,艺术活动,1,4,4
494,14741,艺术活动,1,2,9
495,14742,体育比赛,1,2,8
496,14742,艺术活动,1,1,6
497,14742,体育比赛,1,3,8
498,14742,志愿服务,1,1,8
499,14743,志愿服务,1,3,5
500,14743,艺术活动,1,1,9
501,14743,体育比赛,1,1,6
502,14743,志愿服务,1,2,2
503,14744,艺术活动,1,2,6
504,14745,体育比赛,1,3,8
505,14745,艺术活动,1,4,7
506,14746,思政比赛,1,2,2
507,14746,志愿服务,1,4,9
508,14746,思政比赛,1,2,1
509,14747,思政比赛,1,3,5
510,14747,艺术活动,1,1,2
511,14747,体育比赛,1,4,1
512,14747,志愿服务,1,3,4
513,14748,志愿服务,1,2,3
514,14748,志愿服务,1,3,3
515,14749,志愿服务,1,3,4
516,14749,艺术活动,1,4,5
517,14750,体育比赛,1,2,4
518,14751,志愿服务,1,1,9
519,14752,思政比赛,1,2,4
520,14752,志愿服务,1,1,3
521,14752,思政比赛,1,2,6
522,14752,艺术活动,1,4,4
523,14753,志愿服务,1,4,7
524,14753,志愿服务,1,2,2
525,14754,体育比赛,1,3,9
526,14755,体育比赛,1,2,8
527,14755,志愿服务,1,4,8
528,14755,艺术活动,1,3,1
529,14756,体育比赛,1,2,3
530,14757,艺术活动,1,3,6
531,14758,体育比赛,1,3,6
532,14759,志愿服务,1,3,6
533,14759,体育比赛,1,4,3
534,14759,志愿服务,1,1,9
535,14759,志愿服务,1,3,9
536,14760,体育比赛,1,2,2
537,14760,志愿服务,1,2,8
538,14922,志愿服务,1,2,7
539,14922,思政比赛,1,4,1
540,14922,体育比赛,1,4,5
541,14761,志愿服务,1,3,4
542,14761,艺术活动,1,2,4
543,14761,艺术活动,1,4,6
544,14762,艺术活动,1,3,6
545,14762,艺术活动,1,2,5
546,14763,思政比赛,1,3,9
547,14763,艺术活动,1,4,2
548,14764,志愿服务,1,1,5
549,14764,志愿服务,1,3,4
550,14764,艺术活动,1,2,8
551,14765,志愿服务,1,1,8
552,14765,思政比赛,1,1,2
553,14765,体育比赛,1,2,4
554,14765,思政比赛,1,1,8
555,14766,艺术活动,1,4,1
556,14767,志愿服务,1,4,9
557,14767,志愿服务,1,1,7
558,14767,志愿服务,1,4,5
559,14768,体育比赛,1,1,5
560,14768,体育比赛,1,2,5
561,14768,志愿服务,1,4,6
562,14769,体育比赛,1,1,6
563,14770,思政比赛,1,1,4
564,14770,思政比赛,1,4,5
565,14770,思政比赛,1,2,6
566,14771,志愿服务,1,3,8
567,14771,体育比赛,1,2,9
568,14771,体育比赛,1,2,6
569,14772,体育比赛,1,4,9
570,14772,艺术活动,1,3,8
571,14773,体育比赛,1,3,8
572,14773,体育比赛,1,1,8
573,14773,体育比赛,1,1,4
574,14773,体育比赛,1,1,9
575,14774,体育比赛,1,4,2
576,14774,体育比赛,1,3,6
577,14774,艺术活动,1,1,6
578,14774,思政比赛,1,2,7
579,14775,艺术活动,1,4,3
580,14775,艺术活动,1,3,2
581,14775,思政比赛,1,4,6
582,14775,志愿服务,1,1,5
583,14776,思政比赛,1,4,5
584,14776,体育比赛,1,3,9
585,14776,艺术活动,1,4,7
586,14776,体育比赛,1,4,2
587,14777,体育比赛,1,4,4
588,14777,志愿服务,1,1,1
589,14777,思政比赛,1,3,7
590,14777,思政比赛,1,1,6
591,14778,思政比赛,1,1,4
592,14778,思政比赛,1,4,2
593,14779,体育比赛,1,3,2
594,14779,体育比赛,1,2,4
595,14779,艺术活动,1,2,7
596,14780,志愿服务,1,3,9
597,14781,思政比赛,1,2,1
598,14781,思政比赛,1,3,8
599,14781,志愿服务,1,3,5
600,14781,艺术活动,1,4,4
601,14782,艺术活动,1,1,5
602,14782,思政比赛,1,2,1
603,14782,志愿服务,1,3,5
604,14782,体育比赛,1,2,1
605,14783,志愿服务,1,1,5
606,14784,志愿服务,1,3,9
607,14784,志愿服务,1,3,5
608,14785,思政比赛,1,3,4
609,14785,艺术活动,1,4,8
610,14785,思政比赛,1,3,9
611,14786,体育比赛,1,3,4
612,14786,思政比赛,1,4,5
613,14787,志愿服务,1,2,2
614,14788,体育比赛,1,3,6
615,14788,志愿服务,1,4,8
616,14788,志愿服务,1,4,1
617,14788,志愿服务,1,1,8
618,14789,艺术活动,1,1,6
619,14789,艺术活动,1,2,7
620,14789,艺术活动,1,4,7
621,14790,艺术活动,1,2,1
622,14790,志愿服务,1,4,9
623,14791,思政比赛,1,2,4
624,14791,体育比赛,1,4,3
625,14792,志愿服务,1,3,3
626,14792,志愿服务,1,1,5
627,14793,志愿服务,1,3,4
628,14793,志愿服务,1,3,7
629,14793,艺术活动,1,4,2
630,14794,体育比赛,1,3,2
631,14795,思政比赛,1,1,6
632,14795,志愿服务,1,2,8
633,14795,体育比赛,1,2,9
634,14796,艺术活动,1,1,4
635,14797,志愿服务,1,2,5
636,14798,思政比赛,1,4,3
637,14798,思政比赛,1,3,9
638,14799,艺术活动,1,3,3
639,14799,艺术活动,1,4,4
640,14856,思政比赛,1,4,1
641,14856,思政比赛,1,4,6
642,14800,艺术活动,1,4,4
643,14800,艺术活动,1,4,9
644,14800,志愿服务,1,3,1
645,14800,艺术活动,1,1,7
646,14801,艺术活动,1,3,8
647,14801,艺术活动,1,3,7
648,14802,体育比赛,1,1,3
649,14802,志愿服务,1,2,6
650,14803,艺术活动,1,4,8
651,14803,思政比赛,1,1,3
652,14803,志愿服务,1,1,3
653,14803,思政比赛,1,1,8
654,14804,志愿服务,1,4,8
655,14804,志愿服务,1,4,1
656,14805,艺术活动,1,4,1
657,14806,志愿服务,1,1,8
658,14806,志愿服务,1,1,9
659,14806,艺术活动,1,4,1
660,14807,思政比赛,1,2,2
661,14807,志愿服务,1,4,6
662,14807,体育比赛,1,1,3
663,14808,志愿服务,1,4,7
664,14809,体育比赛,1,3,4
665,14809,志愿服务,1,1,6
666,14809,志愿服务,1,4,8
667,14809,体育比赛,1,4,9
668,14810,艺术活动,1,4,4
669,14810,艺术活动,1,1,2
670,14810,体育比赛,1,1,3
671,14811,艺术活动,1,2,7
672,14811,体育比赛,1,2,9
673,14812,思政比赛,1,1,6
674,14812,志愿服务,1,2,2
675,14812,志愿服务,1,2,4
676,14813,思政比赛,1,3,3
677,14814,体育比赛,1,3,6
678,14815,思政比赛,1,1,5
679,14815,体育比赛,1,3,6
680,14815,思政比赛,1,4,4
681,14816,体育比赛,1,3,9
682,14816,艺术活动,1,2,1
683,14816,艺术活动,1,3,2
684,14817,体育比赛,1,3,6
685,14817,艺术活动,1,4,7
686,14876,艺术活动,1,1,2
687,14876,志愿服务,1,4,7
688,14876,思政比赛,1,4,4
689,14876,思政比赛,1,1,9
690,14818,志愿服务,1,2,7
691,14818,志愿服务,1,4,7
692,14819,志愿服务,1,1,6
693,14819,志愿服务,1,3,7
694,14820,志愿服务,1,2,3
695,14820,艺术活动,1,4,1
696,14821,体育比赛,1,3,6
697,14822,志愿服务,1,3,8
698,14822,艺术活动,1,4,3
699,14822,志愿服务,1,4,5
700,14823,志愿服务,1,2,2
701,14823,艺术活动,1,1,7
702,14825,体育比赛,1,3,4
703,14826,志愿服务,1,2,9
704,14826,体育比赛,1,3,1
705,14827,艺术活动,1,4,2
706,14827,志愿服务,1,4,5
707,14827,体育比赛,1,4,9
708,14827,思政比赛,1,3,5
709,14828,志愿服务,1,4,6
710,14828,思政比赛,1,2,6
711,14828,志愿服务,1,3,6
712,14829,艺术活动,1,4,3
713,14829,体育比赛,1,4,1
714,14829,思政比赛,1,2,3
715,14830,艺术活动,1,2,6
716,14831,体育比赛,1,4,8
717,14832,艺术活动,1,2,2
718,14832,思政比赛,1,4,3
719,14832,志愿服务,1,3,7
720,14832,志愿服务,1,3,2
721,14833,体育比赛,1,1,5
722,14834,志愿服务,1,4,8
723,14834,艺术活动,1,1,1
724,14835,艺术活动,1,2,1
725,14836,思政比赛,1,1,9
726,14836,艺术活动,1,3,5
727,14836,艺术活动,1,4,6
728,14836,艺术活动,1,4,7
729,14837,思政比赛,1,2,7
730,14838,艺术活动,1,4,1
731,14839,志愿服务,1,2,5
732,14839,艺术活动,1,3,6
733,14840,艺术活动,1,3,3
734,14840,艺术活动,1,1,5
735,14840,思政比赛,1,4,9
736,14840,思政比赛,1,3,6
737,14841,艺术活动,1,1,1
738,14842,体育比赛,1,1,9
739,14842,体育比赛,1,1,9
740,14842,志愿服务,1,2,1
741,14842,志愿服务,1,1,2
742,14843,志愿服务,1,4,4
743,14843,体育比赛,1,2,6
744,14843,思政比赛,1,1,4
745,14843,艺术活动,1,2,7
746,14844,体育比赛,1,4,8
747,14844,思政比赛,1,1,7
748,14844,思政比赛,1,1,2
749,14844,思政比赛,1,1,1
750,14845,体育比赛,1,3,2
751,14845,思政比赛,1,4,8
752,14846,艺术活动,1,1,9
753,14847,体育比赛,1,2,8
754,14847,志愿服务,1,4,6
755,14847,艺术活动,1,2,3
756,14847,志愿服务,1,3,7
757,14848,体育比赛,1,2,2
758,14848,艺术活动,1,2,4
759,14849,思政比赛,1,2,4
760,14850,体育比赛,1,1,3
761,14850,志愿服务,1,3,6
762,14850,体育比赛,1,2,4
763,14850,志愿服务,1,1,6
764,14851,思政比赛,1,3,9
765,14852,思政比赛,1,4,2
766,14852,思政比赛,1,1,2
767,14852,思政比赛,1,3,6
768,14853,志愿服务,1,4,5
769,14854,艺术活动,1,4,6
770,14855,艺术活动,1,1,5
771,14855,志愿服务,1,3,3
772,14855,志愿服务,1,3,9
773,14855,体育比赛,1,4,8
774,14857,思政比赛,1,4,4
775,14857,体育比赛,1,4,7
776,14857,志愿服务,1,4,8
777,14857,体育比赛,1,2,5
778,14858,体育比赛,1,3,4
779,14859,思政比赛,1,3,5
780,14860,体育比赛,1,3,4
781,14860,志愿服务,1,1,6
782,14860,体育比赛,1,4,5
783,14860,志愿服务,1,3,8
784,14921,志愿服务,1,1,7
785,14921,志愿服务,1,3,3
786,14861,艺术活动,1,1,5
787,14861,志愿服务,1,3,7
788,14861,思政比赛,1,1,9
789,14862,体育比赛,1,3,6
790,14882,思政比赛,1,3,5
791,14863,体育比赛,1,2,3
792,14863,思政比赛,1,2,4
793,14863,志愿服务,1,2,3
794,14864,体育比赛,1,4,2
795,14865,思政比赛,1,1,6
796,14865,艺术活动,1,4,8
797,14865,体育比赛,1,1,8
798,14866,体育比赛,1,3,3
799,14866,体育比赛,1,1,3
800,14867,艺术活动,1,2,6
801,14867,体育比赛,1,2,9
802,14868,艺术活动,1,3,9
803,14868,体育比赛,1,1,4
804,14869,思政比赛,1,4,2
805,14869,思政比赛,1,1,8
806,14869,体育比赛,1,1,9
807,14869,体育比赛,1,1,1
808,14870,艺术活动,1,2,3
809,14870,志愿服务,1,4,1
810,14872,艺术活动,1,3,5
811,14873,艺术活动,1,2,2
812,14873,思政比赛,1,4,8
813,14873,志愿服务,1,2,8
814,14874,艺术活动,1,3,1
815,14874,体育比赛,1,1,2
816,14874,思政比赛,1,2,1
817,14875,思政比赛,1,2,6
818,14875,艺术活动,1,2,6
819,14875,艺术活动,1,1,6
820,14875,思政比赛,1,3,1
821,14877,思政比赛,1,1,5
822,14877,体育比赛,1,2,2
823,14877,艺术活动,1,4,8
824,14877,艺术活动,1,2,4
825,14878,志愿服务,1,1,6
826,14878,思政比赛,1,1,7
827,14879,思政比赛,1,1,2
828,14879,志愿服务,1,2,5
829,14880,思政比赛,1,4,7
830,14881,艺术活动,1,4,9
831,14881,艺术活动,1,4,8
832,14881,思政比赛,1,1,8
833,14881,体育比赛,1,1,8
834,14883,体育比赛,1,1,8
835,14883,志愿服务,1,4,1
836,14883,体育比赛,1,4,5
837,14896,体育比赛,1,3,5
838,14896,艺术活动,1,2,5
839,14897,思政比赛,1,2,3
840,14897,思政比赛,1,1,8
841,14897,体育比赛,1,4,8
842,14897,思政比赛,1,3,8
843,14898,思政比赛,1,2,1
844,14898,思政比赛,1,1,5
845,14898,艺术活动,1,2,3
846,14899,艺术活动,1,3,9
847,14899,艺术活动,1,4,1
848,14899,体育比赛,1,1,7
849,14899,艺术活动,1,3,7
850,14900,思政比赛,1,2,9
851,14901,思政比赛,1,3,4
852,14902,志愿服务,1,2,1
853,14902,志愿服务,1,4,5
854,14902,艺术活动,1,1,2
855,14903,艺术活动,1,1,6
856,14903,体育比赛,1,2,6
857,14903,体育比赛,1,2,5
858,14904,艺术活动,1,4,4
859,14904,体育比赛,1,2,6
860,14904,体育比赛,1,2,9
861,14905,体育比赛,1,3,9
862,14905,艺术活动,1,3,4
863,14905,思政比赛,1,4,1
864,14905,志愿服务,1,3,6
865,14906,思政比赛,1,2,8
866,14906,艺术活动,1,4,3
867,14907,体育比赛,1,1,7
868,14907,志愿服务,1,2,3
869,14909,志愿服务,1,1,2
870,14909,体育比赛,1,1,8
871,14909,志愿服务,1,2,2
872,14910,思政比赛,1,2,7
873,14910,艺术活动,1,1,1
874,14912,艺术活动,1,1,7
875,14912,志愿服务,1,3,6
876,14912,艺术活动,1,2,1
877,14912,志愿服务,1,1,1
878,14913,思政比赛,1,3,2
879,14913,体育比赛,1,4,8
880,14913,思政比赛,1,1,3
881,14914,思政比赛,1,3,9
882,14914,艺术活动,1,2,6
883,14914,思政比赛,1,3,6
884,14914,体育比赛,1,4,4
885,14915,艺术活动,1,4,9
886,14915,志愿服务,1,1,2
887,14915,志愿服务,1,4,9
888,14915,体育比赛,1,3,8
889,14916,体育比赛,1,3,2
890,14916,体育比赛,1,3,4
891,14916,思政比赛,1,4,3
892,14917,艺术活动,1,3,3
893,14918,体育比赛,1,3,8
894,14919,艺术活动,1,4,2
895,14919,艺术活动,1,2,5
896,14919,志愿服务,1,1,5
897,14919,体育比赛,1,2,2
898,14920,体育比赛,1,4,4
899,14923,艺术活动,1,3,5
900,14923,艺术活动,1,2,9
901,14923,思政比赛,1,2,6
902,14924,思政比赛,1,4,7
903,14924,志愿服务,1,2,8
904,14924,体育比赛,1,3,2
905,14924,艺术活动,1,1,2
906,14925,志愿服务,1,4,7
907,14926,思政比赛,1,2,5
908,14926,思政比赛,1,3,1
909,14926,思政比赛,1,1,7
910,14927,思政比赛,1,1,2
911,14928,艺术活动,1,4,9
912,14928,艺术活动,1,4,2
913,14928,艺术活动,1,4,8
914,14928,志愿服务,1,3,2
915,14929,志愿服务,1,3,8
916,14929,艺术活动,1,1,4
917,14930,思政比赛,1,4,7
918,14930,思政比赛,1,3,1
919,14931,思政比赛,1,4,7
920,14932,艺术活动,1,2,2
921,14932,体育比赛,1,3,9
922,14933,志愿服务,1,4,7
923,14933,志愿服务,1,1,2
924,14933,体育比赛,1,1,7
925,14933,艺术活动,1,4,5
926,14934,思政比赛,1,2,2
927,14935,思政比赛,1,3,8
928,14935,艺术活动,1,3,1
929,14935,体育比赛,1,4,5
930,14935,思政比赛,1,2,9
931,14936,思政比赛,1,1,3
932,14936,艺术活动,1,2,8
933,14937,体育比赛,1,4,5
934,14937,思政比赛,1,2,6
935,14937,体育比赛,1,2,1
936,14937,思政比赛,1,4,3
937,14938,思政比赛,1,3,3
938,14939,志愿服务,1,1,3
939,14939,思政比赛,1,4,3
940,14939,体育比赛,1,2,6
941,14939,艺术活动,1,1,5
942,14940,志愿服务,1,4,5
943,14940,思政比赛,1,2,8
944,14941,思政比赛,1,2,1
945,14942,体育比赛,1,3,7
946,14942,志愿服务,1,2,6
947,14943,艺术活动,1,2,1
948,14969,艺术活动,1,3,8
949,14455,艺术活动,1,2,2
950,14455,艺术活动,1,1,2
951,14455,艺术活动,1,1,2
952,14455,志愿服务,1,1,3
953,14480,体育比赛,1,2,9
954,14480,体育比赛,1,2,6
955,14480,思政比赛,1,4,6
956,14480,思政比赛,1,2,9
957,15483,思政比赛,1,2,9
958,15483,志愿服务,1,4,3
959,15991,体育比赛,1,4,7
960,15991,体育比赛,1,4,8
961,15991,体育比赛,1,1,5
962,15991,志愿服务,1,2,3
963,15504,志愿服务,1,1,3
964,15504,思政比赛,1,1,6
965,15504,体育比赛,1,2,6
966,15504,艺术活动,1,1,3
967,15925,志愿服务,1,3,9
968,15508,思政比赛,1,2,4
969,15508,思政比赛,1,2,8
970,15508,志愿服务,1,2,1
971,15508,志愿服务,1,2,2
972,15995,志愿服务,1,4,7
973,15995,体育比赛,1,2,1
974,15512,体育比赛,1,1,3
975,15512,思政比赛,1,4,9
976,15512,志愿服务,1,3,8
977,15999,体育比赛,1,1,2
978,13012,艺术活动,1,1,3
979,13012,体育比赛,1,4,4
980,13012,志愿服务,1,3,7
981,13012,体育比赛,1,3,7
982,13599,艺术活动,1,1,6
983,13599,思政比赛,1,2,7
984,13685,艺术活动,1,3,6
985,13685,艺术活动,1,2,1
986,14488,艺术活动,1,4,9
987,13564,志愿服务,1,2,1
988,13564,志愿服务,1,4,9
989,14489,志愿服务,1,4,2
990,14489,体育比赛,1,3,6
991,14379,志愿服务,1,1,3
992,14379,思政比赛,1,1,7
993,13947,思政比赛,1,3,1
994,13947,志愿服务,1,3,8
995,13947,艺术活动,1,2,6
996,13947,艺术活动,1,1,2
997,13948,艺术活动,1,3,1
998,13948,艺术活动,1,1,6
999,13949,思政比赛,1,1,8
1000,13949,体育比赛,1,2,7
1001,13950,思政比赛,1,2,4
1002,13950,艺术活动,1,4,6
1003,13950,艺术活动,1,1,6
1004,13951,思政比赛,1,4,1
1005,13951,艺术活动,1,3,9
1006,13951,思政比赛,1,4,5
1007,13952,体育比赛,1,1,1
1008,13953,思政比赛,1,1,7
1009,13954,体育比赛,1,4,1
1010,13954,艺术活动,1,4,3
1011,13955,志愿服务,1,1,8
1012,13955,思政比赛,1,1,1
1013,13956,艺术活动,1,3,7
1014,13957,志愿服务,1,1,1
1015,13957,体育比赛,1,3,2
1016,13958,思政比赛,1,2,4
1017,13958,志愿服务,1,2,1
1018,13958,艺术活动,1,3,7
1019,13958,艺术活动,1,4,1
1020,13959,体育比赛,1,3,2
1021,13959,体育比赛,1,4,4
1022,13959,思政比赛,1,1,9
1023,13959,艺术活动,1,2,9
1024,13960,艺术活动,1,4,5
1025,13961,志愿服务,1,3,4
1026,13961,艺术活动,1,3,6
1027,13961,艺术活动,1,2,9
1028,13961,志愿服务,1,3,9
1029,13962,志愿服务,1,1,7
1030,13962,思政比赛,1,4,7
1031,14548,艺术活动,1,2,5
1032,13963,艺术活动,1,2,3
1033,13963,体育比赛,1,2,7
1034,13963,艺术活动,1,1,1
1035,13963,艺术活动,1,2,9
1036,13964,志愿服务,1,4,3
1037,13965,志愿服务,1,1,2
1038,13966,思政比赛,1,4,9
1039,13966,思政比赛,1,1,3
1040,13966,体育比赛,1,2,5
1041,13966,艺术活动,1,4,8
1042,13967,体育比赛,1,1,2
1043,13967,艺术活动,1,2,6
1044,13967,志愿服务,1,3,7
1045,13967,艺术活动,1,2,8
1046,13968,体育比赛,1,3,5
1047,13969,思政比赛,1,3,6
1048,13970,艺术活动,1,3,7
1049,13970,思政比赛,1,2,9
1050,13970,艺术活动,1,2,1
1051,13971,体育比赛,1,4,6
1052,13971,艺术活动,1,4,4
1053,13971,艺术活动,1,1,3
1054,13971,体育比赛,1,4,5
1055,13972,思政比赛,1,2,7
1056,13973,艺术活动,1,4,1
1057,13973,体育比赛,1,4,4
1058,13973,志愿服务,1,2,7
1059,13974,艺术活动,1,1,1
1060,13974,艺术活动,1,3,7
1061,13974,艺术活动,1,1,6
1062,13974,志愿服务,1,2,1
1063,13975,体育比赛,1,3,6
1064,13975,体育比赛,1,2,7
1065,13975,艺术活动,1,1,4
1066,13975,志愿服务,1,4,5
1067,13976,艺术活动,1,3,7
1068,13977,体育比赛,1,4,2
1069,13977,思政比赛,1,1,9
1070,13978,思政比赛,1,1,3
1071,13979,志愿服务,1,1,5
1072,13979,艺术活动,1,2,7
1073,13979,艺术活动,1,2,3
1074,13980,体育比赛,1,2,9
1075,13980,体育比赛,1,4,6
1076,13980,体育比赛,1,4,9
1077,13981,体育比赛,1,1,8
1078,13981,思政比赛,1,3,9
1079,13981,体育比赛,1,3,3
1080,13981,思政比赛,1,3,8
1081,13982,体育比赛,1,3,7
1082,13983,体育比赛,1,1,4
1083,13983,体育比赛,1,4,1
1084,13984,艺术活动,1,3,3
1085,13984,思政比赛,1,2,2
1086,13984,体育比赛,1,2,7
1087,13985,志愿服务,1,2,9
1088,13985,体育比赛,1,2,9
1089,13985,思政比赛,1,2,7
1090,13986,体育比赛,1,4,2
1091,13986,艺术活动,1,3,7
1092,13987,艺术活动,1,2,6
1093,13988,志愿服务,1,3,8
1094,13988,思政比赛,1,1,8
1095,13989,志愿服务,1,1,5
1096,13989,体育比赛,1,3,2
1097,13989,艺术活动,1,1,5
1098,13989,思政比赛,1,4,6
1099,13990,体育比赛,1,4,2
1100,13991,体育比赛,1,1,3
1101,13992,志愿服务,1,2,6
1102,13992,思政比赛,1,2,8
1103,13992,艺术活动,1,3,2
1104,13993,思政比赛,1,3,9
1105,13993,思政比赛,1,1,4
1106,13993,志愿服务,1,2,4
1107,13993,艺术活动,1,2,9
1108,13994,思政比赛,1,4,3
1109,13995,思政比赛,1,4,8
1110,13995,思政比赛,1,2,7
1111,13995,志愿服务,1,4,4
1112,13996,思政比赛,1,2,9
1113,13996,体育比赛,1,4,4
1114,13997,志愿服务,1,1,8
1115,13997,体育比赛,1,1,3
1116,13997,体育比赛,1,2,1
1117,13998,志愿服务,1,4,8
1118,13998,思政比赛,1,3,5
1119,13998,体育比赛,1,3,5
1120,13998,艺术活动,1,2,9
1121,13999,体育比赛,1,2,1
1122,14000,思政比赛,1,2,8
1123,14000,艺术活动,1,2,7
1124,14000,志愿服务,1,3,2
1125,14000,思政比赛,1,3,7
1126,14001,艺术活动,1,1,3
1127,14001,志愿服务,1,4,5
1128,14001,艺术活动,1,1,7
1129,14002,志愿服务,1,4,3
1130,14002,思政比赛,1,1,6
1131,14002,体育比赛,1,4,3
1132,14002,志愿服务,1,3,3
1133,14003,体育比赛,1,2,3
1134,14004,志愿服务,1,2,3
1135,14004,志愿服务,1,4,4
1136,14004,体育比赛,1,4,4
1137,14004,体育比赛,1,2,6
1138,14005,体育比赛,1,4,5
1139,14005,思政比赛,1,4,3
1140,14005,思政比赛,1,1,9
1141,14006,艺术活动,1,2,9
1142,14006,体育比赛,1,2,4
1143,14007,艺术活动,1,1,5
1144,14007,志愿服务,1,2,6
1145,14008,艺术活动,1,2,4
1146,14008,艺术活动,1,1,2
1147,14008,思政比赛,1,4,4
1148,14008,思政比赛,1,3,1
1149,14009,志愿服务,1,1,3
1150,14010,艺术活动,1,2,9
1151,14010,思政比赛,1,2,6
1152,14010,志愿服务,1,2,6
1153,14011,思政比赛,1,1,7
1154,14011,艺术活动,1,1,1
1155,14011,思政比赛,1,1,7
1156,14012,艺术活动,1,1,4
1157,14013,体育比赛,1,4,9
1158,14014,思政比赛,1,4,1
1159,14015,志愿服务,1,4,5
1160,14015,体育比赛,1,2,3
1161,14015,志愿服务,1,2,4
1162,16000,艺术活动,1,4,9
1163,14016,思政比赛,1,3,4
1164,14016,体育比赛,1,2,6
1165,14016,艺术活动,1,3,2
1166,14016,艺术活动,1,2,5
1167,14017,思政比赛,1,4,7
1168,14017,志愿服务,1,4,5
1169,14017,体育比赛,1,1,2
1170,14018,思政比赛,1,3,6
1171,14018,艺术活动,1,4,9
1172,14018,志愿服务,1,3,1
1173,14018,艺术活动,1,3,6
1174,14019,体育比赛,1,3,3
1175,14019,思政比赛,1,2,8
1176,14020,体育比赛,1,4,9
1177,14020,艺术活动,1,1,3
1178,14020,艺术活动,1,4,7
1179,14020,体育比赛,1,2,1
1180,14021,艺术活动,1,4,2
1181,14022,体育比赛,1,4,5
1182,14022,艺术活动,1,4,1
1183,14023,思政比赛,1,1,8
1184,14023,艺术活动,1,1,6
1185,14023,思政比赛,1,2,6
1186,14024,志愿服务,1,1,5
1187,14024,艺术活动,1,4,8
1188,14024,思政比赛,1,4,5
1189,14025,志愿服务,1,4,2
1190,14025,体育比赛,1,2,9
1191,14026,艺术活动,1,2,1
1192,14026,艺术活动,1,2,2
1193,14026,体育比赛,1,3,7
1194,14026,志愿服务,1,4,8
1195,14027,体育比赛,1,4,1
1196,14027,思政比赛,1,1,8
1197,14027,体育比赛,1,2,6
1198,14028,思政比赛,1,1,6
1199,14028,体育比赛,1,1,5
1200,14029,思政比赛,1,1,7
1201,14029,志愿服务,1,2,5
1202,14029,艺术活动,1,3,8
1203,14029,艺术活动,1,4,1
1204,14030,体育比赛,1,3,5
1205,14030,艺术活动,1,4,7
1206,14030,体育比赛,1,2,5
1207,14067,思政比赛,1,3,9
1208,14067,志愿服务,1,2,3
1209,14067,艺术活动,1,2,6
1210,14031,体育比赛,1,1,1
1211,14031,体育比赛,1,4,6
1212,14032,体育比赛,1,1,7
1213,14033,志愿服务,1,1,8
1214,14034,体育比赛,1,1,4
1215,14035,艺术活动,1,2,3
1216,14035,体育比赛,1,3,5
1217,14036,思政比赛,1,3,9
1218,14036,志愿服务,1,2,7
1219,14036,体育比赛,1,3,1
1220,14036,体育比赛,1,4,3
1221,14037,思政比赛,1,2,1
1222,14038,志愿服务,1,1,6
1223,14038,志愿服务,1,1,2
1224,14039,体育比赛,1,1,3
1225,14039,志愿服务,1,1,3
1226,14040,志愿服务,1,1,6
1227,14040,志愿服务,1,4,9
1228,14041,思政比赛,1,2,1
1229,14042,思政比赛,1,1,4
1230,14043,体育比赛,1,1,7
1231,14043,思政比赛,1,1,2
1232,14044,志愿服务,1,2,4
1233,14044,志愿服务,1,4,6
1234,14044,思政比赛,1,2,1
1235,14045,体育比赛,1,2,1
1236,14045,志愿服务,1,4,5
1237,14045,艺术活动,1,3,3
1238,14046,艺术活动,1,1,1
1239,14046,体育比赛,1,2,7
1240,14046,艺术活动,1,4,3
1241,14046,艺术活动,1,1,8
1242,14047,艺术活动,1,1,3
1243,14047,思政比赛,1,1,1
1244,14047,艺术活动,1,3,4
1245,14048,思政比赛,1,2,3
1246,14048,艺术活动,1,1,4
1247,14048,体育比赛,1,2,5
1248,14048,思政比赛,1,3,5
1249,14049,艺术活动,1,2,2
1250,14049,艺术活动,1,2,3
1251,14049,体育比赛,1,3,7
1252,14049,思政比赛,1,2,5
1253,14050,艺术活动,1,1,3
1254,14050,思政比赛,1,1,9
1255,14051,艺术活动,1,4,3
1256,14052,思政比赛,1,4,9
1257,14052,体育比赛,1,1,6
1258,14053,艺术活动,1,2,6
1259,14053,艺术活动,1,3,6
1260,14053,思政比赛,1,2,3
1261,14054,志愿服务,1,1,2
1262,14054,体育比赛,1,2,5
1263,14054,艺术活动,1,3,3
1264,14054,体育比赛,1,4,4
1265,14055,艺术活动,1,3,6
1266,14055,思政比赛,1,3,5
1267,14056,体育比赛,1,1,7
1268,14057,艺术活动,1,3,8
1269,14057,体育比赛,1,4,6
1270,14057,思政比赛,1,3,1
1271,14057,志愿服务,1,2,2
1272,14058,志愿服务,1,4,4
1273,14058,艺术活动,1,4,1
1274,14059,体育比赛,1,4,6
1275,14059,志愿服务,1,1,6
1276,14059,思政比赛,1,1,1
1277,14060,体育比赛,1,2,3
1278,14060,志愿服务,1,2,2
1279,14060,艺术活动,1,4,7
1280,14060,志愿服务,1,3,2
1281,14061,志愿服务,1,2,5
1282,14061,志愿服务,1,1,7
1283,14062,志愿服务,1,3,3
1284,14062,志愿服务,1,3,8
1285,14063,艺术活动,1,1,2
1286,14063,艺术活动,1,3,9
1287,14064,体育比赛,1,1,8
1288,14065,志愿服务,1,3,6
1289,14066,思政比赛,1,2,3
1290,14068,思政比赛,1,4,3
1291,14068,艺术活动,1,2,3
1292,14068,思政比赛,1,2,4
1293,14068,志愿服务,1,2,4
1294,14069,志愿服务,1,3,8
1295,14070,思政比赛,1,2,7
1296,14070,思政比赛,1,4,6
1297,14071,艺术活动,1,1,2
1298,14071,艺术活动,1,1,7
1299,14071,思政比赛,1,1,9
1300,14072,体育比赛,1,3,2
1301,14072,艺术活动,1,4,2
1302,14073,思政比赛,1,4,3
1303,14073,思政比赛,1,3,2
1304,14073,志愿服务,1,4,1
1305,14073,艺术活动,1,4,8
1306,14074,志愿服务,1,3,7
1307,14074,艺术活动,1,2,8
1308,14075,志愿服务,1,1,3
1309,14075,思政比赛,1,4,8
1310,14076,艺术活动,1,2,7
1311,14077,志愿服务,1,4,2
1312,14078,思政比赛,1,1,8
1313,14078,艺术活动,1,4,1
1314,14079,体育比赛,1,1,9
1315,14079,艺术活动,1,1,4
1316,14080,志愿服务,1,4,9
1317,14080,体育比赛,1,4,2
1318,14080,体育比赛,1,3,7
1319,14080,志愿服务,1,1,2
1320,14081,体育比赛,1,1,2
1321,14081,艺术活动,1,2,1
1322,14081,体育比赛,1,4,5
1323,14081,体育比赛,1,2,5
1324,14082,艺术活动,1,1,8
1325,14083,体育比赛,1,4,5
1326,14083,艺术活动,1,3,6
1327,14084,艺术活动,1,1,9
1328,14085,思政比赛,1,3,3
1329,14085,志愿服务,1,4,8
1330,14085,志愿服务,1,1,7
1331,14086,志愿服务,1,4,3
1332,14086,体育比赛,1,2,7
1333,14086,思政比赛,1,3,4
1334,14087,体育比赛,1,4,3
1335,14087,志愿服务,1,3,6
1336,14087,艺术活动,1,4,2
1337,14087,艺术活动,1,1,8
1338,14088,体育比赛,1,3,2
1339,14088,思政比赛,1,4,2
1340,14089,艺术活动,1,3,5
1341,14089,志愿服务,1,2,7
1342,14089,思政比赛,1,2,7
1343,14089,志愿服务,1,2,8
1344,14090,思政比赛,1,3,2
1345,14090,体育比赛,1,4,3
1346,14091,艺术活动,1,2,3
1347,14091,志愿服务,1,4,5
1348,14091,体育比赛,1,4,6
1349,14092,体育比赛,1,3,4
1350,14092,思政比赛,1,4,9
1351,14093,思政比赛,1,2,1
1352,14094,志愿服务,1,1,2
1353,14095,志愿服务,1,1,5
1354,14095,思政比赛,1,2,9
1355,14096,志愿服务,1,2,8
1356,14097,体育比赛,1,4,8
1357,14097,思政比赛,1,3,1
1358,14097,思政比赛,1,4,9
1359,14097,思政比赛,1,3,1
1360,14098,艺术活动,1,2,6
1361,14099,志愿服务,1,4,4
1362,14100,体育比赛,1,1,4
1363,14100,体育比赛,1,4,3
1364,14100,艺术活动,1,3,8
1365,14100,志愿服务,1,2,9
1366,14101,志愿服务,1,1,3
1367,14101,思政比赛,1,4,3
1368,14101,艺术活动,1,1,3
1369,14101,艺术活动,1,3,6
1370,14102,思政比赛,1,1,6
1371,14102,艺术活动,1,2,4
1372,14102,志愿服务,1,4,2
1373,14103,艺术活动,1,2,8
1374,14103,艺术活动,1,2,8
1375,14103,艺术活动,1,4,9
1376,14104,思政比赛,1,3,3
1377,14104,体育比赛,1,4,9
1378,14104,思政比赛,1,1,8
1379,14104,体育比赛,1,1,2
1380,14105,体育比赛,1,3,2
1381,14106,艺术活动,1,4,9
1382,14106,志愿服务,1,1,8
1383,14107,志愿服务,1,3,5
1384,14107,艺术活动,1,2,9
1385,14108,思政比赛,1,4,9
1386,14108,艺术活动,1,4,9
1387,14108,志愿服务,1,3,5
1388,14109,思政比赛,1,1,2
1389,14109,艺术活动,1,1,3
1390,14109,体育比赛,1,3,8
1391,14110,志愿服务,1,4,6
1392,14110,志愿服务,1,3,2
1393,14110,体育比赛,1,4,4
1394,14111,艺术活动,1,4,2
1395,14112,体育比赛,1,4,8
1396,14112,体育比赛,1,1,2
1397,14113,体育比赛,1,3,2
1398,14113,艺术活动,1,2,9
1399,14113,体育比赛,1,1,7
1400,14114,体育比赛,1,1,4
1401,14115,思政比赛,1,3,6
1402,14115,艺术活动,1,4,4
1403,14115,艺术活动,1,1,2
1404,14490,思政比赛,1,2,3
1405,14490,体育比赛,1,3,7
1406,14490,艺术活动,1,1,2
1407,14490,体育比赛,1,3,7
1408,14116,志愿服务,1,2,2
1409,14117,艺术活动,1,1,6
1410,14117,体育比赛,1,4,4
1411,14117,思政比赛,1,2,9
1412,14118,思政比赛,1,3,5
1413,14118,体育比赛,1,3,8
1414,14119,志愿服务,1,1,7
1415,14119,志愿服务,1,3,5
1416,14120,志愿服务,1,3,9
1417,14120,志愿服务,1,4,1
1418,14120,体育比赛,1,1,9
1419,14120,体育比赛,1,2,9
1420,14121,体育比赛,1,1,7
1421,14121,体育比赛,1,1,8
1422,14121,艺术活动,1,2,8
1423,14121,体育比赛,1,4,8
1424,14122,志愿服务,1,3,3
1425,14122,艺术活动,1,3,1
1426,14122,志愿服务,1,2,9
1427,14123,体育比赛,1,2,1
1428,14123,志愿服务,1,2,6
1429,14124,思政比赛,1,2,2
1430,14125,体育比赛,1,3,9
1431,14125,体育比赛,1,2,6
1432,14126,志愿服务,1,1,2
1433,14126,思政比赛,1,1,3
1434,14126,志愿服务,1,3,2
1435,14127,体育比赛,1,4,4
1436,14127,艺术活动,1,2,6
1437,14128,体育比赛,1,2,6
1438,14128,体育比赛,1,4,5
1439,14128,志愿服务,1,2,9
1440,14129,艺术活动,1,2,2
1441,14129,志愿服务,1,1,4
1442,14130,艺术活动,1,4,3
1443,14130,体育比赛,1,1,3
1444,14131,志愿服务,1,1,1
1445,14131,艺术活动,1,3,6
1446,14131,思政比赛,1,1,7
1447,14132,志愿服务,1,4,1
1448,14133,体育比赛,1,2,4
1449,14133,思政比赛,1,2,9
1450,14133,体育比赛,1,4,2
1451,14134,艺术活动,1,3,1
1452,14134,体育比赛,1,4,2
1453,14134,艺术活动,1,3,9
1454,14135,志愿服务,1,1,2
1455,14135,思政比赛,1,2,8
1456,14135,志愿服务,1,2,3
1457,14136,思政比赛,1,4,4
1458,14136,体育比赛,1,2,1
1459,14136,志愿服务,1,2,7
1460,14136,艺术活动,1,4,2
1461,14137,艺术活动,1,3,5
1462,14138,体育比赛,1,1,7
1463,14139,艺术活动,1,3,9
1464,14140,思政比赛,1,1,7
1465,14140,体育比赛,1,1,3
1466,14140,思政比赛,1,2,2
1467,14141,思政比赛,1,1,6
1468,14358,志愿服务,1,3,7
1469,14358,艺术活动,1,3,6
1470,14358,志愿服务,1,4,8
1471,14142,志愿服务,1,4,2
1472,14143,体育比赛,1,3,1
1473,14143,思政比赛,1,2,6
1474,14143,思政比赛,1,4,3
1475,14143,志愿服务,1,2,6
1476,14144,艺术活动,1,2,4
1477,14144,志愿服务,1,4,7
1478,14144,艺术活动,1,1,7
1479,14145,志愿服务,1,2,6
1480,14145,艺术活动,1,2,4
1481,14146,体育比赛,1,2,9
1482,14147,志愿服务,1,3,1
1483,14491,体育比赛,1,3,7
1484,14491,志愿服务,1,1,7
1485,14491,志愿服务,1,1,3
1486,14491,艺术活动,1,1,8
1487,14148,志愿服务,1,1,1
1488,14148,艺术活动,1,4,7
1489,14149,思政比赛,1,4,6
1490,14149,艺术活动,1,2,9
1491,14149,艺术活动,1,2,8
1492,14150,思政比赛,1,3,3
1493,14150,体育比赛,1,1,4
1494,14150,艺术活动,1,1,4
1495,14151,志愿服务,1,4,9
1496,14152,体育比赛,1,3,4
1497,14152,志愿服务,1,2,1
1498,14153,思政比赛,1,3,4
1499,14154,思政比赛,1,4,2
1500,14155,艺术活动,1,2,8
1501,14155,艺术活动,1,3,6
1502,14156,志愿服务,1,1,5
1503,14156,思政比赛,1,4,5
1504,14157,艺术活动,1,3,4
1505,14158,思政比赛,1,4,8
1506,14158,体育比赛,1,2,8
1507,14159,艺术活动,1,2,1
1508,14159,体育比赛,1,2,7
1509,14159,艺术活动,1,1,6
1510,14159,艺术活动,1,1,9
1511,14160,体育比赛,1,2,6
1512,14160,志愿服务,1,2,6
1513,14160,志愿服务,1,1,6
1514,14160,体育比赛,1,3,6
1515,14161,体育比赛,1,3,4
1516,14161,体育比赛,1,3,7
1517,14161,志愿服务,1,1,3
1518,14162,思政比赛,1,1,8
1519,14162,志愿服务,1,3,8
1520,14163,思政比赛,1,2,7
1521,14163,艺术活动,1,3,8
1522,14164,体育比赛,1,4,8
1523,14164,艺术活动,1,4,7
1524,14164,艺术活动,1,1,9
1525,14164,思政比赛,1,1,1
1526,14165,志愿服务,1,1,5
1527,14165,艺术活动,1,3,3
1528,14165,志愿服务,1,1,5
1529,14166,志愿服务,1,4,8
1530,14167,艺术活动,1,3,9
1531,14168,艺术活动,1,1,4
1532,14168,体育比赛,1,4,1
1533,14169,思政比赛,1,2,9
1534,14169,体育比赛,1,1,7
1535,14169,思政比赛,1,2,7
1536,14169,思政比赛,1,3,9
1537,14170,艺术活动,1,3,6
1538,14170,思政比赛,1,4,2
1539,14171,思政比赛,1,3,4
1540,14171,体育比赛,1,3,5
1541,14171,艺术活动,1,4,1
1542,14172,艺术活动,1,4,4
1543,14172,体育比赛,1,1,8
1544,14173,思政比赛,1,4,7
1545,14173,志愿服务,1,3,2
1546,14173,思政比赛,1,2,2
1547,14174,体育比赛,1,3,6
1548,14175,志愿服务,1,1,9
1549,14176,艺术活动,1,1,9
1550,14177,志愿服务,1,1,5
1551,14177,艺术活动,1,1,9
1552,14178,体育比赛,1,4,7
1553,14178,志愿服务,1,2,7
1554,14179,体育比赛,1,3,1
1555,14179,思政比赛,1,4,5
1556,14180,体育比赛,1,2,3
1557,14180,体育比赛,1,2,2
1558,14181,体育比赛,1,1,8
1559,14182,艺术活动,1,2,7
1560,14182,体育比赛,1,4,1
1561,14183,志愿服务,1,3,7
1562,14183,艺术活动,1,1,6
1563,14184,思政比赛,1,2,8
1564,14184,志愿服务,1,1,2
1565,14184,志愿服务,1,3,3
1566,14185,思政比赛,1,2,3
1567,14185,艺术活动,1,1,9
1568,14185,体育比赛,1,1,9
1569,14186,体育比赛,1,2,7
1570,14186,艺术活动,1,2,4
1571,14186,志愿服务,1,4,9
1572,14187,志愿服务,1,1,1
1573,14187,思政比赛,1,3,6
1574,14187,思政比赛,1,4,4
1575,14187,志愿服务,1,3,5
1576,14188,体育比赛,1,2,8
1577,14188,志愿服务,1,1,3
1578,14188,体育比赛,1,2,8
1579,14188,志愿服务,1,4,9
1580,14189,艺术活动,1,2,1
1581,14190,志愿服务,1,1,1
1582,14190,艺术活动,1,4,8
1583,14190,体育比赛,1,2,3
1584,14191,思政比赛,1,1,5
1585,14191,思政比赛,1,3,2
1586,14191,艺术活动,1,1,5
1587,14191,体育比赛,1,2,2
1588,14192,艺术活动,1,1,1
1589,14192,体育比赛,1,4,3
1590,14193,艺术活动,1,1,2
1591,14193,思政比赛,1,2,6
1592,14193,体育比赛,1,4,7
1593,14193,思政比赛,1,3,8
1594,14194,志愿服务,1,4,7
1595,14194,艺术活动,1,4,9
1596,14194,体育比赛,1,1,9
1597,14194,志愿服务,1,1,7
1598,14195,思政比赛,1,1,1
1599,14195,体育比赛,1,2,4
1600,14195,体育比赛,1,2,7
1601,14196,艺术活动,1,2,5
1602,14196,艺术活动,1,2,5
1603,14196,思政比赛,1,2,1
1604,14196,思政比赛,1,3,5
1605,14197,艺术活动,1,3,7
1606,14197,体育比赛,1,4,7
1607,14197,体育比赛,1,4,6
1608,14198,思政比赛,1,4,3
1609,14198,体育比赛,1,1,8
1610,14198,艺术活动,1,1,3
1611,14198,体育比赛,1,3,1
1612,14199,志愿服务,1,2,3
1613,14199,艺术活动,1,1,4
1614,14199,志愿服务,1,4,9
1615,14200,体育比赛,1,2,5
1616,14201,思政比赛,1,4,9
1617,14201,艺术活动,1,3,6
1618,14201,志愿服务,1,2,8
1619,14201,艺术活动,1,2,4
1620,14202,志愿服务,1,3,1
1621,14202,艺术活动,1,3,1
1622,14202,志愿服务,1,4,7
1623,14203,志愿服务,1,3,5
1624,14204,体育比赛,1,3,7
1625,14204,体育比赛,1,4,3
1626,14204,思政比赛,1,4,3
1627,14205,思政比赛,1,1,4
1628,14205,思政比赛,1,1,6
1629,14205,艺术活动,1,1,3
1630,14206,志愿服务,1,1,4
1631,14206,体育比赛,1,3,4
1632,14206,艺术活动,1,1,4
1633,14206,艺术活动,1,4,5
1634,14207,艺术活动,1,3,2
1635,14208,艺术活动,1,3,2
1636,14209,志愿服务,1,1,9
1637,14209,艺术活动,1,4,8
1638,14210,体育比赛,1,3,7
1639,14211,艺术活动,1,2,2
1640,14212,志愿服务,1,3,5
1641,14213,体育比赛,1,3,9
1642,14213,思政比赛,1,2,1
1643,14213,体育比赛,1,2,2
1644,14213,体育比赛,1,1,9
1645,14214,志愿服务,1,2,9
1646,14214,艺术活动,1,1,3
1647,14214,志愿服务,1,4,4
1648,14214,艺术活动,1,2,2
1649,14215,志愿服务,1,3,8
1650,14215,志愿服务,1,3,5
1651,14215,体育比赛,1,1,2
1652,14215,艺术活动,1,4,7
1653,14216,志愿服务,1,4,4
1654,14216,思政比赛,1,2,3
1655,14216,志愿服务,1,2,4
1656,14217,体育比赛,1,4,7
1657,14217,思政比赛,1,3,1
1658,14218,思政比赛,1,2,2
1659,14218,艺术活动,1,4,3
1660,14219,思政比赛,1,2,8
1661,14220,思政比赛,1,1,4
1662,14220,艺术活动,1,1,5
1663,14221,体育比赛,1,1,1
1664,14221,志愿服务,1,2,1
1665,14222,志愿服务,1,4,1
1666,14222,思政比赛,1,1,9
1667,14223,艺术活动,1,3,4
1668,14223,体育比赛,1,2,3
1669,14223,艺术活动,1,1,2
1670,14224,思政比赛,1,4,8
1671,14225,志愿服务,1,1,5
1672,14225,体育比赛,1,2,8
1673,14226,志愿服务,1,2,1
1674,14226,体育比赛,1,3,2
1675,14227,思政比赛,1,1,9
1676,14228,志愿服务,1,1,8
1677,14228,艺术活动,1,1,1
1678,14229,艺术活动,1,3,5
1679,14230,艺术活动,1,4,1
1680,14230,艺术活动,1,2,4
1681,14230,志愿服务,1,1,6
1682,14231,艺术活动,1,1,4
1683,14232,思政比赛,1,2,7
1684,14513,思政比赛,1,1,3
1685,14513,志愿服务,1,3,2
1686,14233,志愿服务,1,1,4
1687,14234,体育比赛,1,2,3
1688,14234,思政比赛,1,4,5
1689,14234,体育比赛,1,3,7
1690,14234,志愿服务,1,3,1
1691,14235,志愿服务,1,4,6
1692,14236,艺术活动,1,3,2
1693,14236,体育比赛,1,2,1
1694,14236,体育比赛,1,1,2
1695,14237,志愿服务,1,3,5
1696,14237,思政比赛,1,2,8
1697,14237,艺术活动,1,3,1
1698,14238,体育比赛,1,3,6
1699,14238,思政比赛,1,2,4
1700,14239,思政比赛,1,4,1
1701,14239,志愿服务,1,4,8
1702,14239,思政比赛,1,2,2
1703,14240,体育比赛,1,4,2
1704,14241,体育比赛,1,1,7
1705,14241,思政比赛,1,4,4
1706,14241,体育比赛,1,1,4
1707,14241,志愿服务,1,3,9
1708,14242,思政比赛,1,1,2
1709,14242,志愿服务,1,2,3
1710,14242,体育比赛,1,4,2
1711,14242,体育比赛,1,1,1
1712,14243,艺术活动,1,3,6
1713,14243,体育比赛,1,4,6
1714,14243,艺术活动,1,4,9
1715,14244,体育比赛,1,2,5
1716,14245,志愿服务,1,4,2
1717,14245,志愿服务,1,3,8
1718,14245,志愿服务,1,3,3
1719,14245,志愿服务,1,4,3
1720,14246,体育比赛,1,4,2
1721,14246,思政比赛,1,1,7
1722,14247,艺术活动,1,3,1
1723,14247,思政比赛,1,2,7
1724,14248,志愿服务,1,2,2
1725,14249,思政比赛,1,3,7
1726,14249,体育比赛,1,4,4
1727,14249,思政比赛,1,1,8
1728,14249,体育比赛,1,4,9
1729,14250,志愿服务,1,3,2
1730,14250,艺术活动,1,1,6
1731,14251,志愿服务,1,2,2
1732,14252,思政比赛,1,1,7
1733,14252,艺术活动,1,4,8
1734,15904,思政比赛,1,3,4
1735,15904,志愿服务,1,1,4
1736,14253,思政比赛,1,4,4
1737,14253,志愿服务,1,3,1
1738,14254,体育比赛,1,1,2
1739,14254,体育比赛,1,4,1
1740,14255,艺术活动,1,2,2
1741,14255,体育比赛,1,4,9
1742,14255,志愿服务,1,3,5
1743,14256,志愿服务,1,4,5
1744,14256,体育比赛,1,3,1
1745,14257,艺术活动,1,3,7
1746,14257,艺术活动,1,4,7
1747,14257,志愿服务,1,2,3
1748,14257,思政比赛,1,3,7
1749,14258,思政比赛,1,1,3
1750,14258,艺术活动,1,2,9
1751,14259,思政比赛,1,1,5
1752,14259,志愿服务,1,3,7
1753,14259,思政比赛,1,2,2
1754,14259,体育比赛,1,2,9
1755,14260,思政比赛,1,1,1
1756,14261,思政比赛,1,4,1
1757,14261,志愿服务,1,3,4
1758,14261,体育比赛,1,4,9
1759,14262,思政比赛,1,4,7
1760,14263,志愿服务,1,1,3
1761,14264,艺术活动,1,1,2
1762,14264,艺术活动,1,3,5
1763,14264,体育比赛,1,4,4
1764,14265,艺术活动,1,3,6
1765,14265,体育比赛,1,2,5
1766,14265,艺术活动,1,4,4
1767,14266,体育比赛,1,1,1
1768,14266,思政比赛,1,3,4
1769,14267,志愿服务,1,3,3
1770,14267,体育比赛,1,1,8
1771,14268,体育比赛,1,4,6
1772,14268,体育比赛,1,1,5
1773,14269,志愿服务,1,1,1
1774,14269,体育比赛,1,2,4
1775,14270,志愿服务,1,3,6
1776,14270,体育比赛,1,3,4
1777,14270,志愿服务,1,2,2
1778,14270,志愿服务,1,3,8
1779,14271,志愿服务,1,4,2
1780,14272,艺术活动,1,3,7
1781,14272,艺术活动,1,4,9
1782,14272,志愿服务,1,3,6
1783,14272,体育比赛,1,3,9
1784,14273,思政比赛,1,1,5
1785,14273,体育比赛,1,1,5
1786,14274,艺术活动,1,3,2
1787,14274,艺术活动,1,2,8
1788,14274,体育比赛,1,3,6
1789,14274,艺术活动,1,2,2
1790,14275,体育比赛,1,1,2
1791,14275,艺术活动,1,2,9
1792,14276,思政比赛,1,1,5
1793,14277,体育比赛,1,3,5
1794,14277,思政比赛,1,2,6
1795,14277,艺术活动,1,4,1
1796,14277,艺术活动,1,3,1
1797,14278,艺术活动,1,1,8
1798,14278,艺术活动,1,2,6
1799,14279,思政比赛,1,3,5
1800,14279,体育比赛,1,1,5
1801,14279,艺术活动,1,2,6
1802,14279,艺术活动,1,2,7
1803,14280,志愿服务,1,1,6
1804,14280,艺术活动,1,4,1
1805,14280,志愿服务,1,4,7
1806,14280,体育比赛,1,4,9
1807,14281,艺术活动,1,4,9
1808,14282,思政比赛,1,3,4
1809,14282,志愿服务,1,1,7
1810,14283,思政比赛,1,2,7
1811,14283,志愿服务,1,4,2
1812,14284,志愿服务,1,1,3
1813,14285,思政比赛,1,2,8
1814,14285,艺术活动,1,3,1
1815,14285,志愿服务,1,1,6
1816,14286,思政比赛,1,2,4
1817,14286,体育比赛,1,2,6
1818,14286,艺术活动,1,3,1
1819,14286,思政比赛,1,1,5
1820,14287,体育比赛,1,1,7
1821,14287,志愿服务,1,2,1
1822,14287,志愿服务,1,3,7
1823,14288,体育比赛,1,3,6
1824,14288,体育比赛,1,4,4
1825,14289,体育比赛,1,2,4
1826,14289,体育比赛,1,3,1
1827,14289,体育比赛,1,2,2
1828,14289,志愿服务,1,2,4
1829,14290,志愿服务,1,3,1
1830,14291,思政比赛,1,3,3
1831,14291,体育比赛,1,3,2
1832,15516,思政比赛,1,3,6
1833,15516,艺术活动,1,1,9
1834,15516,艺术活动,1,4,6
1835,15516,志愿服务,1,3,5
1836,14292,艺术活动,1,1,8
1837,14292,艺术活动,1,1,8
1838,14292,思政比赛,1,1,7
1839,14293,艺术活动,1,3,8
1840,14293,体育比赛,1,3,1
1841,14294,志愿服务,1,3,3
1842,14294,志愿服务,1,2,3
1843,14294,艺术活动,1,4,4
1844,14295,艺术活动,1,3,5
1845,14295,体育比赛,1,4,8
1846,14295,艺术活动,1,3,6
1847,14295,艺术活动,1,4,1
1848,14296,思政比赛,1,3,6
1849,14296,思政比赛,1,4,3
1850,14296,体育比赛,1,2,1
1851,14297,体育比赛,1,2,7
1852,14297,艺术活动,1,3,6
1853,14297,思政比赛,1,1,9
1854,14297,志愿服务,1,2,1
1855,14298,思政比赛,1,3,9
1856,14298,志愿服务,1,4,3
1857,14298,体育比赛,1,2,8
1858,14299,艺术活动,1,4,8
1859,14299,思政比赛,1,4,1
1860,14299,体育比赛,1,3,7
1861,14299,艺术活动,1,1,3
1862,14300,艺术活动,1,2,7
1863,14300,思政比赛,1,3,9
1864,14300,体育比赛,1,1,4
1865,14301,艺术活动,1,4,6
1866,14301,体育比赛,1,2,7
1867,14301,艺术活动,1,3,5
1868,14581,志愿服务,1,1,7
1869,14581,艺术活动,1,3,6
1870,14581,体育比赛,1,4,7
1871,14581,志愿服务,1,3,2
1872,14967,志愿服务,1,2,4
1873,14967,思政比赛,1,2,9
1874,15002,艺术活动,1,4,9
1875,15002,体育比赛,1,2,8
1876,15002,思政比赛,1,1,3
1877,14302,志愿服务,1,4,3
1878,14302,思政比赛,1,2,6
1879,14303,体育比赛,1,2,4
1880,14303,思政比赛,1,1,7
1881,14303,志愿服务,1,4,9
1882,14303,志愿服务,1,2,8
1883,14304,体育比赛,1,4,8
1884,14305,志愿服务,1,2,9
1885,14305,思政比赛,1,3,3
1886,14306,艺术活动,1,2,5
1887,14306,艺术活动,1,1,3
1888,14306,体育比赛,1,1,8
1889,14306,艺术活动,1,3,5
1890,14307,艺术活动,1,4,6
1891,14307,艺术活动,1,2,3
1892,14307,志愿服务,1,3,2
1893,14308,艺术活动,1,4,8
1894,14309,艺术活动,1,1,1
1895,14309,思政比赛,1,3,6
1896,14310,志愿服务,1,3,9
1897,14310,志愿服务,1,4,7
1898,14310,艺术活动,1,3,7
1899,14311,艺术活动,1,4,1
1900,14311,体育比赛,1,3,4
1901,14311,体育比赛,1,4,5
1902,14311,艺术活动,1,3,7
1903,14312,思政比赛,1,1,1
1904,14312,思政比赛,1,2,9
1905,14312,体育比赛,1,1,5
1906,14313,艺术活动,1,3,5
1907,14313,艺术活动,1,1,3
1908,14313,艺术活动,1,2,5
1909,14313,思政比赛,1,2,5
1910,14314,体育比赛,1,2,6
1911,14314,体育比赛,1,4,1
1912,14314,思政比赛,1,3,6
1913,14315,体育比赛,1,3,6
1914,14316,志愿服务,1,4,6
1915,14316,思政比赛,1,1,2
1916,14316,体育比赛,1,3,4
1917,14316,志愿服务,1,2,4
1918,14317,体育比赛,1,3,9
1919,14317,艺术活动,1,1,4
1920,14317,体育比赛,1,2,9
1921,14318,思政比赛,1,1,7
1922,14319,志愿服务,1,2,8
1923,14319,体育比赛,1,3,8
1924,14319,艺术活动,1,1,5
1925,14319,艺术活动,1,2,2
1926,14320,思政比赛,1,2,2
1927,14320,志愿服务,1,3,5
1928,14321,艺术活动,1,1,8
1929,14322,思政比赛,1,4,8
1930,14322,志愿服务,1,2,9
1931,14323,志愿服务,1,2,7
1932,14324,体育比赛,1,2,3
1933,14324,志愿服务,1,1,5
1934,14325,思政比赛,1,1,1
1935,14325,志愿服务,1,1,1
1936,14325,思政比赛,1,1,5
1937,14326,体育比赛,1,3,7
1938,14327,艺术活动,1,4,2
1939,14327,志愿服务,1,2,6
1940,14327,艺术活动,1,3,3
1941,14327,思政比赛,1,3,5
1942,14328,思政比赛,1,4,1
1943,14328,思政比赛,1,3,1
1944,14329,体育比赛,1,4,3
1945,14330,志愿服务,1,2,3
1946,14331,艺术活动,1,4,1
1947,14331,艺术活动,1,2,3
1948,14332,志愿服务,1,4,6
1949,14332,艺术活动,1,3,6
1950,14332,志愿服务,1,1,5
1951,14333,体育比赛,1,2,4
1952,14333,体育比赛,1,4,7
1953,14333,艺术活动,1,4,7
1954,14333,志愿服务,1,2,9
1955,14334,艺术活动,1,2,3
1956,14335,思政比赛,1,2,6
1957,14336,艺术活动,1,1,8
1958,14336,艺术活动,1,3,4
1959,14336,艺术活动,1,2,7
1960,14337,艺术活动,1,2,3
1961,14337,思政比赛,1,1,9
1962,14337,思政比赛,1,3,4
1963,14337,思政比赛,1,4,9
1964,14338,志愿服务,1,2,5
1965,14338,志愿服务,1,4,9
1966,14338,思政比赛,1,2,2
1967,14338,思政比赛,1,2,5
1968,14339,思政比赛,1,4,2
1969,14339,艺术活动,1,3,1
1970,14339,体育比赛,1,1,7
1971,14340,思政比赛,1,3,3
1972,14341,志愿服务,1,2,7
1973,14342,艺术活动,1,4,5
1974,14342,思政比赛,1,4,2
1975,14342,志愿服务,1,1,7
1976,14343,志愿服务,1,4,5
1977,14343,艺术活动,1,1,4
1978,14344,思政比赛,1,4,8
1979,14344,体育比赛,1,4,6
1980,14344,艺术活动,1,4,7
1981,14345,思政比赛,1,2,6
1982,14345,艺术活动,1,4,7
1983,14345,体育比赛,1,4,4
1984,14346,艺术活动,1,1,4
1985,14347,艺术活动,1,4,4
1986,14347,艺术活动,1,2,8
1987,14347,体育比赛,1,2,6
1988,14347,思政比赛,1,3,8
1989,14348,思政比赛,1,2,3
1990,14348,志愿服务,1,1,4
1991,14348,艺术活动,1,4,5
1992,14348,体育比赛,1,4,2
1993,14349,志愿服务,1,3,6
1994,14349,体育比赛,1,4,1
1995,14349,艺术活动,1,2,9
1996,14350,艺术活动,1,2,6
1997,14351,艺术活动,1,1,6
1998,14351,思政比赛,1,4,1
1999,14352,思政比赛,1,4,5
2000,14352,志愿服务,1,3,4
2001,14352,体育比赛,1,2,6
2002,14353,艺术活动,1,3,4
2003,14353,体育比赛,1,4,6
2004,14353,艺术活动,1,2,4
2005,14354,志愿服务,1,1,8
2006,14355,体育比赛,1,3,2
2007,14355,体育比赛,1,3,3
2008,14356,体育比赛,1,2,3
2009,14356,思政比赛,1,3,1
2010,14356,志愿服务,1,3,4
2011,14356,艺术活动,1,2,4
2012,14357,志愿服务,1,3,9
2013,14357,艺术活动,1,4,2
2014,14357,思政比赛,1,4,3
2015,14359,志愿服务,1,2,2
2016,14360,志愿服务,1,3,6
2017,14360,志愿服务,1,1,5
2018,14361,志愿服务,1,1,8
2019,14361,艺术活动,1,2,9
2020,14361,志愿服务,1,3,5
2021,14362,体育比赛,1,3,3
2022,14363,体育比赛,1,3,8
2023,14363,志愿服务,1,4,9
2024,14363,体育比赛,1,1,5
2025,14364,志愿服务,1,3,3
2026,14365,艺术活动,1,3,5
2027,14365,志愿服务,1,1,3
2028,14366,志愿服务,1,3,7
2029,14366,志愿服务,1,4,9
2030,14367,志愿服务,1,4,9
2031,14367,思政比赛,1,4,2
2032,14367,体育比赛,1,2,8
2033,14368,志愿服务,1,4,7
2034,14368,思政比赛,1,2,1
2035,14368,艺术活动,1,2,6
2036,14369,体育比赛,1,2,5
2037,14369,志愿服务,1,2,2
2038,14370,志愿服务,1,3,2
2039,14370,志愿服务,1,1,1
2040,14370,思政比赛,1,1,6
2041,14370,艺术活动,1,1,4
2042,14371,志愿服务,1,3,3
2043,14371,艺术活动,1,4,8
2044,14372,志愿服务,1,4,6
2045,14372,体育比赛,1,1,4
2046,14372,思政比赛,1,2,5
2047,14372,艺术活动,1,1,8
2048,14373,志愿服务,1,2,8
2049,14373,志愿服务,1,4,9
2050,14373,艺术活动,1,4,4
2051,14374,艺术活动,1,4,7
2052,14374,体育比赛,1,2,8
2053,14374,志愿服务,1,1,1
2054,14375,艺术活动,1,2,8
2055,14376,志愿服务,1,3,5
2056,14376,思政比赛,1,2,2
2057,14376,艺术活动,1,4,2
2058,14376,体育比赛,1,4,6
2059,14377,体育比赛,1,2,1
2060,14377,思政比赛,1,4,1
2061,14378,体育比赛,1,3,2
2062,14378,志愿服务,1,2,8
2063,14380,体育比赛,1,1,2
2064,14381,志愿服务,1,4,5
2065,14381,志愿服务,1,1,4
2066,14382,思政比赛,1,3,7
2067,14382,体育比赛,1,3,6
2068,14382,体育比赛,1,2,5
2069,14383,艺术活动,1,4,4
2070,14383,艺术活动,1,4,8
2071,14383,体育比赛,1,1,1
2072,14384,艺术活动,1,4,3
2073,14384,志愿服务,1,1,8
2074,14385,志愿服务,1,2,2
2075,14385,体育比赛,1,3,5
2076,14385,思政比赛,1,1,8
2077,14385,志愿服务,1,1,3
2078,14386,志愿服务,1,2,8
2079,14386,体育比赛,1,4,5
2080,14386,思政比赛,1,1,2
2081,14387,志愿服务,1,3,7
2082,14387,志愿服务,1,4,4
2083,14388,体育比赛,1,4,8
2084,14389,思政比赛,1,1,9
2085,14389,思政比赛,1,2,4
2086,14390,艺术活动,1,3,1
2087,14390,志愿服务,1,3,9
2088,14390,艺术活动,1,4,6
2089,14391,体育比赛,1,4,1
2090,14391,体育比赛,1,1,9
2091,14392,体育比赛,1,2,7
2092,14392,体育比赛,1,3,5
2093,14392,志愿服务,1,1,4
2094,14393,思政比赛,1,2,4
2095,14393,思政比赛,1,1,3
2096,14393,思政比赛,1,3,2
2097,14394,志愿服务,1,2,8
2098,14394,志愿服务,1,1,6
2099,14395,思政比赛,1,2,7
2100,14396,体育比赛,1,2,1
2101,14396,艺术活动,1,3,1
2102,14397,艺术活动,1,3,4
2103,14398,志愿服务,1,2,3
2104,14398,思政比赛,1,3,6
2105,14399,志愿服务,1,4,8
2106,14399,志愿服务,1,3,2
2107,14400,艺术活动,1,1,8
2108,14400,思政比赛,1,1,4
2109,14400,思政比赛,1,4,5
2110,14401,艺术活动,1,4,8
2111,14401,思政比赛,1,4,2
2112,14401,思政比赛,1,4,7
2113,14402,思政比赛,1,3,5
2114,14402,志愿服务,1,2,1
2115,14402,志愿服务,1,3,2
2116,14403,志愿服务,1,4,5
2117,14403,体育比赛,1,4,9
2118,14403,思政比赛,1,4,5
2119,14403,体育比赛,1,2,6
2120,14404,志愿服务,1,3,8
2121,14404,思政比赛,1,3,6
2122,14404,思政比赛,1,1,9
2123,14404,思政比赛,1,3,1
2124,14405,体育比赛,1,3,3
2125,14406,志愿服务,1,1,1
2126,14406,志愿服务,1,1,2
2127,14407,艺术活动,1,2,4
2128,14407,艺术活动,1,4,3
2129,14408,体育比赛,1,1,6
2130,14408,思政比赛,1,4,6
2131,14408,艺术活动,1,3,5
2132,14409,体育比赛,1,1,2
2133,14409,思政比赛,1,2,4
2134,14409,体育比赛,1,2,5
2135,14410,思政比赛,1,1,8
2136,14410,志愿服务,1,3,6
2137,14410,体育比赛,1,4,1
2138,14410,思政比赛,1,3,7
2139,14411,体育比赛,1,2,2
2140,14411,艺术活动,1,4,1
2141,14412,思政比赛,1,3,3
2142,14412,体育比赛,1,4,8
2143,14412,艺术活动,1,2,1
2144,14412,志愿服务,1,2,7
2145,14413,体育比赛,1,1,3
2146,14413,艺术活动,1,1,3
2147,14413,艺术活动,1,1,9
2148,14414,艺术活动,1,3,9
2149,14414,艺术活动,1,4,7
2150,14415,体育比赛,1,2,2
2151,14415,艺术活动,1,1,1
2152,14415,艺术活动,1,3,3
2153,14415,体育比赛,1,2,6
2154,14416,艺术活动,1,1,7
2155,14416,艺术活动,1,2,2
2156,14416,体育比赛,1,4,8
2157,14417,艺术活动,1,2,8
2158,14418,艺术活动,1,1,1
2159,14418,志愿服务,1,4,1
2160,14418,艺术活动,1,1,3
2161,14418,思政比赛,1,1,4
2162,14420,思政比赛,1,4,1
2163,14421,艺术活动,1,4,9
2164,14422,思政比赛,1,4,5
2165,14422,思政比赛,1,1,7
2166,14422,志愿服务,1,2,7
2167,14423,体育比赛,1,3,9
2168,14423,艺术活动,1,3,6
2169,14423,志愿服务,1,2,7
2170,14423,体育比赛,1,3,1
2171,14424,志愿服务,1,4,3
2172,14424,艺术活动,1,2,4
2173,14424,体育比赛,1,2,5
2174,14424,艺术活动,1,3,7
2175,14425,艺术活动,1,1,5
2176,14425,志愿服务,1,3,4
2177,14425,思政比赛,1,1,1
2178,14425,艺术活动,1,3,8
2179,14426,体育比赛,1,4,8
2180,14426,艺术活动,1,1,1
2181,14426,思政比赛,1,1,2
2182,14427,艺术活动,1,4,3
2183,14427,艺术活动,1,1,7
2184,14427,艺术活动,1,3,5
2185,14427,体育比赛,1,3,5
2186,14428,艺术活动,1,1,8
2187,14429,艺术活动,1,2,6
2188,14430,艺术活动,1,1,4
2189,14430,志愿服务,1,3,6
2190,14430,志愿服务,1,2,2
2191,14431,体育比赛,1,4,1
2192,14431,思政比赛,1,1,8
2193,14431,体育比赛,1,2,4
2194,14431,思政比赛,1,3,4
2195,14432,体育比赛,1,2,3
2196,14433,艺术活动,1,2,5
2197,14433,志愿服务,1,2,3
2198,14433,体育比赛,1,2,4
2199,14434,志愿服务,1,4,7
2200,14434,艺术活动,1,1,1
2201,14434,志愿服务,1,1,2
2202,14434,思政比赛,1,2,3
2203,14435,艺术活动,1,1,9
2204,14435,志愿服务,1,1,3
2205,14435,艺术活动,1,1,7
2206,14436,体育比赛,1,4,4
2207,14436,志愿服务,1,1,7
2208,14436,志愿服务,1,4,1
2209,14436,志愿服务,1,3,7
2210,14437,思政比赛,1,3,1
2211,14437,思政比赛,1,2,3
2212,14438,体育比赛,1,3,2
2213,14438,思政比赛,1,1,2
2214,14439,志愿服务,1,2,9
2215,14439,志愿服务,1,3,3
2216,14439,思政比赛,1,1,7
2217,14439,艺术活动,1,3,9
2218,14440,体育比赛,1,3,1
2219,14440,体育比赛,1,1,7
2220,14440,艺术活动,1,2,6
2221,14441,体育比赛,1,3,3
2222,14441,思政比赛,1,4,7
2223,14441,思政比赛,1,2,4
2224,14441,体育比赛,1,3,7
2225,14442,志愿服务,1,1,4
2226,14442,艺术活动,1,4,9
2227,14442,思政比赛,1,2,1
2228,14443,思政比赛,1,1,6
2229,14443,艺术活动,1,1,5
2230,14443,体育比赛,1,1,7
2231,14444,艺术活动,1,3,3
2232,14445,思政比赛,1,2,4
2233,14446,志愿服务,1,1,1
2234,14446,艺术活动,1,2,7
2235,14446,体育比赛,1,4,9
2236,14447,体育比赛,1,2,7
2237,14447,体育比赛,1,3,5
2238,14447,艺术活动,1,3,9
2239,14447,艺术活动,1,3,3
2240,14448,思政比赛,1,1,9
2241,14448,思政比赛,1,2,9
2242,14448,体育比赛,1,3,5
2243,14448,体育比赛,1,2,4
2244,14449,体育比赛,1,3,7
2245,14449,思政比赛,1,1,9
2246,14450,志愿服务,1,4,3
2247,14450,艺术活动,1,2,2
2248,14450,思政比赛,1,2,5
2249,14450,思政比赛,1,4,7
2250,14451,体育比赛,1,3,9
2251,14451,体育比赛,1,1,6
2252,14451,思政比赛,1,2,5
2253,14452,艺术活动,1,1,9
2254,14452,艺术活动,1,4,5
2255,14453,艺术活动,1,4,9
2256,14453,艺术活动,1,2,2
2257,14453,志愿服务,1,2,2
2258,14453,志愿服务,1,1,8
2259,14485,艺术活动,1,4,8
2260,14884,体育比赛,1,4,6
2261,14884,志愿服务,1,4,2
2262,14884,志愿服务,1,3,3
2263,14885,思政比赛,1,4,3
2264,14885,艺术活动,1,4,5
2265,14885,艺术活动,1,4,2
2266,14885,思政比赛,1,1,1
2267,14886,思政比赛,1,4,1
2268,14886,体育比赛,1,1,6
2269,14887,艺术活动,1,3,2
2270,14888,志愿服务,1,2,8
2271,14888,体育比赛,1,4,6
2272,14889,体育比赛,1,1,6
2273,14889,艺术活动,1,1,6
2274,14889,体育比赛,1,1,5
2275,14890,志愿服务,1,4,3
2276,14890,体育比赛,1,4,7
2277,14890,体育比赛,1,1,3
2278,14891,志愿服务,1,4,7
2279,14892,艺术活动,1,4,3
2280,15517,志愿服务,1,1,1
2281,15517,志愿服务,1,3,6
2282,15517,志愿服务,1,1,3
2283,15517,思政比赛,1,4,8
2284,14893,志愿服务,1,2,8
2285,14893,志愿服务,1,2,2
2286,14894,思政比赛,1,2,1
2287,14894,体育比赛,1,1,5
2288,14895,思政比赛,1,3,2
2289,14895,思政比赛,1,4,9
2290,14481,志愿服务,1,1,2
2291,14481,志愿服务,1,2,8
2292,14482,志愿服务,1,2,3
2293,14482,志愿服务,1,2,3
2294,14483,艺术活动,1,1,2
2295,14483,志愿服务,1,1,4
2296,14484,艺术活动,1,1,6
2297,14484,艺术活动,1,1,1
2298,14484,志愿服务,1,3,2
2299,14484,体育比赛,1,1,2
2300,14514,体育比赛,1,1,2
2301,14514,体育比赛,1,2,5
2302,14515,志愿服务,1,1,3
2303,14515,体育比赛,1,4,3
2304,14516,志愿服务,1,4,6
2305,14517,志愿服务,1,3,9
2306,14517,思政比赛,1,4,1
2307,14517,志愿服务,1,1,2
2308,14517,思政比赛,1,3,1
2309,14518,志愿服务,1,1,1
2310,14518,艺术活动,1,2,6
2311,14518,志愿服务,1,1,7
2312,14519,志愿服务,1,3,5
2313,14519,志愿服务,1,4,9
2314,14519,思政比赛,1,4,6
2315,14519,体育比赛,1,4,7
2316,14520,艺术活动,1,2,5
2317,14520,体育比赛,1,3,8
2318,14520,体育比赛,1,4,6
2319,14520,志愿服务,1,3,5
2320,14487,体育比赛,1,4,1
2321,14492,思政比赛,1,1,6
2322,14492,艺术活动,1,4,6
2323,14492,体育比赛,1,1,7
2324,14492,志愿服务,1,3,3
2325,14493,志愿服务,1,1,6
2326,14493,艺术活动,1,2,8
2327,14493,思政比赛,1,1,2
2328,14494,志愿服务,1,4,4
2329,14494,艺术活动,1,2,4
2330,14495,艺术活动,1,1,9
2331,14495,思政比赛,1,3,7
2332,14495,艺术活动,1,2,2
2333,14496,艺术活动,1,1,2
2334,14496,志愿服务,1,3,9
2335,14496,思政比赛,1,2,2
2336,14496,艺术活动,1,3,7
2337,14497,志愿服务,1,4,6
2338,14497,思政比赛,1,4,3
2339,14498,思政比赛,1,1,6
2340,14498,体育比赛,1,1,5
2341,14498,艺术活动,1,2,1
2342,14498,艺术活动,1,1,2
2343,14499,思政比赛,1,2,5
2344,14500,思政比赛,1,2,4
2345,14501,思政比赛,1,1,9
2346,14501,体育比赛,1,3,6
2347,14502,体育比赛,1,3,9
2348,14502,志愿服务,1,3,9
2349,14502,体育比赛,1,1,3
2350,14502,思政比赛,1,3,7
2351,14503,思政比赛,1,2,3
2352,14503,艺术活动,1,3,1
2353,14504,思政比赛,1,1,9
2354,14504,志愿服务,1,2,2
2355,14504,志愿服务,1,4,9
2356,14505,体育比赛,1,4,9
2357,14505,思政比赛,1,4,6
2358,14505,艺术活动,1,4,1
2359,14505,志愿服务,1,2,9
2360,14506,思政比赛,1,3,6
2361,14506,体育比赛,1,3,6
2362,14506,艺术活动,1,2,5
2363,14506,艺术活动,1,4,4
2364,15513,艺术活动,1,1,3
2365,15993,艺术活动,1,3,4
2366,16029,志愿服务,1,4,4
2367,14507,思政比赛,1,1,2
2368,14507,体育比赛,1,4,5
2369,14507,志愿服务,1,1,4
2370,14507,体育比赛,1,1,8
2371,14508,体育比赛,1,3,1
2372,14508,体育比赛,1,1,5
2373,14456,艺术活动,1,4,9
2374,14457,志愿服务,1,2,1
2375,16092,体育比赛,1,4,3
2376,14458,志愿服务,1,4,3
2377,14458,志愿服务,1,4,8
2378,14458,志愿服务,1,3,1
2379,14459,思政比赛,1,4,5
2380,14460,艺术活动,1,4,5
2381,14460,艺术活动,1,4,6
2382,14461,艺术活动,1,2,9
2383,14461,艺术活动,1,4,1
2384,14461,思政比赛,1,3,6
2385,14462,体育比赛,1,1,6
2386,14462,艺术活动,1,2,7
2387,14462,思政比赛,1,1,3
2388,14462,志愿服务,1,3,4
2389,14463,思政比赛,1,1,9
2390,14463,思政比赛,1,2,5
2391,14463,志愿服务,1,1,4
2392,14464,艺术活动,1,2,6
2393,14465,志愿服务,1,2,4
2394,14465,艺术活动,1,2,4
2395,14465,体育比赛,1,3,7
2396,14466,体育比赛,1,1,7
2397,14466,思政比赛,1,1,6
2398,14466,思政比赛,1,2,5
2399,14466,志愿服务,1,1,8
2400,14467,体育比赛,1,3,8
2401,14467,艺术活动,1,1,2
2402,14467,艺术活动,1,2,1
2403,14468,思政比赛,1,3,3
2404,14469,艺术活动,1,2,8
2405,14469,体育比赛,1,1,7
2406,14469,志愿服务,1,1,2
2407,14470,体育比赛,1,2,6
2408,14470,体育比赛,1,2,7
2409,14470,艺术活动,1,4,8
2410,14471,志愿服务,1,4,4
2411,14471,志愿服务,1,4,1
2412,14471,思政比赛,1,1,8
2413,14471,体育比赛,1,4,4
2414,14472,艺术活动,1,1,6
2415,14472,志愿服务,1,1,5
2416,14472,艺术活动,1,3,5
2417,14473,体育比赛,1,4,7
2418,14473,体育比赛,1,4,9
2419,14473,志愿服务,1,2,8
2420,14473,体育比赛,1,2,2
2421,14474,思政比赛,1,3,9
2422,14475,志愿服务,1,3,6
2423,14475,志愿服务,1,2,3
2424,14475,思政比赛,1,1,8
2425,14476,志愿服务,1,2,1
2426,14477,艺术活动,1,4,1
2427,14477,艺术活动,1,1,8
2428,14478,思政比赛,1,4,2
2429,14478,体育比赛,1,1,3
2430,14478,体育比赛,1,3,1
2431,14964,志愿服务,1,2,3
2432,14964,艺术活动,1,4,1
2433,14964,艺术活动,1,4,2
2434,14964,体育比赛,1,4,1
2435,14965,艺术活动,1,1,5
2436,14965,思政比赛,1,2,3
2437,14965,志愿服务,1,1,3
2438,14965,思政比赛,1,2,1
2439,14966,艺术活动,1,3,8
2440,14966,思政比赛,1,2,2
2441,14966,艺术活动,1,2,6
2442,14966,思政比赛,1,1,9
2443,14510,志愿服务,1,4,9
2444,14511,志愿服务,1,1,3
2445,14511,思政比赛,1,3,9
2446,14512,思政比赛,1,1,9
2447,14512,思政比赛,1,1,8
2448,14512,艺术活动,1,2,3
2449,14512,志愿服务,1,2,2
2450,14521,志愿服务,1,2,2
2451,14521,志愿服务,1,2,3
2452,14522,志愿服务,1,4,3
2453,14522,体育比赛,1,2,8
2454,14522,志愿服务,1,1,2
2455,14522,志愿服务,1,2,4
2456,14523,志愿服务,1,2,8
2457,14523,艺术活动,1,2,6
2458,14523,艺术活动,1,2,4
2459,14523,体育比赛,1,4,5
2460,14524,体育比赛,1,1,6
2461,14524,志愿服务,1,2,1
2462,14524,志愿服务,1,4,5
2463,14524,艺术活动,1,2,5
2464,14525,体育比赛,1,4,2
2465,14526,体育比赛,1,2,5
2466,14527,思政比赛,1,1,8
2467,14528,思政比赛,1,4,9
2468,14529,思政比赛,1,3,6
2469,14530,体育比赛,1,4,1
2470,14531,思政比赛,1,3,3
2471,14532,体育比赛,1,1,9
2472,14533,体育比赛,1,4,5
2473,14533,艺术活动,1,4,9
2474,14534,艺术活动,1,4,5
2475,14534,思政比赛,1,4,3
2476,14534,志愿服务,1,4,2
2477,14535,志愿服务,1,1,4
2478,14535,思政比赛,1,1,4
2479,14535,体育比赛,1,2,5
2480,14535,志愿服务,1,4,6
2481,14536,体育比赛,1,4,5
2482,14537,志愿服务,1,1,2
2483,14537,体育比赛,1,4,6
2484,14537,体育比赛,1,2,4
2485,14538,艺术活动,1,2,4
2486,14538,体育比赛,1,2,4
2487,14539,体育比赛,1,2,2
2488,14539,体育比赛,1,1,3
2489,14539,思政比赛,1,4,9
2490,14539,艺术活动,1,2,8
2491,14540,艺术活动,1,3,3
2492,14540,体育比赛,1,2,1
2493,14541,志愿服务,1,2,7
2494,14541,思政比赛,1,4,4
2495,14542,志愿服务,1,4,2
2496,14542,艺术活动,1,3,6
2497,14543,艺术活动,1,1,5
2498,14543,体育比赛,1,4,6
2499,14544,思政比赛,1,3,6
2500,14544,志愿服务,1,4,1
2501,14544,思政比赛,1,4,1
2502,14544,志愿服务,1,4,7
2503,14545,体育比赛,1,1,9
2504,14545,艺术活动,1,1,9
2505,14545,思政比赛,1,4,9
2506,14546,体育比赛,1,2,7
2507,14546,体育比赛,1,4,5
2508,14546,思政比赛,1,4,2
2509,14547,志愿服务,1,3,8
2510,14547,艺术活动,1,3,8
2511,14944,艺术活动,1,1,2
2512,14944,艺术活动,1,1,2
2513,15509,志愿服务,1,3,4
2514,14968,艺术活动,1,2,4
2515,14968,思政比赛,1,3,1
2516,14968,志愿服务,1,3,5
2517,15008,思政比赛,1,1,5
2518,14945,体育比赛,1,2,4
2519,14945,志愿服务,1,2,8
2520,14946,志愿服务,1,4,7
2521,14946,体育比赛,1,3,7
2522,14947,体育比赛,1,1,8
2523,14947,艺术活动,1,1,9
2524,14947,志愿服务,1,4,9
2525,14948,志愿服务,1,1,3
2526,14949,思政比赛,1,2,3
2527,14949,艺术活动,1,3,2
2528,14949,艺术活动,1,1,3
2529,14949,体育比赛,1,4,5
2530,14950,思政比赛,1,1,9
2531,14951,志愿服务,1,1,6
2532,14951,艺术活动,1,4,9
2533,14952,体育比赛,1,4,5
2534,14952,思政比赛,1,1,8
2535,14953,体育比赛,1,1,7
2536,14954,志愿服务,1,3,5
2537,14954,体育比赛,1,4,2
2538,14954,体育比赛,1,1,7
2539,14955,艺术活动,1,3,4
2540,14955,艺术活动,1,3,2
2541,14955,艺术活动,1,4,4
2542,14955,思政比赛,1,1,9
2543,14956,志愿服务,1,4,1
2544,14956,艺术活动,1,1,9
2545,14957,志愿服务,1,3,3
2546,14957,思政比赛,1,4,1
2547,14958,思政比赛,1,1,8
2548,14959,体育比赛,1,1,1
2549,14959,艺术活动,1,3,5
2550,14960,思政比赛,1,2,6
2551,14960,艺术活动,1,2,9
2552,14960,艺术活动,1,4,7
2553,14960,志愿服务,1,2,5
2554,14961,志愿服务,1,2,7
2555,14961,思政比赛,1,1,3
2556,14961,艺术活动,1,2,5
2557,15658,体育比赛,1,3,8
2558,15658,思政比赛,1,2,9
2559,15658,志愿服务,1,1,5
2560,15658,艺术活动,1,2,5
2561,14962,艺术活动,1,1,1
2562,14963,体育比赛,1,2,1
2563,14963,志愿服务,1,3,6
2564,14963,体育比赛,1,2,7
2565,15003,志愿服务,1,3,9
2566,15003,体育比赛,1,3,6
2567,15004,艺术活动,1,1,6
2568,15004,艺术活动,1,2,1
2569,15004,思政比赛,1,4,4
2570,15004,艺术活动,1,4,2
2571,15005,思政比赛,1,3,8
2572,15005,艺术活动,1,2,2
2573,15006,体育比赛,1,4,6
2574,15006,艺术活动,1,1,2
2575,15007,志愿服务,1,1,8
2576,15007,思政比赛,1,1,3
2577,15007,志愿服务,1,3,6
2578,14970,思政比赛,1,4,7
2579,14970,思政比赛,1,1,5
2580,14971,体育比赛,1,3,2
2581,14972,思政比赛,1,3,4
2582,14972,体育比赛,1,3,5
2583,14972,艺术活动,1,3,5
2584,14973,体育比赛,1,3,5
2585,14973,志愿服务,1,4,8
2586,14973,志愿服务,1,4,6
2587,14973,思政比赛,1,2,9
2588,14974,体育比赛,1,2,1
2589,14974,志愿服务,1,2,7
2590,14974,艺术活动,1,4,6
2591,14974,志愿服务,1,1,4
2592,14975,志愿服务,1,4,7
2593,14975,志愿服务,1,2,7
2594,14975,体育比赛,1,4,5
2595,14975,志愿服务,1,2,1
2596,14976,艺术活动,1,1,1
2597,14976,思政比赛,1,3,3
2598,14976,体育比赛,1,1,9
2599,14976,思政比赛,1,3,3
2600,14977,志愿服务,1,3,3
2601,14977,艺术活动,1,3,6
2602,14977,艺术活动,1,3,9
2603,14978,体育比赛,1,3,2
2604,14978,体育比赛,1,4,5
2605,14978,体育比赛,1,4,3
2606,14979,艺术活动,1,3,3
2607,14979,艺术活动,1,3,9
2608,14980,艺术活动,1,2,3
2609,14980,体育比赛,1,2,1
2610,14981,思政比赛,1,1,5
2611,14982,思政比赛,1,2,1
2612,14983,体育比赛,1,1,5
2613,14983,志愿服务,1,3,4
2614,14983,志愿服务,1,4,5
2615,14983,思政比赛,1,3,9
2616,14984,志愿服务,1,4,6
2617,14985,艺术活动,1,1,5
2618,14985,志愿服务,1,1,8
2619,14985,艺术活动,1,1,1
2620,14985,志愿服务,1,2,3
2621,14986,艺术活动,1,2,5
2622,14986,思政比赛,1,2,7
2623,14987,体育比赛,1,4,1
2624,14988,艺术活动,1,1,5
2625,14989,体育比赛,1,2,2
2626,14989,艺术活动,1,1,2
2627,14989,艺术活动,1,4,7
2628,14989,思政比赛,1,1,5
2629,14990,体育比赛,1,4,8
2630,14990,志愿服务,1,2,9
2631,14990,艺术活动,1,1,8
2632,14991,志愿服务,1,1,3
2633,14991,思政比赛,1,3,4
2634,14991,志愿服务,1,3,6
2635,14992,体育比赛,1,3,7
2636,14993,思政比赛,1,2,8
2637,14993,体育比赛,1,3,5
2638,14993,志愿服务,1,3,3
2639,14994,体育比赛,1,3,8
2640,14995,体育比赛,1,2,6
2641,14996,艺术活动,1,3,2
2642,14997,体育比赛,1,3,8
2643,14997,思政比赛,1,3,5
2644,14997,思政比赛,1,4,3
2645,14998,艺术活动,1,4,1
2646,14998,思政比赛,1,2,9
2647,14998,艺术活动,1,2,1
2648,15505,体育比赛,1,4,2
2649,15505,体育比赛,1,4,2
2650,14999,艺术活动,1,2,8
2651,14999,体育比赛,1,1,6
2652,14999,志愿服务,1,3,7
2653,14999,志愿服务,1,2,4
2654,15000,志愿服务,1,2,8
2655,15000,思政比赛,1,4,7
2656,15000,志愿服务,1,2,7
2657,15001,思政比赛,1,4,9
2658,15001,体育比赛,1,1,7
2659,15009,志愿服务,1,2,3
2660,15009,体育比赛,1,1,6
2661,15484,体育比赛,1,1,2
2662,15484,思政比赛,1,4,5
2663,15484,志愿服务,1,3,7
2664,15485,思政比赛,1,2,1
2665,15485,体育比赛,1,4,3
2666,15485,志愿服务,1,4,1
2667,15485,思政比赛,1,3,1
2668,15486,志愿服务,1,2,9
2669,15486,思政比赛,1,1,3
2670,15486,思政比赛,1,1,1
2671,15486,体育比赛,1,3,7
2672,15487,体育比赛,1,3,8
2673,15487,思政比赛,1,2,9
2674,15487,艺术活动,1,2,3
2675,15488,艺术活动,1,3,1
2676,15488,志愿服务,1,3,6
2677,15488,思政比赛,1,4,7
2678,15488,艺术活动,1,1,8
2679,15489,体育比赛,1,4,7
2680,15490,志愿服务,1,1,4
2681,15490,思政比赛,1,4,9
2682,15490,思政比赛,1,2,2
2683,15491,志愿服务,1,3,5
2684,15491,思政比赛,1,1,7
2685,15491,志愿服务,1,2,5
2686,15491,体育比赛,1,2,3
2687,15492,思政比赛,1,3,6
2688,15492,思政比赛,1,1,7
2689,15492,体育比赛,1,4,3
2690,15492,思政比赛,1,3,9
2691,15493,艺术活动,1,2,4
2692,15493,思政比赛,1,3,1
2693,15493,体育比赛,1,2,8
2694,15494,思政比赛,1,1,4
2695,15494,体育比赛,1,3,5
2696,15494,体育比赛,1,2,2
2697,15495,艺术活动,1,2,7
2698,15495,志愿服务,1,1,5
2699,15495,志愿服务,1,3,4
2700,15496,艺术活动,1,4,6
2701,15497,志愿服务,1,3,7
2702,15497,思政比赛,1,4,7
2703,15498,体育比赛,1,3,4
2704,15498,体育比赛,1,4,3
2705,15498,体育比赛,1,2,2
2706,15498,艺术活动,1,4,4
2707,15499,体育比赛,1,1,2
2708,15499,志愿服务,1,1,2
2709,15500,志愿服务,1,4,2
2710,15500,志愿服务,1,2,5
2711,15500,思政比赛,1,4,4
2712,15501,艺术活动,1,2,5
2713,15501,艺术活动,1,2,6
2714,15503,体育比赛,1,2,7
2715,15507,艺术活动,1,3,1
2716,15507,志愿服务,1,4,9
2717,15507,体育比赛,1,2,7
2718,15511,思政比赛,1,2,1
2719,15511,艺术活动,1,3,3
2720,15511,思政比赛,1,3,6
2721,15515,艺术活动,1,3,2
2722,15515,志愿服务,1,1,4
2723,15515,思政比赛,1,2,1
2724,15519,志愿服务,1,4,6
2725,15519,志愿服务,1,2,1
2726,15519,艺术活动,1,2,2
2727,15520,体育比赛,1,1,7
2728,15520,艺术活动,1,4,6
2729,15522,志愿服务,1,4,2
2730,15522,志愿服务,1,2,6
2731,15522,艺术活动,1,2,9
2732,15523,思政比赛,1,3,6
2733,15523,思政比赛,1,4,8
2734,15525,艺术活动,1,4,9
2735,15526,思政比赛,1,3,1
2736,15526,体育比赛,1,2,8
2737,15526,志愿服务,1,1,5
2738,15528,志愿服务,1,2,6
2739,15528,艺术活动,1,1,3
2740,15528,艺术活动,1,3,3
2741,15528,体育比赛,1,2,7
2742,15529,体育比赛,1,3,2
2743,15529,艺术活动,1,4,7
2744,15529,志愿服务,1,3,4
2745,15531,体育比赛,1,1,3
2746,15531,体育比赛,1,3,1
2747,15532,艺术活动,1,3,4
2748,15532,艺术活动,1,4,3
2749,15533,体育比赛,1,1,1
2750,15533,志愿服务,1,3,8
2751,15534,体育比赛,1,3,7
2752,15534,思政比赛,1,2,2
2753,15534,艺术活动,1,2,5
2754,15534,思政比赛,1,3,2
2755,15535,思政比赛,1,1,8
2756,15535,体育比赛,1,1,3
2757,15535,志愿服务,1,4,6
2758,15535,志愿服务,1,2,4
2759,15536,思政比赛,1,3,5
2760,15536,艺术活动,1,2,2
2761,15536,思政比赛,1,2,2
2762,15537,思政比赛,1,1,1
2763,15537,艺术活动,1,2,2
2764,15537,体育比赛,1,4,7
2765,15537,体育比赛,1,4,6
2766,15538,艺术活动,1,3,9
2767,15538,体育比赛,1,2,8
2768,15539,艺术活动,1,1,8
2769,15540,艺术活动,1,4,9
2770,15540,体育比赛,1,3,7
2771,15540,艺术活动,1,1,9
2772,15541,艺术活动,1,3,4
2773,15541,艺术活动,1,4,1
2774,15541,体育比赛,1,4,1
2775,15542,思政比赛,1,1,7
2776,15542,志愿服务,1,3,7
2777,15543,体育比赛,1,3,5
2778,15543,志愿服务,1,3,9
2779,15482,思政比赛,1,2,5
2780,15482,志愿服务,1,3,4
2781,15569,志愿服务,1,2,1
2782,15569,体育比赛,1,2,7
2783,15570,艺术活动,1,3,9
2784,15571,思政比赛,1,3,3
2785,15571,思政比赛,1,2,3
2786,15571,思政比赛,1,3,2
2787,15572,思政比赛,1,2,2
2788,15573,思政比赛,1,1,2
2789,15573,思政比赛,1,2,5
2790,15573,艺术活动,1,1,8
2791,15573,志愿服务,1,3,1
2792,15574,志愿服务,1,3,3
2793,15574,体育比赛,1,4,9
2794,15574,思政比赛,1,4,6
2795,15575,志愿服务,1,2,5
2796,15575,艺术活动,1,2,4
2797,15575,思政比赛,1,3,2
2798,15576,思政比赛,1,3,8
2799,15576,思政比赛,1,1,5
2800,15576,思政比赛,1,4,8
2801,15577,体育比赛,1,1,1
2802,15578,志愿服务,1,3,7
2803,15578,艺术活动,1,4,4
2804,15578,体育比赛,1,4,1
2805,15579,体育比赛,1,1,9
2806,15580,艺术活动,1,3,2
2807,15580,志愿服务,1,2,3
2808,15580,志愿服务,1,2,8
2809,15581,思政比赛,1,3,7
2810,15581,志愿服务,1,3,3
2811,15581,思政比赛,1,3,8
2812,15581,艺术活动,1,1,2
2813,15582,体育比赛,1,2,4
2814,15583,体育比赛,1,3,7
2815,15583,艺术活动,1,2,8
2816,15583,体育比赛,1,1,3
2817,15583,艺术活动,1,1,3
2818,15584,艺术活动,1,3,2
2819,15584,体育比赛,1,2,8
2820,15585,志愿服务,1,1,2
2821,15585,体育比赛,1,3,9
2822,15585,志愿服务,1,2,1
2823,15585,体育比赛,1,4,4
2824,15586,艺术活动,1,2,1
2825,15586,志愿服务,1,1,3
2826,15586,志愿服务,1,3,3
2827,15586,志愿服务,1,3,8
2828,15587,思政比赛,1,3,7
2829,15587,艺术活动,1,1,6
2830,15588,艺术活动,1,1,7
2831,15588,思政比赛,1,4,2
2832,15588,艺术活动,1,1,6
2833,15588,体育比赛,1,4,7
2834,15589,志愿服务,1,1,6
2835,15589,艺术活动,1,4,2
2836,15589,志愿服务,1,3,3
2837,15590,志愿服务,1,1,1
2838,15590,艺术活动,1,2,5
2839,15590,艺术活动,1,3,3
2840,15590,艺术活动,1,2,6
2841,15591,思政比赛,1,3,7
2842,15591,体育比赛,1,1,9
2843,15591,志愿服务,1,3,1
2844,15591,志愿服务,1,3,3
2845,15592,艺术活动,1,4,8
2846,15593,体育比赛,1,3,9
2847,15593,艺术活动,1,2,6
2848,15594,思政比赛,1,1,1
2849,15594,艺术活动,1,3,1
2850,15594,体育比赛,1,3,5
2851,15595,志愿服务,1,3,7
2852,15595,体育比赛,1,2,3
2853,15595,艺术活动,1,2,1
2854,15596,艺术活动,1,2,7
2855,15597,艺术活动,1,1,1
2856,15597,思政比赛,1,2,1
2857,15598,志愿服务,1,2,6
2858,15598,体育比赛,1,4,4
2859,15598,体育比赛,1,3,1
2860,15598,思政比赛,1,3,7
2861,15599,艺术活动,1,2,7
2862,15600,思政比赛,1,1,9
2863,15600,志愿服务,1,1,8
2864,15600,志愿服务,1,2,3
2865,15601,志愿服务,1,3,1
2866,15601,志愿服务,1,3,5
2867,15602,志愿服务,1,4,2
2868,15603,思政比赛,1,1,1
2869,15603,艺术活动,1,1,1
2870,15604,志愿服务,1,2,8
2871,15605,志愿服务,1,1,7
2872,15605,艺术活动,1,3,2
2873,15606,体育比赛,1,3,3
2874,15606,艺术活动,1,3,8
2875,15606,志愿服务,1,2,8
2876,15607,思政比赛,1,3,8
2877,15608,志愿服务,1,3,6
2878,15608,艺术活动,1,1,8
2879,15609,体育比赛,1,4,7
2880,15610,思政比赛,1,3,7
2881,15610,体育比赛,1,2,7
2882,15611,艺术活动,1,1,9
2883,15611,志愿服务,1,1,2
2884,15612,艺术活动,1,2,1
2885,15612,志愿服务,1,3,6
2886,15613,思政比赛,1,1,4
2887,15614,艺术活动,1,1,5
2888,15614,思政比赛,1,2,7
2889,15614,思政比赛,1,1,9
2890,15614,思政比赛,1,2,4
2891,15615,志愿服务,1,3,6
2892,15616,志愿服务,1,4,8
2893,15616,志愿服务,1,2,4
2894,15616,志愿服务,1,4,1
2895,15616,思政比赛,1,4,7
2896,15617,体育比赛,1,2,2
2897,15618,艺术活动,1,4,3
2898,15618,艺术活动,1,3,9
2899,15618,体育比赛,1,2,7
2900,15618,志愿服务,1,2,2
2901,15619,思政比赛,1,2,6
2902,15619,艺术活动,1,2,7
2903,15619,思政比赛,1,3,1
2904,15619,艺术活动,1,4,4
2905,15620,志愿服务,1,2,8
2906,15620,艺术活动,1,3,2
2907,15621,体育比赛,1,1,7
2908,15621,志愿服务,1,4,9
2909,15621,艺术活动,1,3,9
2910,15621,思政比赛,1,2,1
2911,15622,志愿服务,1,4,5
2912,15622,志愿服务,1,3,7
2913,15622,艺术活动,1,2,5
2914,15623,体育比赛,1,1,1
2915,15623,体育比赛,1,4,7
2916,15623,志愿服务,1,2,6
2917,15624,体育比赛,1,4,7
2918,15624,艺术活动,1,3,2
2919,15624,体育比赛,1,2,4
2920,15625,艺术活动,1,3,7
2921,15625,思政比赛,1,2,8
2922,15625,志愿服务,1,3,9
2923,15626,思政比赛,1,4,9
2924,15626,艺术活动,1,2,4
2925,15626,体育比赛,1,2,2
2926,15626,志愿服务,1,3,3
2927,15627,志愿服务,1,1,7
2928,15627,艺术活动,1,2,7
2929,15627,体育比赛,1,1,5
2930,15627,艺术活动,1,3,2
2931,15628,志愿服务,1,3,1
2932,15628,思政比赛,1,1,8
2933,15628,艺术活动,1,4,6
2934,15628,体育比赛,1,2,4
2935,15629,体育比赛,1,4,7
2936,15629,艺术活动,1,4,9
2937,15629,志愿服务,1,2,3
2938,15630,思政比赛,1,1,7
2939,15630,体育比赛,1,4,7
2940,15631,艺术活动,1,4,5
2941,15631,体育比赛,1,3,3
2942,15631,思政比赛,1,3,7
2943,15631,体育比赛,1,3,7
2944,15632,体育比赛,1,2,9
2945,15632,艺术活动,1,4,6
2946,15632,思政比赛,1,3,3
2947,15633,体育比赛,1,4,6
2948,15633,志愿服务,1,1,2
2949,15633,艺术活动,1,2,6
2950,15633,体育比赛,1,3,7
2951,15634,体育比赛,1,4,4
2952,15635,思政比赛,1,2,4
2953,15636,志愿服务,1,2,9
2954,15637,体育比赛,1,1,3
2955,15637,思政比赛,1,2,2
2956,15637,艺术活动,1,4,1
2957,15638,思政比赛,1,2,7
2958,15639,志愿服务,1,3,7
2959,15639,志愿服务,1,2,1
2960,15639,志愿服务,1,2,2
2961,15640,艺术活动,1,4,5
2962,15640,艺术活动,1,2,3
2963,15640,思政比赛,1,1,6
2964,15640,志愿服务,1,2,7
2965,15641,体育比赛,1,1,2
2966,15641,艺术活动,1,3,4
2967,15641,志愿服务,1,4,5
2968,15641,艺术活动,1,4,8
2969,15642,艺术活动,1,2,2
2970,15643,志愿服务,1,3,4
2971,15643,体育比赛,1,4,5
2972,15643,思政比赛,1,1,5
2973,15643,志愿服务,1,4,8
2974,15644,体育比赛,1,1,7
2975,15645,体育比赛,1,1,3
2976,15645,体育比赛,1,2,8
2977,15645,志愿服务,1,4,7
2978,15645,艺术活动,1,2,3
2979,15646,体育比赛,1,4,7
2980,15647,艺术活动,1,1,3
2981,15647,艺术活动,1,2,5
2982,15647,体育比赛,1,1,1
2983,15647,思政比赛,1,2,7
2984,15648,思政比赛,1,4,3
2985,15648,思政比赛,1,3,1
2986,15649,艺术活动,1,2,2
2987,15649,体育比赛,1,4,6
2988,15650,思政比赛,1,4,5
2989,15650,志愿服务,1,3,3
2990,15650,体育比赛,1,1,3
2991,15650,思政比赛,1,1,7
2992,15651,思政比赛,1,3,5
2993,15651,思政比赛,1,2,9
2994,15651,志愿服务,1,1,8
2995,15652,思政比赛,1,4,1
2996,15652,志愿服务,1,3,3
2997,15652,艺术活动,1,1,3
2998,15652,志愿服务,1,3,5
2999,15653,志愿服务,1,1,8
3000,15653,志愿服务,1,4,5
3001,15654,体育比赛,1,2,4
3002,15654,志愿服务,1,1,4
3003,15654,思政比赛,1,3,8
3004,15654,思政比赛,1,3,4
3005,15655,体育比赛,1,2,7
3006,15656,思政比赛,1,3,2
3007,15656,思政比赛,1,1,4
3008,15656,志愿服务,1,1,2
3009,15656,艺术活动,1,2,9
3010,15657,志愿服务,1,1,1
3011,15657,志愿服务,1,4,2
3012,15657,艺术活动,1,4,8
3013,15657,思政比赛,1,3,8
3014,15659,艺术活动,1,1,6
3015,15659,思政比赛,1,2,9
3016,15660,思政比赛,1,3,2
3017,15660,艺术活动,1,3,9
3018,15661,体育比赛,1,1,8
3019,15662,艺术活动,1,3,7
3020,15662,志愿服务,1,3,8
3021,15662,志愿服务,1,4,1
3022,15662,体育比赛,1,2,2
3023,15663,思政比赛,1,1,4
3024,15664,志愿服务,1,2,6
3025,15664,志愿服务,1,1,5
3026,15665,艺术活动,1,4,5
3027,15666,艺术活动,1,4,2
3028,15666,体育比赛,1,1,3
3029,15667,志愿服务,1,3,2
3030,15667,志愿服务,1,4,6
3031,15667,思政比赛,1,2,5
3032,15667,艺术活动,1,4,6
3033,15668,志愿服务,1,3,7
3034,16028,志愿服务,1,1,2
3035,16028,体育比赛,1,1,2
3036,16028,体育比赛,1,1,4
3037,16028,体育比赛,1,2,5
3038,15502,志愿服务,1,4,5
3039,15506,艺术活动,1,2,5
3040,15510,体育比赛,1,2,1
3041,15510,思政比赛,1,3,6
3042,15510,志愿服务,1,3,7
3043,15510,艺术活动,1,2,5
3044,15514,艺术活动,1,3,1
3045,15514,体育比赛,1,2,9
3046,15518,体育比赛,1,2,8
3047,15518,志愿服务,1,4,3
3048,15518,思政比赛,1,1,9
3049,15518,体育比赛,1,3,3
3050,15521,艺术活动,1,4,6
3051,15521,体育比赛,1,3,3
3052,15521,体育比赛,1,1,8
3053,15524,志愿服务,1,2,2
3054,15524,艺术活动,1,1,4
3055,15527,志愿服务,1,3,4
3056,15527,艺术活动,1,3,8
3057,15527,志愿服务,1,4,6
3058,15527,思政比赛,1,4,9
3059,15669,志愿服务,1,1,4
3060,15669,志愿服务,1,1,4
3061,15669,思政比赛,1,3,2
3062,15669,体育比赛,1,3,7
3063,15670,志愿服务,1,2,4
3064,15670,思政比赛,1,1,2
3065,15671,志愿服务,1,2,6
3066,15671,志愿服务,1,4,9
3067,15672,体育比赛,1,4,9
3068,15673,艺术活动,1,3,3
3069,15674,思政比赛,1,3,5
3070,15674,艺术活动,1,1,6
3071,15674,体育比赛,1,4,3
3072,15675,体育比赛,1,2,5
3073,15676,思政比赛,1,2,4
3074,15676,艺术活动,1,4,6
3075,15676,思政比赛,1,2,8
3076,15677,志愿服务,1,4,1
3077,15678,体育比赛,1,3,3
3078,15678,艺术活动,1,3,4
3079,15678,艺术活动,1,4,1
3080,15679,艺术活动,1,2,3
3081,15679,思政比赛,1,3,9
3082,15680,艺术活动,1,3,6
3083,15680,思政比赛,1,1,4
3084,15680,体育比赛,1,4,7
3085,15681,思政比赛,1,1,4
3086,15681,思政比赛,1,3,4
3087,15681,志愿服务,1,4,7
3088,15681,体育比赛,1,2,9
3089,15682,体育比赛,1,3,6
3090,15682,艺术活动,1,3,4
3091,15683,艺术活动,1,1,3
3092,15683,体育比赛,1,1,1
3093,15683,体育比赛,1,4,7
3094,15684,艺术活动,1,4,5
3095,15684,思政比赛,1,3,9
3096,15684,艺术活动,1,1,1
3097,15685,体育比赛,1,4,4
3098,15685,志愿服务,1,3,6
3099,15685,志愿服务,1,1,8
3100,15685,体育比赛,1,3,1
3101,15530,艺术活动,1,1,6
3102,15530,艺术活动,1,2,8
3103,15530,思政比赛,1,3,8
3104,15988,思政比赛,1,4,9
3105,15988,体育比赛,1,4,3
3106,15989,体育比赛,1,4,4
3107,15989,志愿服务,1,2,6
3108,15989,体育比赛,1,1,3
3109,15989,思政比赛,1,1,1
3110,16161,志愿服务,1,1,9
3111,15996,思政比赛,1,2,3
3112,15996,艺术活动,1,2,7
3113,16162,思政比赛,1,2,2
3114,16162,思政比赛,1,2,9
3115,16162,志愿服务,1,4,6
3116,16162,思政比赛,1,3,2
3117,16001,思政比赛,1,3,2
3118,16001,思政比赛,1,3,3
3119,16001,体育比赛,1,3,8
3120,16001,思政比赛,1,1,7
3121,15926,艺术活动,1,2,4
3122,15544,体育比赛,1,3,1
3123,15544,思政比赛,1,2,5
3124,15544,体育比赛,1,3,8
3125,15544,思政比赛,1,4,5
3126,15545,艺术活动,1,4,5
3127,15545,艺术活动,1,2,4
3128,15546,艺术活动,1,1,5
3129,15547,艺术活动,1,1,6
3130,15547,体育比赛,1,2,8
3131,15547,思政比赛,1,1,8
3132,15548,体育比赛,1,2,2
3133,15548,体育比赛,1,4,5
3134,15548,思政比赛,1,2,4
3135,15549,体育比赛,1,3,8
3136,15549,体育比赛,1,1,4
3137,15549,志愿服务,1,3,5
3138,15550,艺术活动,1,4,5
3139,15550,体育比赛,1,2,8
3140,15551,思政比赛,1,4,6
3141,15551,体育比赛,1,2,5
3142,15551,体育比赛,1,1,7
3143,15552,志愿服务,1,1,3
3144,15552,体育比赛,1,1,1
3145,15552,艺术活动,1,2,6
3146,15553,思政比赛,1,1,6
3147,15554,志愿服务,1,3,5
3148,15555,艺术活动,1,2,1
3149,15556,体育比赛,1,2,3
3150,15556,思政比赛,1,4,8
3151,15556,体育比赛,1,3,6
3152,15556,艺术活动,1,1,6
3153,15557,艺术活动,1,2,9
3154,15557,思政比赛,1,2,3
3155,15557,艺术活动,1,2,3
3156,15557,艺术活动,1,3,7
3157,15558,思政比赛,1,2,3
3158,15558,思政比赛,1,4,8
3159,15558,思政比赛,1,2,5
3160,15559,思政比赛,1,4,7
3161,15559,志愿服务,1,1,1
3162,15560,艺术活动,1,1,6
3163,15560,思政比赛,1,1,8
3164,15561,思政比赛,1,3,3
3165,15562,思政比赛,1,3,3
3166,15563,艺术活动,1,3,5
3167,15564,志愿服务,1,3,8
3168,15564,志愿服务,1,3,2
3169,15564,志愿服务,1,3,6
3170,15564,思政比赛,1,4,2
3171,15565,志愿服务,1,1,9
3172,15566,思政比赛,1,2,8
3173,15566,思政比赛,1,3,3
3174,15567,志愿服务,1,2,9
3175,15567,体育比赛,1,1,3
3176,15567,体育比赛,1,1,8
3177,15567,思政比赛,1,3,1
3178,15568,体育比赛,1,3,6
3179,15568,志愿服务,1,1,3
3180,15568,思政比赛,1,4,9
3181,15457,艺术活动,1,1,2
3182,15457,志愿服务,1,3,4
3183,15457,体育比赛,1,4,5
3184,15457,艺术活动,1,2,7
3185,15458,艺术活动,1,1,6
3186,15458,志愿服务,1,2,8
3187,15459,志愿服务,1,1,5
3188,15459,志愿服务,1,3,8
3189,15459,体育比赛,1,3,7
3190,15459,体育比赛,1,4,1
3191,15460,艺术活动,1,2,6
3192,15461,志愿服务,1,1,1
3193,15461,思政比赛,1,1,2
3194,15461,体育比赛,1,1,5
3195,15462,艺术活动,1,3,8
3196,15462,志愿服务,1,3,4
3197,15462,艺术活动,1,1,2
3198,15463,艺术活动,1,4,8
3199,15463,思政比赛,1,2,4
3200,15463,艺术活动,1,3,1
3201,15463,体育比赛,1,2,9
3202,15464,志愿服务,1,1,8
3203,15464,艺术活动,1,4,4
3204,15465,思政比赛,1,4,5
3205,15465,艺术活动,1,1,2
3206,15466,艺术活动,1,2,6
3207,15466,思政比赛,1,1,8
3208,15466,体育比赛,1,2,1
3209,15466,志愿服务,1,1,8
3210,15467,艺术活动,1,1,6
3211,15467,思政比赛,1,3,7
3212,15467,体育比赛,1,3,6
3213,15468,思政比赛,1,3,5
3214,15469,思政比赛,1,2,7
3215,15469,体育比赛,1,1,1
3216,15470,体育比赛,1,3,9
3217,15471,思政比赛,1,2,8
3218,15471,思政比赛,1,2,7
3219,15471,艺术活动,1,1,7
3220,15471,思政比赛,1,2,1
3221,15472,体育比赛,1,1,7
3222,15472,艺术活动,1,4,3
3223,15472,艺术活动,1,4,5
3224,15473,艺术活动,1,4,5
3225,15473,思政比赛,1,4,1
3226,15474,体育比赛,1,3,7
3227,15474,思政比赛,1,3,5
3228,15474,体育比赛,1,1,1
3229,15475,志愿服务,1,1,4
3230,15476,艺术活动,1,4,7
3231,15476,思政比赛,1,1,6
3232,15476,艺术活动,1,4,3
3233,15476,艺术活动,1,3,2
3234,15477,志愿服务,1,2,4
3235,15477,志愿服务,1,1,3
3236,15478,体育比赛,1,1,3
3237,15478,体育比赛,1,1,1
3238,15479,志愿服务,1,4,1
3239,15479,志愿服务,1,4,3
3240,15479,体育比赛,1,1,5
3241,15479,志愿服务,1,2,5
3242,15480,志愿服务,1,1,6
3243,15481,体育比赛,1,1,7
3244,15481,体育比赛,1,2,1
3245,15481,艺术活动,1,3,1
3246,15990,思政比赛,1,1,3
3247,15990,思政比赛,1,3,2
3248,15998,艺术活动,1,1,5
3249,15686,志愿服务,1,4,2
3250,15686,思政比赛,1,4,4
3251,15687,思政比赛,1,3,5
3252,15687,思政比赛,1,2,6
3253,15687,体育比赛,1,1,1
3254,15688,艺术活动,1,3,3
3255,15688,体育比赛,1,1,3
3256,15688,艺术活动,1,4,9
3257,15689,志愿服务,1,2,5
3258,15689,艺术活动,1,3,3
3259,15689,艺术活动,1,4,7
3260,15689,艺术活动,1,3,5
3261,15690,思政比赛,1,3,9
3262,15690,艺术活动,1,1,3
3263,15690,艺术活动,1,3,5
3264,15690,志愿服务,1,4,7
3265,15691,体育比赛,1,1,5
3266,15692,志愿服务,1,2,5
3267,15693,体育比赛,1,2,3
3268,15694,体育比赛,1,1,3
3269,15694,体育比赛,1,3,6
3270,15694,思政比赛,1,3,8
3271,15694,艺术活动,1,3,6
3272,15695,思政比赛,1,2,7
3273,15695,体育比赛,1,2,3
3274,15695,艺术活动,1,4,2
3275,15695,志愿服务,1,2,1
3276,15696,艺术活动,1,3,2
3277,15696,体育比赛,1,3,7
3278,15696,志愿服务,1,1,4
3279,15697,体育比赛,1,2,1
3280,15697,艺术活动,1,2,6
3281,15697,艺术活动,1,3,2
3282,15698,体育比赛,1,3,7
3283,15698,艺术活动,1,2,2
3284,15699,体育比赛,1,3,5
3285,15699,体育比赛,1,2,8
3286,15699,思政比赛,1,3,3
3287,15700,思政比赛,1,4,5
3288,15701,体育比赛,1,1,1
3289,15701,体育比赛,1,4,9
3290,15702,艺术活动,1,2,8
3291,15703,志愿服务,1,1,4
3292,15703,艺术活动,1,1,5
3293,15703,志愿服务,1,2,4
3294,15703,思政比赛,1,3,8
3295,15704,志愿服务,1,1,1
3296,15704,体育比赛,1,3,3
3297,15705,思政比赛,1,2,3
3298,15706,志愿服务,1,4,8
3299,15706,体育比赛,1,3,2
3300,15706,艺术活动,1,1,3
3301,15706,艺术活动,1,1,8
3302,15707,体育比赛,1,2,7
3303,15707,艺术活动,1,1,9
3304,15708,思政比赛,1,3,1
3305,15708,志愿服务,1,4,5
3306,15708,体育比赛,1,2,8
3307,15709,思政比赛,1,3,2
3308,15709,体育比赛,1,3,9
3309,15709,思政比赛,1,4,3
3310,15710,志愿服务,1,4,6
3311,15711,体育比赛,1,2,8
3312,15712,志愿服务,1,1,9
3313,15712,思政比赛,1,1,9
3314,15712,艺术活动,1,2,6
3315,15712,艺术活动,1,4,7
3316,15713,体育比赛,1,1,2
3317,15714,思政比赛,1,2,8
3318,15714,体育比赛,1,1,7
3319,15714,志愿服务,1,1,9
3320,15715,艺术活动,1,1,5
3321,15715,志愿服务,1,2,7
3322,15715,思政比赛,1,3,3
3323,15716,志愿服务,1,3,9
3324,15716,艺术活动,1,2,8
3325,15716,艺术活动,1,1,7
3326,15716,艺术活动,1,1,7
3327,15717,志愿服务,1,3,1
3328,15717,思政比赛,1,3,1
3329,15717,志愿服务,1,4,2
3330,15717,志愿服务,1,4,6
3331,15718,思政比赛,1,3,8
3332,15718,体育比赛,1,2,9
3333,15718,思政比赛,1,2,6
3334,15718,思政比赛,1,1,5
3335,15719,志愿服务,1,1,4
3336,15720,思政比赛,1,1,5
3337,15721,思政比赛,1,4,3
3338,15721,体育比赛,1,1,9
3339,15721,志愿服务,1,3,2
3340,15721,艺术活动,1,2,6
3341,15722,志愿服务,1,3,4
3342,15723,体育比赛,1,2,1
3343,15723,志愿服务,1,4,4
3344,15723,艺术活动,1,4,6
3345,15723,体育比赛,1,2,5
3346,15724,思政比赛,1,4,9
3347,15724,志愿服务,1,3,9
3348,15725,志愿服务,1,1,4
3349,15725,志愿服务,1,2,8
3350,15725,体育比赛,1,4,3
3351,15725,体育比赛,1,3,2
3352,15726,艺术活动,1,4,3
3353,15726,志愿服务,1,4,3
3354,15727,志愿服务,1,1,7
3355,15727,体育比赛,1,1,3
3356,15727,艺术活动,1,3,4
3357,15728,艺术活动,1,3,7
3358,15728,艺术活动,1,4,2
3359,15728,艺术活动,1,4,5
3360,15729,思政比赛,1,4,8
3361,15729,志愿服务,1,1,8
3362,15729,艺术活动,1,2,3
3363,15730,志愿服务,1,2,3
3364,15730,艺术活动,1,1,5
3365,15731,志愿服务,1,3,5
3366,15731,艺术活动,1,4,9
3367,15731,思政比赛,1,3,9
3368,15731,艺术活动,1,3,3
3369,15732,体育比赛,1,1,5
3370,15732,志愿服务,1,2,7
3371,15732,思政比赛,1,2,3
3372,15732,志愿服务,1,1,9
3373,15733,体育比赛,1,2,9
3374,15733,思政比赛,1,1,1
3375,15734,志愿服务,1,3,3
3376,15734,体育比赛,1,2,3
3377,15735,志愿服务,1,2,3
3378,15735,体育比赛,1,4,9
3379,15737,志愿服务,1,4,7
3380,15737,志愿服务,1,2,8
3381,15737,志愿服务,1,4,5
3382,15737,艺术活动,1,2,3
3383,15738,艺术活动,1,2,3
3384,15739,艺术活动,1,1,7
3385,15739,艺术活动,1,2,3
3386,15739,志愿服务,1,4,2
3387,15740,艺术活动,1,4,9
3388,15740,艺术活动,1,2,1
3389,15740,艺术活动,1,2,1
3390,15740,艺术活动,1,4,3
3391,15741,志愿服务,1,4,4
3392,15742,志愿服务,1,1,9
3393,15743,艺术活动,1,2,8
3394,15743,体育比赛,1,4,8
3395,15744,艺术活动,1,3,6
3396,15744,艺术活动,1,2,5
3397,15744,艺术活动,1,3,8
3398,15744,艺术活动,1,1,2
3399,15745,体育比赛,1,3,1
3400,15745,艺术活动,1,3,8
3401,15746,体育比赛,1,2,5
3402,15746,艺术活动,1,2,3
3403,15747,志愿服务,1,1,3
3404,15748,志愿服务,1,1,2
3405,15748,体育比赛,1,3,1
3406,15748,体育比赛,1,4,6
3407,15748,艺术活动,1,1,3
3408,15749,志愿服务,1,3,8
3409,15749,艺术活动,1,3,8
3410,15749,思政比赛,1,1,8
3411,15749,艺术活动,1,3,3
3412,15750,艺术活动,1,1,5
3413,15750,体育比赛,1,3,2
3414,15750,志愿服务,1,3,3
3415,15751,体育比赛,1,1,2
3416,15751,艺术活动,1,4,3
3417,15751,体育比赛,1,4,2
3418,15751,体育比赛,1,3,7
3419,15752,体育比赛,1,1,6
3420,15752,艺术活动,1,1,4
3421,15752,艺术活动,1,1,6
3422,15753,体育比赛,1,4,1
3423,15753,体育比赛,1,2,1
3424,15753,艺术活动,1,1,8
3425,15753,思政比赛,1,2,2
3426,15754,体育比赛,1,1,8
3427,16155,志愿服务,1,3,2
3428,16155,艺术活动,1,2,9
3429,16155,艺术活动,1,4,8
3430,15755,思政比赛,1,2,6
3431,15756,体育比赛,1,1,8
3432,15756,思政比赛,1,2,6
3433,15756,体育比赛,1,2,4
3434,15756,思政比赛,1,3,6
3435,15757,体育比赛,1,2,2
3436,15757,艺术活动,1,4,8
3437,15757,体育比赛,1,4,1
3438,15758,体育比赛,1,3,2
3439,15758,体育比赛,1,4,4
3440,15758,思政比赛,1,4,8
3441,15759,志愿服务,1,4,5
3442,15760,志愿服务,1,4,9
3443,15760,艺术活动,1,1,2
3444,15761,体育比赛,1,4,7
3445,15761,体育比赛,1,2,2
3446,15761,体育比赛,1,1,7
3447,15762,思政比赛,1,1,6
3448,15762,思政比赛,1,2,1
3449,15762,志愿服务,1,1,7
3450,15763,艺术活动,1,1,8
3451,15763,体育比赛,1,4,5
3452,15763,思政比赛,1,4,3
3453,15764,志愿服务,1,4,2
3454,15764,志愿服务,1,3,9
3455,15765,艺术活动,1,3,7
3456,15765,志愿服务,1,3,8
3457,15765,志愿服务,1,1,8
3458,15765,志愿服务,1,1,7
3459,15766,艺术活动,1,4,1
3460,15766,体育比赛,1,2,2
3461,15766,体育比赛,1,3,2
3462,15767,体育比赛,1,4,7
3463,15767,艺术活动,1,3,5
3464,15767,艺术活动,1,4,2
3465,15767,艺术活动,1,3,3
3466,15768,体育比赛,1,2,3
3467,15768,艺术活动,1,1,1
3468,15768,体育比赛,1,2,7
3469,15768,艺术活动,1,3,3
3470,15769,体育比赛,1,1,5
3471,15769,体育比赛,1,4,6
3472,15769,思政比赛,1,3,2
3473,15769,思政比赛,1,4,1
3474,15770,艺术活动,1,3,8
3475,15770,思政比赛,1,4,4
3476,15771,思政比赛,1,2,5
3477,15771,体育比赛,1,2,7
3478,15772,艺术活动,1,2,3
3479,15773,体育比赛,1,2,5
3480,15773,思政比赛,1,4,9
3481,15773,志愿服务,1,4,1
3482,15774,艺术活动,1,2,3
3483,15774,艺术活动,1,3,1
3484,15775,体育比赛,1,1,5
3485,15775,志愿服务,1,1,9
3486,15775,志愿服务,1,4,5
3487,15775,艺术活动,1,1,5
3488,15776,思政比赛,1,3,5
3489,15776,志愿服务,1,1,2
3490,15777,艺术活动,1,4,8
3491,15777,体育比赛,1,4,6
3492,15778,思政比赛,1,4,7
3493,15779,志愿服务,1,1,2
3494,15780,思政比赛,1,1,5
3495,15781,体育比赛,1,2,6
3496,15781,思政比赛,1,2,4
3497,15782,思政比赛,1,3,4
3498,15782,志愿服务,1,3,8
3499,15782,艺术活动,1,4,8
3500,15783,志愿服务,1,2,1
3501,15783,艺术活动,1,4,1
3502,15783,思政比赛,1,1,2
3503,15784,思政比赛,1,3,6
3504,15784,思政比赛,1,3,1
3505,15784,体育比赛,1,1,1
3506,15784,艺术活动,1,2,1
3507,15785,艺术活动,1,2,4
3508,15785,志愿服务,1,2,3
3509,15785,艺术活动,1,1,4
3510,15785,志愿服务,1,2,8
3511,15786,思政比赛,1,1,6
3512,15787,志愿服务,1,1,1
3513,15787,志愿服务,1,1,4
3514,15787,志愿服务,1,4,4
3515,15787,思政比赛,1,3,4
3516,15788,体育比赛,1,2,1
3517,15788,艺术活动,1,2,1
3518,15789,体育比赛,1,2,1
3519,15789,思政比赛,1,3,4
3520,15789,艺术活动,1,3,8
3521,15790,体育比赛,1,3,2
3522,15791,体育比赛,1,1,1
3523,15791,志愿服务,1,4,2
3524,15792,艺术活动,1,1,2
3525,15793,艺术活动,1,2,2
3526,15794,思政比赛,1,4,7
3527,15794,体育比赛,1,2,6
3528,15794,志愿服务,1,4,7
3529,15795,志愿服务,1,2,3
3530,15795,思政比赛,1,4,4
3531,15795,思政比赛,1,2,3
3532,15796,志愿服务,1,4,8
3533,15796,思政比赛,1,3,6
3534,15797,艺术活动,1,3,4
3535,15798,体育比赛,1,3,2
3536,15798,体育比赛,1,2,8
3537,15798,艺术活动,1,4,6
3538,15799,志愿服务,1,3,2
3539,15799,志愿服务,1,3,9
3540,15799,思政比赛,1,2,3
3541,15799,艺术活动,1,1,8
3542,15800,艺术活动,1,4,8
3543,15800,艺术活动,1,4,9
3544,15800,思政比赛,1,2,5
3545,15801,体育比赛,1,1,5
3546,15801,志愿服务,1,1,4
3547,15801,体育比赛,1,4,2
3548,15802,志愿服务,1,2,4
3549,15802,艺术活动,1,2,3
3550,15802,志愿服务,1,1,5
3551,15803,志愿服务,1,4,1
3552,15804,思政比赛,1,3,1
3553,15804,体育比赛,1,4,1
3554,15804,志愿服务,1,2,4
3555,15804,艺术活动,1,3,2
3556,15805,志愿服务,1,1,3
3557,15805,志愿服务,1,4,1
3558,15805,志愿服务,1,2,2
3559,15805,艺术活动,1,3,9
3560,15806,艺术活动,1,1,9
3561,15807,思政比赛,1,3,7
3562,15807,体育比赛,1,4,9
3563,15808,艺术活动,1,1,1
3564,15808,思政比赛,1,4,3
3565,15809,思政比赛,1,1,5
3566,15809,艺术活动,1,1,9
3567,15810,体育比赛,1,4,3
3568,15810,艺术活动,1,2,1
3569,15810,志愿服务,1,1,9
3570,15810,体育比赛,1,2,6
3571,15811,艺术活动,1,3,9
3572,15811,艺术活动,1,4,4
3573,15811,志愿服务,1,4,9
3574,15811,艺术活动,1,2,1
3575,15812,体育比赛,1,2,3
3576,15813,思政比赛,1,1,5
3577,15813,艺术活动,1,2,3
3578,15813,艺术活动,1,3,3
3579,15813,体育比赛,1,1,9
3580,15814,志愿服务,1,2,2
3581,15814,体育比赛,1,1,8
3582,15815,思政比赛,1,4,6
3583,15815,艺术活动,1,1,7
3584,15816,志愿服务,1,3,5
3585,15816,志愿服务,1,1,7
3586,15816,体育比赛,1,4,1
3587,15817,体育比赛,1,4,3
3588,15817,志愿服务,1,1,4
3589,15817,艺术活动,1,1,9
3590,15817,体育比赛,1,2,7
3591,15818,体育比赛,1,3,2
3592,15818,思政比赛,1,3,5
3593,15819,体育比赛,1,3,8
3594,15819,体育比赛,1,3,5
3595,15819,思政比赛,1,4,6
3596,15820,志愿服务,1,3,5
3597,15820,体育比赛,1,1,3
3598,15821,志愿服务,1,2,4
3599,15821,志愿服务,1,2,3
3600,15821,体育比赛,1,3,1
3601,15821,志愿服务,1,4,8
3602,15822,体育比赛,1,4,8
3603,15823,思政比赛,1,3,6
3604,15823,艺术活动,1,2,1
3605,15823,志愿服务,1,4,3
3606,15824,思政比赛,1,1,8
3607,15824,志愿服务,1,4,9
3608,15824,思政比赛,1,1,6
3609,15825,体育比赛,1,3,7
3610,15826,思政比赛,1,2,1
3611,15826,体育比赛,1,1,1
3612,15826,艺术活动,1,3,9
3613,15827,思政比赛,1,4,3
3614,15828,思政比赛,1,1,4
3615,15828,艺术活动,1,3,7
3616,15829,思政比赛,1,1,3
3617,15829,艺术活动,1,3,9
3618,15829,志愿服务,1,1,7
3619,15830,思政比赛,1,1,4
3620,15830,思政比赛,1,2,4
3621,15830,志愿服务,1,1,3
3622,15831,志愿服务,1,3,9
3623,15831,志愿服务,1,3,2
3624,15831,艺术活动,1,1,3
3625,15832,体育比赛,1,1,3
3626,15832,志愿服务,1,1,8
3627,15832,思政比赛,1,2,7
3628,15832,体育比赛,1,3,1
3629,15833,思政比赛,1,2,4
3630,15833,体育比赛,1,3,6
3631,15834,艺术活动,1,2,3
3632,15834,艺术活动,1,1,9
3633,15835,思政比赛,1,3,8
3634,15835,志愿服务,1,1,4
3635,15835,艺术活动,1,4,2
3636,15836,志愿服务,1,4,6
3637,15836,志愿服务,1,2,3
3638,15836,志愿服务,1,4,2
3639,15837,体育比赛,1,4,4
3640,15838,艺术活动,1,4,9
3641,15839,思政比赛,1,4,9
3642,15840,志愿服务,1,2,6
3643,15840,思政比赛,1,1,1
3644,15840,思政比赛,1,4,1
3645,15841,艺术活动,1,3,3
3646,15842,思政比赛,1,3,6
3647,15842,思政比赛,1,1,7
3648,15842,体育比赛,1,4,9
3649,15843,体育比赛,1,2,1
3650,15843,思政比赛,1,2,3
3651,15843,志愿服务,1,1,4
3652,15844,志愿服务,1,4,3
3653,15845,思政比赛,1,2,1
3654,15845,体育比赛,1,1,8
3655,15846,体育比赛,1,3,3
3656,15847,志愿服务,1,1,5
3657,15847,思政比赛,1,1,1
3658,15847,志愿服务,1,1,8
3659,15847,志愿服务,1,3,2
3660,15848,体育比赛,1,3,1
3661,15849,体育比赛,1,4,3
3662,15849,体育比赛,1,2,5
3663,15849,志愿服务,1,1,4
3664,15849,艺术活动,1,1,8
3665,15850,志愿服务,1,4,3
3666,15850,艺术活动,1,4,5
3667,15850,艺术活动,1,3,9
3668,15850,志愿服务,1,3,8
3669,15851,志愿服务,1,4,8
3670,15851,体育比赛,1,2,1
3671,15851,志愿服务,1,4,7
3672,15852,体育比赛,1,2,8
3673,15853,体育比赛,1,1,2
3674,15854,体育比赛,1,3,5
3675,15854,思政比赛,1,1,9
3676,15854,艺术活动,1,2,4
3677,15855,思政比赛,1,4,8
3678,15855,思政比赛,1,1,8
3679,15855,思政比赛,1,3,6
3680,15855,艺术活动,1,1,3
3681,15856,志愿服务,1,4,6
3682,15857,思政比赛,1,3,1
3683,15857,艺术活动,1,4,8
3684,15857,思政比赛,1,3,9
3685,15857,艺术活动,1,2,1
3686,15858,思政比赛,1,3,2
3687,15858,思政比赛,1,1,6
3688,15859,思政比赛,1,4,6
3689,15859,志愿服务,1,2,2
3690,15859,志愿服务,1,1,3
3691,15859,志愿服务,1,1,2
3692,15860,志愿服务,1,2,2
3693,15860,思政比赛,1,4,1
3694,16002,艺术活动,1,4,3
3695,16002,思政比赛,1,1,1
3696,16002,思政比赛,1,4,8
3697,15861,志愿服务,1,2,6
3698,15861,志愿服务,1,4,4
3699,15861,思政比赛,1,1,5
3700,15862,艺术活动,1,1,3
3701,15862,艺术活动,1,4,3
3702,15862,体育比赛,1,2,7
3703,15863,艺术活动,1,3,4
3704,15863,志愿服务,1,4,7
3705,15864,体育比赛,1,1,7
3706,15864,艺术活动,1,4,8
3707,15865,思政比赛,1,4,5
3708,15865,志愿服务,1,2,3
3709,15865,志愿服务,1,1,8
3710,15866,艺术活动,1,2,1
3711,15866,志愿服务,1,1,7
3712,15867,艺术活动,1,4,3
3713,15867,思政比赛,1,2,4
3714,15867,体育比赛,1,2,3
3715,15867,志愿服务,1,4,3
3716,15868,志愿服务,1,2,3
3717,15869,思政比赛,1,3,5
3718,15869,体育比赛,1,4,7
3719,15869,志愿服务,1,3,2
3720,15869,思政比赛,1,3,6
3721,15870,艺术活动,1,1,9
3722,15870,艺术活动,1,2,1
3723,15871,艺术活动,1,2,3
3724,15872,志愿服务,1,3,8
3725,15873,体育比赛,1,3,9
3726,15873,体育比赛,1,2,7
3727,15873,艺术活动,1,3,5
3728,15874,思政比赛,1,2,3
3729,15874,艺术活动,1,1,7
3730,15874,志愿服务,1,2,9
3731,15875,志愿服务,1,1,8
3732,15875,志愿服务,1,2,5
3733,15876,思政比赛,1,1,7
3734,15877,艺术活动,1,1,9
3735,15877,思政比赛,1,2,5
3736,15877,艺术活动,1,2,7
3737,15877,志愿服务,1,4,6
3738,15878,志愿服务,1,2,5
3739,15878,志愿服务,1,2,3
3740,15879,艺术活动,1,4,3
3741,15879,思政比赛,1,3,6
3742,15879,艺术活动,1,1,1
3743,15879,体育比赛,1,3,3
3744,15880,志愿服务,1,2,2
3745,15880,思政比赛,1,4,4
3746,15880,志愿服务,1,3,2
3747,15880,志愿服务,1,1,1
3748,15881,体育比赛,1,3,2
3749,15882,体育比赛,1,3,9
3750,15882,体育比赛,1,2,5
3751,15882,体育比赛,1,1,7
3752,15882,艺术活动,1,2,4
3753,15883,艺术活动,1,2,7
3754,15883,志愿服务,1,2,7
3755,15883,志愿服务,1,4,3
3756,15883,艺术活动,1,3,1
3757,15884,艺术活动,1,4,9
3758,15884,体育比赛,1,4,7
3759,15884,思政比赛,1,3,5
3760,15884,体育比赛,1,2,1
3761,15885,艺术活动,1,1,9
3762,15886,思政比赛,1,2,8
3763,15886,艺术活动,1,4,8
3764,15886,体育比赛,1,2,3
3765,15887,体育比赛,1,1,3
3766,15888,体育比赛,1,4,1
3767,15889,体育比赛,1,4,7
3768,15890,思政比赛,1,3,6
3769,15890,思政比赛,1,4,8
3770,15890,志愿服务,1,2,1
3771,15891,思政比赛,1,4,2
3772,15891,艺术活动,1,4,5
3773,15892,志愿服务,1,1,1
3774,15892,体育比赛,1,2,8
3775,15892,思政比赛,1,2,6
3776,15893,体育比赛,1,3,4
3777,15893,思政比赛,1,2,5
3778,15893,思政比赛,1,3,6
3779,15893,思政比赛,1,4,5
3780,15894,思政比赛,1,2,2
3781,15894,艺术活动,1,3,5
3782,15894,体育比赛,1,4,7
3783,15894,志愿服务,1,1,3
3784,15895,艺术活动,1,1,2
3785,15896,志愿服务,1,4,5
3786,15896,体育比赛,1,1,2
3787,15896,艺术活动,1,2,2
3788,15896,思政比赛,1,3,8
3789,15897,体育比赛,1,2,9
3790,15897,思政比赛,1,2,9
3791,15897,艺术活动,1,3,8
3792,15898,志愿服务,1,3,3
3793,15898,思政比赛,1,1,5
3794,15899,体育比赛,1,3,4
3795,15899,思政比赛,1,2,9
3796,15900,志愿服务,1,2,7
3797,15900,思政比赛,1,1,2
3798,15900,艺术活动,1,2,9
3799,15900,体育比赛,1,1,1
3800,15901,艺术活动,1,1,4
3801,15901,艺术活动,1,3,8
3802,15901,志愿服务,1,4,4
3803,15901,体育比赛,1,4,7
3804,15902,艺术活动,1,3,3
3805,15903,体育比赛,1,1,4
3806,15905,体育比赛,1,3,2
3807,15905,志愿服务,1,3,6
3808,15905,体育比赛,1,2,9
3809,15906,体育比赛,1,2,7
3810,15906,志愿服务,1,1,7
3811,15906,艺术活动,1,3,7
3812,15907,志愿服务,1,3,5
3813,15907,思政比赛,1,4,1
3814,15907,体育比赛,1,2,1
3815,15907,体育比赛,1,4,3
3816,15908,艺术活动,1,4,1
3817,15908,思政比赛,1,3,9
3818,15909,志愿服务,1,4,2
3819,15909,体育比赛,1,2,9
3820,15910,艺术活动,1,3,2
3821,15910,体育比赛,1,4,8
3822,15910,思政比赛,1,1,8
3823,15910,思政比赛,1,1,7
3824,15911,志愿服务,1,4,9
3825,15911,思政比赛,1,1,4
3826,15911,艺术活动,1,1,5
3827,15912,志愿服务,1,3,5
3828,15912,志愿服务,1,4,5
3829,15913,体育比赛,1,4,2
3830,15913,思政比赛,1,4,8
3831,15914,体育比赛,1,2,6
3832,15914,艺术活动,1,4,1
3833,15914,体育比赛,1,1,7
3834,15915,志愿服务,1,4,3
3835,15915,思政比赛,1,4,9
3836,15915,艺术活动,1,2,1
3837,15916,艺术活动,1,1,4
3838,15916,艺术活动,1,1,5
3839,15916,志愿服务,1,2,1
3840,15917,艺术活动,1,3,3
3841,15918,艺术活动,1,3,9
3842,15918,志愿服务,1,3,3
3843,15918,体育比赛,1,2,6
3844,15919,艺术活动,1,1,8
3845,15920,体育比赛,1,2,6
3846,15921,艺术活动,1,4,1
3847,15921,艺术活动,1,2,7
3848,15921,思政比赛,1,2,6
3849,15921,志愿服务,1,4,5
3850,15922,思政比赛,1,2,5
3851,15922,志愿服务,1,3,6
3852,15923,志愿服务,1,3,8
3853,15923,思政比赛,1,3,6
3854,15923,艺术活动,1,2,4
3855,15923,体育比赛,1,3,8
3856,15924,体育比赛,1,2,5
3857,15997,体育比赛,1,2,5
3858,15927,艺术活动,1,3,6
3859,15927,体育比赛,1,2,5
3860,15927,体育比赛,1,2,3
3861,15928,思政比赛,1,4,9
3862,15928,体育比赛,1,3,2
3863,15928,体育比赛,1,2,7
3864,15928,思政比赛,1,2,2
3865,15929,艺术活动,1,3,4
3866,15929,思政比赛,1,2,1
3867,15929,艺术活动,1,3,7
3868,15930,思政比赛,1,4,5
3869,15930,思政比赛,1,4,8
3870,15930,志愿服务,1,4,5
3871,15930,思政比赛,1,3,2
3872,15931,艺术活动,1,4,9
3873,15931,艺术活动,1,4,2
3874,15932,志愿服务,1,1,5
3875,15933,志愿服务,1,4,2
3876,15933,志愿服务,1,3,9
3877,15934,志愿服务,1,2,1
3878,15934,体育比赛,1,4,5
3879,15935,志愿服务,1,1,1
3880,15935,志愿服务,1,3,1
3881,15936,志愿服务,1,1,3
3882,15936,艺术活动,1,4,3
3883,15936,思政比赛,1,3,3
3884,15936,体育比赛,1,4,3
3885,15937,思政比赛,1,4,5
3886,15937,思政比赛,1,1,1
3887,15937,思政比赛,1,1,6
3888,15938,思政比赛,1,2,1
3889,15939,思政比赛,1,2,3
3890,15939,艺术活动,1,2,9
3891,15939,艺术活动,1,1,6
3892,15939,思政比赛,1,4,8
3893,15940,志愿服务,1,3,5
3894,15940,体育比赛,1,1,2
3895,15940,艺术活动,1,4,1
3896,15941,志愿服务,1,3,6
3897,15941,思政比赛,1,2,6
3898,15941,志愿服务,1,3,9
3899,15941,艺术活动,1,1,8
3900,15942,思政比赛,1,3,2
3901,15942,艺术活动,1,4,9
3902,15942,志愿服务,1,1,4
3903,15943,思政比赛,1,1,9
3904,15943,体育比赛,1,1,2
3905,15943,艺术活动,1,4,7
3906,15943,志愿服务,1,3,9
3907,15944,艺术活动,1,4,2
3908,15945,思政比赛,1,4,1
3909,15945,艺术活动,1,1,6
3910,15945,志愿服务,1,2,2
3911,15945,体育比赛,1,2,6
3912,15947,艺术活动,1,1,1
3913,15947,艺术活动,1,1,3
3914,15948,思政比赛,1,2,5
3915,15948,思政比赛,1,1,3
3916,15948,艺术活动,1,4,5
3917,16160,志愿服务,1,1,4
3918,15946,艺术活动,1,3,1
3919,15946,体育比赛,1,2,5
3920,15946,艺术活动,1,1,1
3921,15949,志愿服务,1,2,7
3922,15950,艺术活动,1,1,3
3923,15950,体育比赛,1,3,1
3924,15950,艺术活动,1,2,1
3925,15951,志愿服务,1,2,8
3926,15951,体育比赛,1,1,3
3927,15951,艺术活动,1,4,9
3928,15952,志愿服务,1,2,1
3929,15952,艺术活动,1,2,7
3930,15952,体育比赛,1,2,2
3931,15952,思政比赛,1,4,8
3932,15953,体育比赛,1,2,1
3933,15953,志愿服务,1,4,4
3934,15954,艺术活动,1,3,5
3935,15954,思政比赛,1,3,4
3936,15955,体育比赛,1,4,5
3937,15955,思政比赛,1,1,1
3938,15956,志愿服务,1,1,1
3939,15956,体育比赛,1,2,9
3940,15956,体育比赛,1,3,5
3941,15956,艺术活动,1,1,6
3942,15957,志愿服务,1,2,9
3943,15957,体育比赛,1,3,1
3944,15957,志愿服务,1,2,1
3945,15957,艺术活动,1,2,6
3946,15958,艺术活动,1,3,3
3947,15959,思政比赛,1,2,4
3948,15959,志愿服务,1,3,2
3949,15959,志愿服务,1,3,8
3950,15959,志愿服务,1,1,8
3951,15960,艺术活动,1,1,4
3952,15960,思政比赛,1,2,9
3953,15960,艺术活动,1,1,9
3954,15960,体育比赛,1,1,9
3955,15961,体育比赛,1,1,7
3956,15961,思政比赛,1,3,6
3957,15961,体育比赛,1,4,3
3958,15962,艺术活动,1,3,2
3959,15962,体育比赛,1,2,4
3960,15963,思政比赛,1,1,1
3961,15963,志愿服务,1,2,1
3962,15963,志愿服务,1,2,4
3963,15992,志愿服务,1,3,7
3964,15992,体育比赛,1,3,5
3965,15992,体育比赛,1,3,1
3966,15992,艺术活动,1,2,1
3967,16004,思政比赛,1,3,9
3968,16004,体育比赛,1,4,5
3969,16004,艺术活动,1,3,4
3970,16004,艺术活动,1,2,7
3971,16005,体育比赛,1,1,7
3972,16005,思政比赛,1,4,6
3973,16006,体育比赛,1,1,5
3974,16006,体育比赛,1,3,6
3975,16006,艺术活动,1,1,2
3976,16006,思政比赛,1,1,7
3977,16007,体育比赛,1,4,5
3978,16007,思政比赛,1,1,6
3979,16008,志愿服务,1,2,2
3980,16008,艺术活动,1,1,5
3981,16008,志愿服务,1,3,6
3982,16008,艺术活动,1,4,9
3983,16009,志愿服务,1,4,6
3984,16010,体育比赛,1,3,5
3985,16010,志愿服务,1,2,1
3986,16010,艺术活动,1,1,6
3987,16011,思政比赛,1,2,3
3988,16011,体育比赛,1,4,6
3989,16011,艺术活动,1,2,1
3990,16011,艺术活动,1,2,9
3991,16012,思政比赛,1,2,2
3992,16014,志愿服务,1,1,3
3993,16014,体育比赛,1,2,7
3994,16014,思政比赛,1,4,5
3995,16014,艺术活动,1,1,9
3996,16015,体育比赛,1,4,3
3997,16016,思政比赛,1,1,8
3998,16016,志愿服务,1,3,6
3999,16016,思政比赛,1,1,3
4000,16016,体育比赛,1,3,7
4001,16017,艺术活动,1,4,6
4002,16018,思政比赛,1,2,9
4003,16018,艺术活动,1,4,6
4004,16018,体育比赛,1,1,9
4005,16019,艺术活动,1,2,4
4006,16019,体育比赛,1,3,9
4007,16020,思政比赛,1,3,5
4008,16020,思政比赛,1,1,2
4009,16020,艺术活动,1,2,5
4010,16020,志愿服务,1,4,9
4011,16021,思政比赛,1,1,8
4012,16021,思政比赛,1,2,8
4013,16021,志愿服务,1,2,5
4014,16021,体育比赛,1,3,6
4015,16022,艺术活动,1,3,4
4016,16023,志愿服务,1,2,4
4017,16023,体育比赛,1,1,2
4018,16023,志愿服务,1,4,8
4019,16024,体育比赛,1,1,5
4020,16024,艺术活动,1,3,5
4021,16024,思政比赛,1,2,8
4022,16025,志愿服务,1,2,9
4023,16025,艺术活动,1,2,8
4024,16025,志愿服务,1,4,5
4025,16026,体育比赛,1,3,3
4026,16026,体育比赛,1,3,1
4027,16026,艺术活动,1,2,8
4028,16027,志愿服务,1,2,2
4029,16027,志愿服务,1,3,3
4030,16027,艺术活动,1,2,1
4031,16027,志愿服务,1,4,1
4032,15964,思政比赛,1,1,2
4033,15964,艺术活动,1,3,4
4034,15964,思政比赛,1,1,5
4035,15965,艺术活动,1,3,8
4036,15966,思政比赛,1,2,1
4037,15967,志愿服务,1,2,9
4038,15967,体育比赛,1,2,4
4039,15967,思政比赛,1,4,2
4040,15967,志愿服务,1,1,3
4041,15968,艺术活动,1,3,7
4042,15968,志愿服务,1,3,7
4043,15968,思政比赛,1,4,9
4044,15969,体育比赛,1,3,4
4045,15969,艺术活动,1,3,1
4046,15970,思政比赛,1,4,9
4047,15970,志愿服务,1,2,9
4048,15970,志愿服务,1,1,1
4049,15971,艺术活动,1,1,1
4050,15971,思政比赛,1,1,8
4051,15971,体育比赛,1,1,6
4052,15971,思政比赛,1,4,4
4053,15972,志愿服务,1,4,8
4054,15973,志愿服务,1,2,9
4055,15974,志愿服务,1,3,3
4056,15975,艺术活动,1,1,8
4057,15975,体育比赛,1,2,3
4058,15975,艺术活动,1,1,7
4059,15975,思政比赛,1,4,9
4060,15976,志愿服务,1,2,2
4061,15976,体育比赛,1,1,8
4062,15976,艺术活动,1,2,7
4063,15976,志愿服务,1,1,6
4064,15977,体育比赛,1,3,8
4065,15978,体育比赛,1,4,4
4066,15978,思政比赛,1,1,7
4067,15978,思政比赛,1,1,3
4068,15979,志愿服务,1,4,3
4069,15979,艺术活动,1,4,1
4070,15979,艺术活动,1,2,4
4071,15980,志愿服务,1,4,6
4072,15980,志愿服务,1,4,8
4073,15980,思政比赛,1,2,2
4074,15981,志愿服务,1,4,8
4075,15981,体育比赛,1,1,1
4076,15981,体育比赛,1,3,7
4077,15981,志愿服务,1,4,1
4078,15982,志愿服务,1,4,8
4079,15982,思政比赛,1,3,1
4080,15983,志愿服务,1,1,8
4081,15983,艺术活动,1,2,2
4082,15983,思政比赛,1,3,2
4083,15983,艺术活动,1,1,4
4084,15984,体育比赛,1,4,9
4085,15984,体育比赛,1,1,5
4086,15984,志愿服务,1,4,6
4087,15985,思政比赛,1,4,3
4088,15985,艺术活动,1,3,8
4089,15985,艺术活动,1,3,6
4090,15986,艺术活动,1,2,9
4091,15986,思政比赛,1,3,6
4092,15986,体育比赛,1,3,3
4093,15986,体育比赛,1,2,4
4094,15987,思政比赛,1,4,3
4095,15987,思政比赛,1,4,3
4096,15987,志愿服务,1,3,1
4097,15987,志愿服务,1,4,3
4098,16030,志愿服务,1,3,9
4099,16030,思政比赛,1,1,5
4100,16030,志愿服务,1,1,2
4101,16031,思政比赛,1,4,2
4102,16032,体育比赛,1,3,5
4103,16032,志愿服务,1,3,3
4104,16032,体育比赛,1,3,6
4105,16033,思政比赛,1,3,8
4106,16034,志愿服务,1,1,6
4107,16035,艺术活动,1,1,3
4108,16035,艺术活动,1,4,7
4109,16036,志愿服务,1,4,9
4110,16037,思政比赛,1,3,1
4111,16037,艺术活动,1,3,9
4112,16038,艺术活动,1,4,5
4113,16039,思政比赛,1,2,4
4114,16040,志愿服务,1,2,6
4115,16040,志愿服务,1,3,6
4116,16040,志愿服务,1,3,1
4117,16041,思政比赛,1,2,4
4118,16041,艺术活动,1,1,5
4119,16041,体育比赛,1,3,5
4120,16042,艺术活动,1,3,7
4121,16042,艺术活动,1,3,3
4122,16043,艺术活动,1,1,6
4123,16043,艺术活动,1,2,2
4124,16044,思政比赛,1,2,2
4125,16044,志愿服务,1,3,9
4126,16044,志愿服务,1,2,8
4127,16045,体育比赛,1,2,6
4128,16045,思政比赛,1,4,1
4129,16045,体育比赛,1,4,9
4130,16045,体育比赛,1,1,1
4131,16046,艺术活动,1,2,6
4132,16046,艺术活动,1,1,8
4133,16046,思政比赛,1,4,1
4134,16046,艺术活动,1,4,5
4135,16047,志愿服务,1,4,5
4136,16047,思政比赛,1,2,4
4137,16048,志愿服务,1,4,2
4138,16048,思政比赛,1,2,3
4139,16048,艺术活动,1,4,6
4140,16049,艺术活动,1,4,3
4141,16049,艺术活动,1,4,7
4142,16049,思政比赛,1,1,6
4143,16050,体育比赛,1,2,2
4144,16050,思政比赛,1,4,2
4145,16050,志愿服务,1,3,5
4146,16050,体育比赛,1,1,9
4147,16051,艺术活动,1,3,1
4148,16052,思政比赛,1,1,1
4149,16052,艺术活动,1,3,6
4150,16052,思政比赛,1,2,7
4151,16053,艺术活动,1,1,7
4152,16053,体育比赛,1,4,2
4153,16054,思政比赛,1,1,1
4154,16054,体育比赛,1,3,6
4155,16054,志愿服务,1,3,1
4156,16055,体育比赛,1,4,2
4157,16055,艺术活动,1,2,4
4158,16055,思政比赛,1,1,8
4159,16056,思政比赛,1,3,8
4160,16057,艺术活动,1,2,3
4161,16058,体育比赛,1,3,6
4162,16058,志愿服务,1,4,3
4163,16059,志愿服务,1,2,5
4164,16059,体育比赛,1,1,4
4165,16059,志愿服务,1,1,7
4166,16059,艺术活动,1,2,5
4167,16060,思政比赛,1,3,4
4168,16060,体育比赛,1,2,4
4169,16060,思政比赛,1,3,2
4170,16060,艺术活动,1,3,5
4171,16061,艺术活动,1,1,4
4172,16061,志愿服务,1,2,6
4173,16061,思政比赛,1,2,1
4174,16061,思政比赛,1,3,3
4175,16062,思政比赛,1,3,6
4176,16063,志愿服务,1,4,7
4177,16063,志愿服务,1,2,5
4178,16064,艺术活动,1,3,8
4179,16064,志愿服务,1,2,2
4180,16064,志愿服务,1,4,2
4181,16064,志愿服务,1,2,9
4182,16067,思政比赛,1,1,7
4183,16067,体育比赛,1,1,2
4184,16068,艺术活动,1,1,4
4185,16068,志愿服务,1,1,5
4186,16069,艺术活动,1,1,4
4187,16070,志愿服务,1,1,1
4188,16070,艺术活动,1,3,1
4189,16070,艺术活动,1,4,9
4190,16071,志愿服务,1,2,3
4191,16071,思政比赛,1,1,4
4192,16072,思政比赛,1,2,3
4193,16073,体育比赛,1,2,8
4194,16073,志愿服务,1,2,6
4195,16074,思政比赛,1,4,3
4196,16075,艺术活动,1,3,6
4197,16075,艺术活动,1,2,8
4198,16075,艺术活动,1,1,8
4199,16075,志愿服务,1,1,6
4200,16076,体育比赛,1,1,3
4201,16076,志愿服务,1,3,6
4202,16077,志愿服务,1,1,3
4203,16077,艺术活动,1,4,4
4204,16077,志愿服务,1,4,6
4205,16078,志愿服务,1,3,7
4206,16078,艺术活动,1,4,1
4207,16079,志愿服务,1,2,7
4208,16079,艺术活动,1,3,6
4209,16080,思政比赛,1,3,9
4210,16080,思政比赛,1,4,6
4211,16080,志愿服务,1,1,1
4212,16081,体育比赛,1,4,3
4213,16082,体育比赛,1,4,9
4214,16082,志愿服务,1,1,3
4215,16082,思政比赛,1,2,4
4216,16082,体育比赛,1,1,6
4217,16083,艺术活动,1,3,9
4218,16084,艺术活动,1,2,2
4219,16084,志愿服务,1,1,4
4220,16084,体育比赛,1,3,1
4221,16084,思政比赛,1,2,2
4222,16085,体育比赛,1,4,8
4223,16085,体育比赛,1,1,1
4224,16085,艺术活动,1,3,1
4225,16085,体育比赛,1,4,4
4226,16086,艺术活动,1,4,9
4227,16086,志愿服务,1,1,2
4228,16087,志愿服务,1,4,6
4229,16088,体育比赛,1,1,9
4230,16088,思政比赛,1,3,8
4231,16089,思政比赛,1,4,9
4232,16089,志愿服务,1,1,3
4233,16090,体育比赛,1,4,3
4234,16090,体育比赛,1,1,9
4235,16091,艺术活动,1,1,1
4236,16091,思政比赛,1,3,8
4237,16093,体育比赛,1,2,2
4238,16093,艺术活动,1,1,4
4239,16094,体育比赛,1,1,6
4240,16094,思政比赛,1,2,7
4241,16094,志愿服务,1,1,4
4242,16095,思政比赛,1,3,1
4243,16096,艺术活动,1,2,4
4244,16096,体育比赛,1,1,4
4245,16096,志愿服务,1,3,3
4246,16096,思政比赛,1,3,4
4247,16097,志愿服务,1,3,3
4248,16097,志愿服务,1,4,5
4249,16098,艺术活动,1,2,2
4250,16098,体育比赛,1,1,9
4251,16098,艺术活动,1,1,7
4252,16099,艺术活动,1,4,9
4253,16099,思政比赛,1,3,3
4254,16100,体育比赛,1,1,3
4255,16101,体育比赛,1,2,2
4256,16101,志愿服务,1,2,6
4257,16101,艺术活动,1,3,1
4258,16102,志愿服务,1,4,9
4259,16102,艺术活动,1,4,8
4260,16103,思政比赛,1,3,1
4261,16104,志愿服务,1,4,6
4262,16105,艺术活动,1,2,9
4263,16105,艺术活动,1,2,4
4264,16105,志愿服务,1,4,6
4265,16106,体育比赛,1,4,3
4266,16106,艺术活动,1,1,4
4267,16107,思政比赛,1,2,3
4268,16108,思政比赛,1,3,7
4269,16108,志愿服务,1,3,9
4270,16108,思政比赛,1,1,7
4271,16108,志愿服务,1,1,9
4272,16109,艺术活动,1,3,8
4273,16109,体育比赛,1,2,9
4274,16109,志愿服务,1,2,2
4275,16110,志愿服务,1,3,7
4276,16111,体育比赛,1,4,9
4277,16111,体育比赛,1,2,5
4278,16112,思政比赛,1,3,9
4279,16112,体育比赛,1,3,2
4280,16112,体育比赛,1,4,8
4281,16112,体育比赛,1,1,2
4282,16113,艺术活动,1,3,5
4283,16114,思政比赛,1,2,4
4284,16115,志愿服务,1,3,3
4285,16115,艺术活动,1,4,6
4286,16116,艺术活动,1,1,1
4287,16117,思政比赛,1,3,3
4288,16118,艺术活动,1,4,6
4289,16118,思政比赛,1,4,9
4290,16119,思政比赛,1,2,9
4291,16119,体育比赛,1,3,8
4292,16119,体育比赛,1,1,1
4293,16119,体育比赛,1,3,4
4294,16120,体育比赛,1,4,1
4295,16120,志愿服务,1,4,5
4296,16120,体育比赛,1,3,4
4297,16121,志愿服务,1,1,1
4298,16121,思政比赛,1,3,7
4299,16122,志愿服务,1,1,3
4300,16122,体育比赛,1,1,9
4301,16123,艺术活动,1,3,5
4302,16123,艺术活动,1,1,9
4303,16123,艺术活动,1,1,5
4304,16123,志愿服务,1,3,3
4305,16124,体育比赛,1,3,7
4306,16124,体育比赛,1,3,5
4307,16125,艺术活动,1,3,4
4308,16125,志愿服务,1,2,1
4309,16125,艺术活动,1,2,2
4310,16126,志愿服务,1,2,8
4311,16127,体育比赛,1,4,6
4312,16127,艺术活动,1,1,6
4313,16127,体育比赛,1,1,8
4314,16127,体育比赛,1,3,8
4315,16128,思政比赛,1,4,9
4316,16129,体育比赛,1,1,3
4317,16129,志愿服务,1,4,9
4318,16129,艺术活动,1,1,3
4319,16129,志愿服务,1,1,4
4320,16130,思政比赛,1,1,7
4321,16130,艺术活动,1,4,8
4322,16131,志愿服务,1,1,1
4323,16132,志愿服务,1,2,6
4324,16133,志愿服务,1,1,8
4325,16133,志愿服务,1,1,1
4326,16134,思政比赛,1,2,5
4327,16134,志愿服务,1,4,9
4328,16134,志愿服务,1,1,5
4329,16135,艺术活动,1,3,2
4330,16135,艺术活动,1,4,2
4331,16136,体育比赛,1,3,5
4332,16136,思政比赛,1,2,6
4333,16136,艺术活动,1,4,5
4334,16137,志愿服务,1,4,4
4335,16137,艺术活动,1,3,8
4336,16137,志愿服务,1,3,8
4337,16137,体育比赛,1,3,3
4338,16138,艺术活动,1,3,5
4339,16138,艺术活动,1,4,6
4340,16138,体育比赛,1,4,9
4341,16139,体育比赛,1,1,6
4342,16139,体育比赛,1,2,1
4343,16139,志愿服务,1,4,9
4344,16140,思政比赛,1,2,9
4345,16140,体育比赛,1,3,8
4346,16140,思政比赛,1,2,2
4347,16141,志愿服务,1,3,2
4348,16141,艺术活动,1,3,4
4349,16142,志愿服务,1,4,4
4350,16142,体育比赛,1,2,2
4351,16143,艺术活动,1,1,6
4352,16143,志愿服务,1,4,3
4353,16143,志愿服务,1,2,5
4354,16144,艺术活动,1,1,4
4355,16144,思政比赛,1,1,8
4356,16144,艺术活动,1,2,6
4357,16145,艺术活动,1,2,1
4358,16145,思政比赛,1,3,1
4359,16146,思政比赛,1,4,1
4360,16146,体育比赛,1,4,3
4361,16147,体育比赛,1,4,8
4362,16147,艺术活动,1,1,3
4363,16147,思政比赛,1,1,7
4364,16147,志愿服务,1,3,6
4365,16148,艺术活动,1,4,3
4366,16148,体育比赛,1,2,1
4367,16148,体育比赛,1,1,2
4368,16159,体育比赛,1,1,4
4369,16159,艺术活动,1,2,8
4370,16159,艺术活动,1,3,4
4371,16159,志愿服务,1,1,2
4372,16149,艺术活动,1,3,6
4373,16149,志愿服务,1,3,8
4374,16150,体育比赛,1,4,8
4375,16150,思政比赛,1,2,7
4376,16150,艺术活动,1,3,4
4377,16153,思政比赛,1,2,6
4378,16153,体育比赛,1,2,8
4379,16153,思政比赛,1,1,7
4380,16153,思政比赛,1,1,5
4381,16154,体育比赛,1,1,7
4382,16154,艺术活动,1,3,3
4383,16154,志愿服务,1,3,8
4384,16156,思政比赛,1,4,2
4385,16157,志愿服务,1,4,4
4386,16157,艺术活动,1,3,8
4387,16158,体育比赛,1,1,1
4388,16158,艺术活动,1,4,6
4389,16158,艺术活动,1,1,7
4390,16151,思政比赛,1,2,4
4391,16151,志愿服务,1,1,4
4392,16151,志愿服务,1,2,1
4393,16152,志愿服务,1,2,2
