,student_id,normal_at_num,early_at_num,practice_num,score_practice,innovation_num,score_innovation
0,14454,21,6,1,71,0,89
1,14479,21,8,0,67,1,77
2,14486,25,3,1,88,1,60
3,14549,29,7,0,99,0,70
4,14550,21,9,4,76,0,73
5,14551,24,8,1,83,3,91
6,14552,25,2,0,80,4,81
7,14553,21,8,1,69,2,81
8,14554,29,2,2,98,0,80
9,14555,25,9,0,91,1,94
10,14556,20,9,1,87,2,99
11,14557,26,6,0,93,4,99
12,14558,23,7,3,64,0,91
13,14559,24,2,1,82,0,73
14,14560,26,5,3,65,1,84
15,14561,29,6,2,78,4,87
16,14562,27,9,1,64,2,94
17,14563,27,7,4,67,1,82
18,14637,22,1,4,81,0,98
19,14564,28,1,3,71,4,68
20,14565,21,6,3,89,2,94
21,14566,29,3,2,62,3,95
22,14567,29,9,1,92,0,72
23,14568,25,6,0,71,2,64
24,14569,21,4,1,99,1,71
25,14911,21,5,1,91,1,81
26,14570,28,2,0,70,1,87
27,14571,20,3,1,62,1,84
28,14572,27,6,1,62,4,95
29,14573,21,9,0,80,4,69
30,14574,25,3,0,80,1,77
31,14575,26,6,2,80,2,86
32,14576,26,5,1,79,3,95
33,14577,25,8,2,82,0,72
34,14578,22,8,2,99,1,89
35,14579,20,8,0,66,0,94
36,14580,20,8,2,80,0,76
37,14582,26,1,1,92,0,97
38,14583,22,8,0,61,1,69
39,14584,28,1,0,82,4,85
40,14585,29,8,2,65,4,86
41,14586,24,5,0,68,4,91
42,14587,28,6,2,78,2,94
43,14588,22,5,1,97,1,69
44,14589,20,1,4,87,0,64
45,14590,23,7,0,88,0,68
46,14591,24,3,0,68,0,96
47,14592,23,4,0,94,1,98
48,14593,25,1,2,61,1,72
49,14594,22,1,0,79,4,93
50,14595,21,3,3,69,2,73
51,14596,26,5,2,60,1,85
52,14597,23,8,1,80,1,88
53,14598,21,8,2,98,2,67
54,14599,29,5,0,95,4,73
55,14600,29,3,3,76,0,67
56,14601,26,8,3,61,2,93
57,14602,21,6,4,71,1,84
58,14603,29,3,0,73,1,68
59,14604,21,5,2,64,1,66
60,14605,28,3,0,90,3,73
61,14606,26,9,3,83,2,75
62,14607,27,8,0,99,2,96
63,14608,25,8,3,87,1,85
64,14609,21,3,4,61,2,88
65,14610,24,3,4,60,0,63
66,14720,22,6,2,77,0,91
67,14611,22,8,0,60,2,90
68,14612,21,2,1,89,3,66
69,14613,25,4,0,81,0,94
70,14614,22,5,4,98,2,74
71,14615,22,6,0,64,3,79
72,14616,22,8,1,93,1,81
73,14617,20,8,0,62,2,77
74,14618,20,5,0,68,1,75
75,14619,25,6,0,93,2,77
76,14620,23,8,0,73,0,83
77,14621,29,5,0,71,2,94
78,14622,29,8,1,76,3,81
79,14623,26,2,3,61,3,61
80,14624,25,1,4,92,1,80
81,14625,20,8,1,74,3,66
82,14626,26,3,4,80,1,75
83,14627,28,8,0,88,3,68
84,14628,29,2,2,82,2,70
85,14629,26,8,1,95,1,80
86,14630,20,7,0,87,1,70
87,14631,21,6,2,86,0,62
88,14632,21,1,0,62,2,91
89,14633,21,9,4,71,1,90
90,14634,28,7,3,60,1,88
91,14635,24,8,2,76,1,81
92,14636,26,9,0,69,0,90
93,14638,22,3,0,62,1,67
94,14639,20,5,0,92,0,60
95,14824,25,4,0,96,3,87
96,14640,27,5,0,90,1,69
97,14641,29,3,1,81,2,89
98,14676,28,9,0,83,2,71
99,14642,23,1,4,99,3,81
100,14643,20,5,1,83,0,81
101,14644,25,1,1,66,0,87
102,14645,28,8,2,95,0,99
103,14646,24,6,3,94,1,76
104,14647,20,5,0,90,0,76
105,14648,23,3,0,97,0,95
106,14649,25,8,0,80,0,90
107,14650,27,7,2,80,1,94
108,14651,29,4,0,71,0,85
109,14652,29,2,3,67,0,68
110,14653,24,9,0,80,0,85
111,14654,26,8,4,98,1,87
112,14655,23,5,4,93,0,73
113,14908,27,3,2,92,1,92
114,14656,23,3,0,60,0,74
115,14657,29,2,0,68,1,88
116,14658,28,5,0,85,2,66
117,14659,23,7,3,88,3,69
118,14660,22,4,4,63,3,70
119,14661,24,6,2,73,1,72
120,14662,22,1,1,70,2,98
121,14663,29,8,1,60,2,68
122,14664,22,4,0,83,2,93
123,14665,20,9,0,77,1,72
124,14666,24,2,0,63,1,73
125,14667,29,3,0,68,2,90
126,14668,21,4,0,68,1,91
127,14669,21,5,1,86,4,67
128,14670,23,5,2,76,1,86
129,14671,29,2,2,92,0,91
130,14672,22,7,4,67,3,88
131,14673,22,8,1,82,2,91
132,14674,23,5,1,70,3,78
133,14675,24,5,1,86,4,97
134,14677,23,2,1,94,1,93
135,14678,26,4,1,78,1,86
136,14679,25,1,2,91,1,76
137,14680,29,8,1,90,1,62
138,14681,23,3,1,65,1,72
139,14682,20,1,1,60,0,79
140,14683,23,5,2,88,2,92
141,14684,21,4,0,79,3,72
142,14685,29,8,3,93,1,84
143,14686,24,2,1,79,4,80
144,14687,21,3,0,75,2,72
145,14688,22,6,0,75,3,94
146,14689,28,4,0,93,0,75
147,14690,23,2,2,77,2,82
148,14691,23,5,2,80,0,86
149,14692,20,6,2,71,1,76
150,14693,24,9,1,89,1,68
151,14694,20,7,3,65,0,89
152,14695,28,6,3,70,0,68
153,14696,21,9,0,97,1,91
154,14697,27,2,0,90,2,88
155,14698,24,8,1,69,2,90
156,14699,27,5,2,64,0,93
157,14700,25,2,4,80,3,95
158,14701,22,5,0,74,0,60
159,14702,26,2,1,81,1,90
160,14703,21,3,0,60,4,87
161,14704,20,9,0,93,0,93
162,14705,24,5,1,72,1,68
163,14706,20,2,0,68,1,79
164,14707,22,4,4,60,0,90
165,14708,28,9,3,66,4,83
166,14709,20,5,3,82,0,63
167,14871,22,7,0,65,2,69
168,14710,26,3,4,81,2,89
169,14711,29,7,3,99,1,63
170,14712,20,6,2,89,0,85
171,14713,21,6,0,91,0,83
172,14714,28,2,0,83,2,74
173,14715,26,3,1,70,0,69
174,14716,27,1,1,97,1,94
175,14717,23,1,2,67,3,94
176,14718,27,9,1,67,1,84
177,14719,26,1,1,96,0,76
178,14721,22,5,3,97,2,75
179,14722,23,4,0,60,1,93
180,14723,27,3,2,68,1,69
181,14724,26,7,2,93,0,71
182,14725,22,3,3,60,1,72
183,14726,24,9,3,74,0,88
184,14727,25,3,0,74,4,62
185,14728,22,1,4,81,0,62
186,14729,28,7,4,69,4,66
187,14730,22,7,3,69,0,83
188,14731,28,5,0,95,2,84
189,14732,20,5,1,68,2,94
190,14733,27,5,3,89,0,65
191,14734,27,4,1,92,1,83
192,14735,27,4,0,87,0,92
193,14736,24,4,0,92,0,65
194,14737,25,8,0,98,2,76
195,14738,27,4,2,60,0,72
196,14739,28,4,1,99,1,85
197,14740,21,9,0,71,2,95
198,14741,24,5,2,87,2,92
199,14742,24,5,2,99,0,97
200,14743,21,4,0,83,0,94
201,14744,20,8,1,79,1,75
202,14745,26,6,1,66,2,86
203,14746,23,7,2,84,1,72
204,14747,25,6,2,69,2,65
205,14748,20,6,4,69,0,92
206,14749,28,1,1,99,2,85
207,14750,22,8,4,97,2,60
208,14751,27,9,4,86,3,95
209,14752,20,8,0,80,0,99
210,14753,24,1,2,61,4,88
211,14754,23,8,0,79,1,71
212,14755,24,2,2,61,1,76
213,14756,25,3,4,68,4,67
214,14757,22,9,3,83,4,61
215,14758,20,4,0,85,0,81
216,14759,23,7,0,85,4,94
217,14760,21,1,4,64,2,83
218,14922,26,3,0,83,1,72
219,14761,22,4,0,88,0,72
220,14762,26,5,1,72,0,77
221,14763,23,1,1,98,1,93
222,14764,29,1,4,76,4,99
223,14765,22,2,1,80,2,97
224,14766,29,5,4,76,1,68
225,14767,23,6,0,83,0,74
226,14768,21,7,4,93,0,76
227,14769,28,8,0,79,1,68
228,14770,21,7,0,98,1,95
229,14771,29,4,0,67,2,61
230,14772,29,5,0,83,1,62
231,14773,20,2,2,77,2,85
232,14774,29,9,3,63,0,97
233,14775,25,9,0,71,2,85
234,14776,21,2,1,95,2,61
235,14777,22,7,1,74,1,92
236,14778,23,2,2,92,0,61
237,14779,28,9,3,91,0,80
238,14780,27,3,2,82,2,95
239,14781,22,6,2,88,0,78
240,14782,21,8,2,78,1,95
241,14783,26,8,3,84,0,99
242,14784,26,8,2,76,0,68
243,14785,20,7,4,88,1,73
244,14786,21,9,4,90,3,76
245,14787,27,2,1,75,2,82
246,14788,24,1,0,64,0,92
247,14789,29,9,3,77,0,71
248,14790,25,5,1,76,0,97
249,14791,24,8,0,77,0,96
250,14792,24,3,1,90,2,68
251,14793,26,2,0,64,0,78
252,14794,26,4,2,64,2,95
253,14795,27,9,2,90,1,90
254,14796,21,4,2,70,1,97
255,14797,24,9,4,69,1,89
256,14798,20,6,0,67,0,72
257,14799,27,7,0,87,3,69
258,14856,29,6,1,92,0,73
259,14800,20,6,0,65,0,81
260,14801,28,7,0,88,0,97
261,14802,28,5,2,76,3,61
262,14803,27,2,3,84,1,67
263,14804,26,8,1,97,1,72
264,14805,26,4,4,96,0,76
265,14806,29,9,3,91,0,71
266,14807,28,9,0,63,2,65
267,14808,20,4,0,88,1,94
268,14809,28,9,2,89,4,62
269,14810,20,2,3,75,2,79
270,14811,27,3,2,60,2,74
271,14812,25,7,0,79,0,81
272,14813,25,8,0,74,1,70
273,14814,29,5,1,84,4,99
274,14815,23,9,2,90,1,88
275,14816,28,1,1,93,1,95
276,14817,25,5,1,86,2,93
277,14876,23,2,2,92,1,95
278,14818,28,3,1,67,1,86
279,14819,25,8,3,90,3,74
280,14820,21,7,0,95,2,98
281,14821,25,6,0,69,3,72
282,14822,23,2,1,97,0,60
283,14823,28,3,1,70,2,64
284,14825,21,5,3,98,1,90
285,14826,25,6,1,84,0,84
286,14827,26,2,0,81,3,98
287,14828,21,2,2,80,1,71
288,14829,28,7,1,97,2,98
289,14830,21,2,0,64,0,61
290,14831,22,3,2,69,1,76
291,14832,26,4,0,80,1,64
292,14833,27,7,0,77,1,88
293,14834,20,9,2,83,2,74
294,14835,27,1,2,78,0,89
295,14836,24,1,1,81,1,66
296,14837,29,3,1,79,3,71
297,14838,23,9,3,99,0,76
298,14839,28,3,2,63,3,63
299,14840,24,6,2,99,3,86
300,14841,25,5,0,87,3,66
301,14842,25,7,1,74,3,66
302,14843,20,7,1,72,4,95
303,14844,29,7,3,88,1,61
304,14845,21,9,1,94,3,96
305,14846,23,3,0,97,1,91
306,14847,23,1,0,84,0,61
307,14848,21,7,0,76,2,62
308,14849,21,7,1,68,0,92
309,14850,22,2,2,73,2,78
310,14851,29,1,0,74,1,82
311,14852,23,1,4,63,1,63
312,14853,24,4,1,78,1,81
313,14854,23,3,1,85,3,81
314,14855,23,3,1,91,1,95
315,14857,23,4,0,85,4,96
316,14858,25,8,0,74,1,99
317,14859,27,1,2,61,0,93
318,14860,20,1,2,91,4,70
319,14921,29,5,4,96,0,93
320,14861,25,4,4,64,1,90
321,14862,28,9,1,65,0,90
322,14882,21,7,1,99,2,90
323,14863,26,5,4,84,0,81
324,14864,22,4,2,79,0,97
325,14865,26,3,0,87,0,79
326,14866,28,9,3,92,1,94
327,14867,23,1,0,83,3,60
328,14868,27,7,1,90,1,77
329,14869,29,1,0,85,2,75
330,14870,25,5,2,75,0,64
331,14872,28,5,0,73,3,77
332,14873,21,4,2,99,0,85
333,14874,29,9,1,68,0,83
334,14875,24,8,1,75,2,86
335,14877,24,3,1,82,3,71
336,14878,27,2,1,60,0,99
337,14879,22,5,4,97,3,70
338,14880,22,8,1,88,2,68
339,14881,22,8,0,70,2,96
340,14883,20,4,2,96,0,87
341,14896,25,9,2,90,4,65
342,14897,23,7,3,76,0,87
343,14898,28,1,2,82,0,79
344,14899,20,3,0,69,0,69
345,14900,26,1,0,86,4,90
346,14901,25,2,2,79,1,76
347,14902,25,2,0,97,4,61
348,14903,23,5,0,94,2,81
349,14904,20,3,1,67,1,97
350,14905,23,5,0,83,0,63
351,14906,21,7,2,90,1,78
352,14907,25,8,0,99,4,60
353,14909,23,7,4,82,0,68
354,14910,28,3,0,80,1,93
355,14912,24,1,2,68,1,81
356,14913,24,3,2,61,1,60
357,14914,26,4,4,68,0,99
358,14915,21,6,3,83,1,92
359,14916,22,5,3,65,4,60
360,14917,23,7,4,97,1,90
361,14918,24,9,0,70,1,95
362,14919,27,9,3,88,0,69
363,14920,23,4,1,90,2,85
364,14923,21,6,0,81,0,75
365,14924,25,6,0,82,0,79
366,14925,29,6,3,84,0,70
367,14926,26,9,2,98,1,79
368,14927,29,5,0,66,4,79
369,14928,28,4,3,81,2,61
370,14929,26,7,3,75,0,65
371,14930,24,7,1,87,3,72
372,14931,28,5,0,99,2,78
373,14932,26,8,4,62,2,92
374,14933,20,5,1,63,0,90
375,14934,20,5,2,86,3,94
376,14935,21,5,1,74,3,65
377,14936,27,6,0,79,1,95
378,14937,21,9,1,96,2,70
379,14938,23,5,2,82,0,96
380,14939,24,6,0,82,1,67
381,14940,25,6,3,88,0,90
382,14941,28,8,3,67,3,70
383,14942,29,9,1,93,4,64
384,14943,26,7,2,98,0,87
385,14969,21,1,3,84,0,60
386,14455,26,5,1,88,1,87
387,14480,29,1,0,84,0,67
388,15483,25,4,1,77,0,88
389,15991,22,8,3,72,2,73
390,15504,27,6,2,60,0,88
391,15925,22,1,1,90,2,71
392,15508,29,4,4,95,0,87
393,15995,25,9,2,71,0,78
394,15512,23,6,0,98,0,82
395,15999,25,8,0,87,3,84
396,13012,25,3,1,78,1,63
397,13599,25,3,2,62,0,68
398,13685,20,5,0,84,1,91
399,14488,22,7,1,84,0,92
400,13564,28,5,0,78,3,68
401,14489,27,8,1,68,2,74
402,14379,24,1,2,66,2,82
403,13947,24,6,0,90,1,86
404,13948,25,8,2,86,3,98
405,13949,22,3,0,98,2,87
406,13950,26,5,1,72,0,67
407,13951,21,9,0,94,1,82
408,13952,22,1,1,74,3,62
409,13953,20,9,2,98,1,74
410,13954,28,3,2,74,1,90
411,13955,28,4,1,69,3,88
412,13956,27,9,1,91,0,80
413,13957,26,1,1,92,2,78
414,13958,20,5,1,76,0,93
415,13959,20,5,2,65,3,95
416,13960,27,7,0,84,1,77
417,13961,29,2,2,96,0,86
418,13962,28,7,2,88,3,95
419,14548,27,6,0,70,0,82
420,13963,26,5,3,67,4,79
421,13964,21,4,1,69,3,75
422,13965,22,5,0,80,0,89
423,13966,23,5,4,94,0,61
424,13967,25,7,1,82,1,72
425,13968,23,5,2,86,0,89
426,13969,26,2,1,84,0,99
427,13970,20,9,0,68,2,91
428,13971,27,5,1,91,3,67
429,13972,28,7,2,77,4,96
430,13973,25,8,2,90,2,78
431,13974,27,5,2,76,1,68
432,13975,27,5,3,78,1,76
433,13976,26,4,0,97,4,96
434,13977,24,5,2,78,1,72
435,13978,20,4,2,64,1,60
436,13979,21,8,0,69,1,97
437,13980,24,1,0,76,2,86
438,13981,28,2,4,66,1,73
439,13982,20,2,0,63,0,83
440,13983,27,5,1,83,1,78
441,13984,26,6,0,99,1,84
442,13985,27,9,1,87,3,74
443,13986,20,8,2,60,1,86
444,13987,21,3,1,84,2,74
445,13988,28,6,0,63,3,69
446,13989,23,3,1,93,0,63
447,13990,26,6,0,67,1,67
448,13991,28,5,4,63,0,67
449,13992,28,6,4,94,0,69
450,13993,21,2,2,60,1,86
451,13994,29,2,4,70,0,66
452,13995,20,4,1,69,3,89
453,13996,28,6,1,72,0,85
454,13997,29,5,0,98,2,75
455,13998,27,9,0,67,2,90
456,13999,27,2,1,90,1,91
457,14000,29,4,4,92,0,76
458,14001,29,5,1,71,1,84
459,14002,20,1,2,83,0,73
460,14003,27,3,4,81,0,92
461,14004,20,1,4,65,1,72
462,14005,23,1,0,90,1,88
463,14006,27,2,1,83,2,86
464,14007,26,1,1,77,0,74
465,14008,28,9,4,66,0,68
466,14009,23,8,3,72,1,72
467,14010,26,1,0,81,0,97
468,14011,21,3,1,72,3,61
469,14012,20,4,0,91,2,76
470,14013,29,4,1,98,2,83
471,14014,25,3,2,74,2,64
472,14015,20,9,1,82,1,73
473,16000,24,8,0,89,1,98
474,14016,21,3,2,61,2,82
475,14017,29,6,1,69,1,74
476,14018,20,2,1,71,3,60
477,14019,21,6,0,91,0,94
478,14020,22,9,0,62,0,70
479,14021,26,3,2,75,4,90
480,14022,21,2,2,63,0,63
481,14023,27,9,1,74,1,88
482,14024,25,4,2,75,0,61
483,14025,28,7,0,86,4,60
484,14026,22,5,1,89,4,82
485,14027,26,9,1,83,0,70
486,14028,24,5,2,91,1,82
487,14029,26,6,0,75,1,98
488,14030,21,6,0,63,2,72
489,14067,26,2,0,84,2,96
490,14031,27,4,4,71,0,81
491,14032,29,7,1,81,4,86
492,14033,26,2,1,86,4,93
493,14034,27,1,2,99,1,86
494,14035,29,5,0,74,2,87
495,14036,28,2,1,68,0,94
496,14037,26,2,4,87,4,92
497,14038,22,8,1,74,1,97
498,14039,22,6,2,92,0,83
499,14040,23,8,2,78,1,66
500,14041,25,2,1,71,0,78
501,14042,29,7,1,88,1,83
502,14043,24,5,1,70,0,89
503,14044,22,8,1,82,2,83
504,14045,22,5,1,98,1,69
505,14046,29,2,1,77,4,79
506,14047,24,3,1,86,3,99
507,14048,24,7,4,81,1,96
508,14049,26,2,2,90,4,70
509,14050,22,2,3,62,0,90
510,14051,20,2,0,73,4,74
511,14052,26,8,2,89,3,98
512,14053,20,9,1,70,1,71
513,14054,23,2,1,66,0,75
514,14055,22,8,0,94,0,67
515,14056,28,6,2,91,1,60
516,14057,24,2,3,91,0,82
517,14058,27,4,2,61,0,93
518,14059,28,4,2,67,2,85
519,14060,20,7,0,63,4,81
520,14061,28,4,2,82,2,65
521,14062,24,8,0,72,0,67
522,14063,23,8,0,95,2,60
523,14064,21,1,0,69,0,95
524,14065,20,8,4,69,2,71
525,14066,24,9,4,83,4,77
526,14068,26,6,3,66,0,73
527,14069,20,7,0,92,0,92
528,14070,28,3,0,71,1,90
529,14071,20,1,1,66,0,72
530,14072,28,8,1,95,4,95
531,14073,25,9,2,77,0,87
532,14074,23,6,3,95,2,93
533,14075,23,4,1,64,1,75
534,14076,25,9,2,99,4,87
535,14077,20,5,0,67,0,70
536,14078,23,5,0,60,0,63
537,14079,27,4,1,95,0,86
538,14080,29,3,0,77,0,82
539,14081,22,6,1,76,4,94
540,14082,29,2,0,86,1,79
541,14083,26,4,3,86,1,80
542,14084,24,9,4,72,1,95
543,14085,26,6,2,98,2,89
544,14086,25,5,3,62,2,95
545,14087,25,7,2,80,0,89
546,14088,25,1,4,63,3,73
547,14089,24,9,2,88,1,72
548,14090,23,1,2,94,1,97
549,14091,26,6,1,77,1,74
550,14092,24,9,0,87,3,98
551,14093,24,6,2,81,0,90
552,14094,26,5,3,77,1,77
553,14095,24,9,1,70,2,87
554,14096,24,5,1,86,1,79
555,14097,22,1,3,95,0,62
556,14098,20,8,0,86,0,97
557,14099,26,6,1,67,0,91
558,14100,27,6,0,82,1,62
559,14101,29,5,1,68,3,82
560,14102,27,5,0,86,1,86
561,14103,22,1,0,80,4,73
562,14104,27,3,3,70,4,80
563,14105,20,6,3,80,0,68
564,14106,23,1,2,65,1,62
565,14107,24,3,1,75,0,77
566,14108,27,7,0,93,4,96
567,14109,22,8,1,92,2,63
568,14110,27,2,2,94,1,78
569,14111,23,6,1,78,1,89
570,14112,27,9,0,94,1,96
571,14113,23,5,3,72,4,64
572,14114,20,2,1,76,1,61
573,14115,29,7,2,77,0,76
574,14490,29,5,2,94,1,86
575,14116,29,6,0,91,3,98
576,14117,20,9,0,71,0,73
577,14118,29,3,2,99,0,62
578,14119,28,7,2,74,0,91
579,14120,26,3,4,75,1,64
580,14121,29,5,0,77,2,92
581,14122,22,5,0,72,2,77
582,14123,28,1,1,89,2,95
583,14124,22,3,0,64,1,85
584,14125,27,4,0,66,4,93
585,14126,25,2,1,95,1,89
586,14127,20,8,1,91,0,87
587,14128,26,5,2,81,1,64
588,14129,25,9,0,98,0,74
589,14130,25,1,0,72,1,72
590,14131,28,9,4,64,1,88
591,14132,20,3,2,91,0,72
592,14133,20,1,2,81,0,66
593,14134,20,2,0,94,0,86
594,14135,21,5,4,83,0,93
595,14136,24,9,0,66,3,79
596,14137,27,3,0,62,0,94
597,14138,29,9,3,98,3,93
598,14139,29,8,0,99,4,80
599,14140,25,4,1,90,1,86
600,14141,23,9,1,60,0,72
601,14358,23,8,0,64,0,80
602,14142,24,9,2,68,4,69
603,14143,27,3,2,88,0,75
604,14144,22,7,0,64,2,73
605,14145,22,3,2,96,3,70
606,14146,21,8,0,97,4,83
607,14147,22,9,0,81,1,83
608,14491,20,7,4,72,0,86
609,14148,20,7,4,91,1,98
610,14149,21,6,0,60,2,68
611,14150,20,3,0,68,3,74
612,14151,22,6,2,82,0,73
613,14152,24,8,1,95,0,80
614,14153,26,5,2,87,1,75
615,14154,21,5,1,79,1,81
616,14155,26,1,2,75,2,92
617,14156,23,6,3,62,1,90
618,14157,22,6,2,91,3,70
619,14158,22,4,0,77,0,89
620,14159,29,8,0,85,0,87
621,14160,27,9,0,68,2,67
622,14161,25,8,2,73,1,78
623,14162,28,6,1,83,4,71
624,14163,25,6,0,62,2,85
625,14164,28,7,2,83,4,80
626,14165,29,7,2,89,1,71
627,14166,24,9,1,99,0,97
628,14167,23,1,2,99,4,77
629,14168,29,1,2,70,0,66
630,14169,29,4,1,96,0,91
631,14170,27,7,2,77,0,88
632,14171,23,5,0,83,2,97
633,14172,28,5,4,98,0,69
634,14173,23,8,0,78,2,99
635,14174,24,4,2,64,4,79
636,14175,20,7,2,66,1,63
637,14176,26,5,0,66,0,60
638,14177,29,9,4,82,0,80
639,14178,21,1,0,70,3,63
640,14179,27,6,0,84,1,92
641,14180,27,3,3,66,0,67
642,14181,29,1,1,72,1,76
643,14182,20,3,4,88,3,90
644,14183,24,8,0,74,1,76
645,14184,28,4,1,72,2,63
646,14185,26,3,0,61,1,75
647,14186,22,2,2,70,2,88
648,14187,27,5,1,95,1,86
649,14188,29,9,0,73,0,77
650,14189,23,9,0,67,1,69
651,14190,21,7,2,79,2,88
652,14191,24,9,0,93,0,71
653,14192,23,3,2,91,1,93
654,14193,22,5,2,98,0,65
655,14194,24,1,1,70,2,83
656,14195,26,8,0,97,4,72
657,14196,21,8,0,74,2,94
658,14197,25,5,1,90,0,82
659,14198,20,2,1,73,1,79
660,14199,22,1,0,90,3,98
661,14200,28,8,0,67,4,84
662,14201,29,1,1,84,2,75
663,14202,26,7,3,83,1,84
664,14203,20,3,1,74,4,65
665,14204,26,4,1,67,0,73
666,14205,28,2,0,97,1,74
667,14206,28,2,0,84,4,92
668,14207,20,6,0,84,3,60
669,14208,20,1,1,86,3,90
670,14209,20,8,4,95,0,63
671,14210,26,5,2,75,3,95
672,14211,24,2,3,82,0,66
673,14212,28,7,1,96,0,78
674,14213,20,2,2,91,1,66
675,14214,28,9,2,80,1,70
676,14215,21,4,2,63,0,85
677,14216,21,5,1,72,0,92
678,14217,20,8,0,69,4,66
679,14218,24,7,2,97,3,87
680,14219,25,8,2,78,1,87
681,14220,23,3,0,79,1,82
682,14221,27,4,1,88,0,74
683,14222,25,7,0,93,1,97
684,14223,21,7,1,65,1,78
685,14224,28,6,0,88,1,69
686,14225,24,4,3,77,2,78
687,14226,25,7,0,83,0,78
688,14227,27,5,2,79,2,92
689,14228,26,4,3,73,1,89
690,14229,27,6,0,79,2,90
691,14230,20,3,0,73,1,87
692,14231,26,7,1,64,4,60
693,14232,21,9,0,67,4,96
694,14513,29,1,3,90,2,64
695,14233,24,3,1,70,0,92
696,14234,21,3,4,95,0,99
697,14235,27,6,0,69,4,68
698,14236,21,3,1,68,3,99
699,14237,24,9,2,82,1,63
700,14238,25,3,1,90,0,64
701,14239,22,8,0,95,2,86
702,14240,22,5,1,75,2,96
703,14241,28,8,2,90,0,85
704,14242,22,9,1,67,1,62
705,14243,20,3,0,60,2,63
706,14244,29,8,1,64,0,81
707,14245,24,8,0,68,3,67
708,14246,28,6,1,77,1,87
709,14247,25,5,1,89,0,60
710,14248,29,6,0,78,1,81
711,14249,28,1,0,88,0,69
712,14250,28,4,1,69,4,61
713,14251,28,4,0,68,1,91
714,14252,23,4,1,95,1,77
715,15904,28,7,0,66,1,67
716,14253,27,4,1,73,2,80
717,14254,20,5,1,94,2,62
718,14255,24,2,1,63,2,89
719,14256,23,5,2,85,1,85
720,14257,25,3,1,64,1,99
721,14258,20,3,2,84,4,79
722,14259,25,9,4,75,2,85
723,14260,29,5,3,74,2,93
724,14261,24,7,2,94,1,68
725,14262,25,3,3,68,4,78
726,14263,26,2,0,84,0,72
727,14264,28,1,2,63,3,94
728,14265,21,9,0,80,1,78
729,14266,23,4,1,75,4,96
730,14267,23,3,0,83,1,76
731,14268,23,9,4,94,2,89
732,14269,24,9,0,80,1,80
733,14270,29,2,0,86,1,92
734,14271,25,1,0,97,1,63
735,14272,23,8,2,85,4,95
736,14273,20,6,1,96,0,67
737,14274,23,9,0,78,1,94
738,14275,20,8,1,97,0,79
739,14276,24,3,0,74,4,83
740,14277,26,5,1,72,0,64
741,14278,20,5,4,76,1,91
742,14279,20,7,2,98,4,64
743,14280,21,3,1,92,0,96
744,14281,29,3,1,82,4,87
745,14282,26,1,1,77,0,67
746,14283,25,3,1,60,2,62
747,14284,26,9,0,94,0,68
748,14285,23,4,2,88,2,82
749,14286,23,5,1,99,0,89
750,14287,28,7,3,88,2,67
751,14288,26,5,2,90,1,94
752,14289,22,9,3,68,3,65
753,14290,26,3,1,79,3,67
754,14291,27,6,2,77,0,77
755,15516,27,8,4,68,4,87
756,14292,23,1,1,92,4,92
757,14293,24,3,2,97,1,84
758,14294,25,7,4,85,0,90
759,14295,27,6,0,98,2,62
760,14296,26,8,1,71,0,98
761,14297,27,8,2,85,1,78
762,14298,26,2,2,81,2,91
763,14299,29,9,2,88,0,80
764,14300,26,3,4,75,2,96
765,14301,21,5,0,65,4,64
766,14581,26,2,1,85,0,61
767,14967,26,4,0,83,0,70
768,15002,29,4,1,73,1,72
769,14302,25,2,2,91,1,75
770,14303,29,3,2,84,0,87
771,14304,25,7,0,91,1,62
772,14305,25,4,0,98,2,86
773,14306,28,8,0,60,2,90
774,14307,25,1,3,94,1,92
775,14308,28,7,0,69,4,89
776,14309,23,8,2,71,2,72
777,14310,25,5,0,83,2,75
778,14311,21,2,2,81,2,72
779,14312,29,9,3,81,2,84
780,14313,20,7,3,72,1,66
781,14314,29,9,3,79,1,62
782,14315,26,7,1,62,2,81
783,14316,29,5,3,68,1,98
784,14317,20,6,2,70,1,81
785,14318,22,4,0,86,2,81
786,14319,27,9,4,92,2,93
787,14320,20,8,0,96,0,64
788,14321,28,3,3,67,2,84
789,14322,21,4,1,89,0,64
790,14323,28,4,1,79,0,93
791,14324,27,7,0,94,0,96
792,14325,28,8,2,80,2,70
793,14326,20,4,3,93,1,78
794,14327,21,9,4,87,2,79
795,14328,26,5,2,86,0,93
796,14329,26,8,0,71,1,86
797,14330,26,5,2,71,3,92
798,14331,21,4,3,60,0,63
799,14332,25,9,0,62,1,80
800,14333,22,8,1,91,3,67
801,14334,23,9,3,75,0,97
802,14335,24,9,2,81,0,91
803,14336,26,4,4,78,0,80
804,14337,24,9,2,87,0,77
805,14338,21,6,1,84,0,79
806,14339,27,6,1,86,3,85
807,14340,22,8,0,63,1,72
808,14341,20,4,2,88,4,83
809,14342,29,2,0,68,0,87
810,14343,27,1,4,62,2,71
811,14344,28,7,2,70,1,71
812,14345,28,1,0,77,3,81
813,14346,24,2,3,71,1,88
814,14347,22,1,1,92,0,88
815,14348,25,9,0,89,0,94
816,14349,22,1,4,73,1,75
817,14350,22,3,2,80,0,88
818,14351,22,9,1,90,0,77
819,14352,29,6,0,77,2,98
820,14353,28,5,0,86,0,72
821,14354,28,6,0,97,0,87
822,14355,29,3,1,65,0,77
823,14356,20,8,4,69,4,90
824,14357,21,9,1,76,4,96
825,14359,20,8,1,73,2,69
826,14360,22,6,0,71,2,86
827,14361,29,3,0,73,3,61
828,14362,27,9,4,71,0,86
829,14363,26,3,0,67,0,79
830,14364,28,5,1,92,3,77
831,14365,28,1,1,75,4,64
832,14366,24,8,2,64,0,97
833,14367,28,1,1,81,0,89
834,14368,24,1,1,75,0,69
835,14369,26,6,2,61,3,66
836,14370,28,5,1,64,0,84
837,14371,23,9,2,75,4,72
838,14372,22,1,0,92,0,77
839,14373,20,2,1,84,1,95
840,14374,26,2,1,88,0,66
841,14375,23,5,0,72,0,67
842,14376,27,3,1,66,2,62
843,14377,22,9,2,94,2,80
844,14378,27,8,0,92,0,66
845,14380,25,4,1,64,1,65
846,14381,25,1,3,75,2,74
847,14382,28,6,1,71,0,88
848,14383,21,4,0,68,1,99
849,14384,25,3,0,97,2,64
850,14385,25,9,0,60,0,74
851,14386,28,3,1,91,3,93
852,14387,23,1,1,98,2,64
853,14388,28,2,1,94,0,60
854,14389,28,9,0,85,1,68
855,14390,21,8,0,76,0,63
856,14391,24,5,2,74,0,74
857,14392,25,6,3,65,2,74
858,14393,20,5,0,67,4,87
859,14394,28,2,4,69,1,92
860,14395,25,5,4,70,4,73
861,14396,26,1,4,94,0,97
862,14397,20,9,2,71,0,68
863,14398,29,7,2,72,0,94
864,14399,23,6,2,98,2,80
865,14400,22,9,0,60,0,60
866,14401,24,1,4,62,0,74
867,14402,28,8,4,75,3,70
868,14403,26,6,1,72,1,65
869,14404,22,2,0,67,1,95
870,14405,28,6,4,92,0,70
871,14406,26,9,0,94,0,99
872,14407,25,2,3,85,0,72
873,14408,28,9,0,93,0,94
874,14409,21,4,0,79,2,63
875,14410,22,8,1,85,2,96
876,14411,27,8,1,75,1,83
877,14412,29,5,0,79,2,84
878,14413,25,7,4,95,1,73
879,14414,23,1,3,89,0,94
880,14415,26,7,4,82,1,86
881,14416,26,3,3,64,2,80
882,14417,21,6,0,91,0,92
883,14418,25,5,1,84,0,66
884,14420,24,9,3,61,2,70
885,14421,20,1,0,76,0,71
886,14422,20,8,1,67,3,96
887,14423,23,1,1,68,1,84
888,14424,25,7,2,87,3,97
889,14425,23,2,0,94,1,99
890,14426,29,4,0,70,1,82
891,14427,26,1,2,94,0,73
892,14428,22,2,1,97,1,63
893,14429,25,1,0,78,1,61
894,14430,21,6,2,84,0,79
895,14431,23,9,1,83,1,98
896,14432,29,1,0,73,1,78
897,14433,24,8,2,68,2,64
898,14434,25,1,2,94,4,73
899,14435,20,9,0,96,1,79
900,14436,25,4,1,91,3,78
901,14437,29,6,1,71,2,97
902,14438,27,5,3,99,2,99
903,14439,21,6,2,69,0,67
904,14440,25,3,2,84,1,92
905,14441,28,3,1,70,3,87
906,14442,26,2,4,94,2,62
907,14443,23,4,0,99,2,85
908,14444,26,3,4,99,1,63
909,14445,25,2,4,71,3,90
910,14446,26,9,0,90,1,90
911,14447,25,7,4,96,2,89
912,14448,22,6,0,81,4,93
913,14449,22,1,0,65,1,89
914,14450,25,5,0,79,0,63
915,14451,21,8,2,66,2,79
916,14452,28,1,0,97,2,77
917,14453,24,1,3,82,1,70
918,14485,28,3,3,62,0,76
919,14884,21,9,1,65,0,67
920,14885,24,9,0,67,1,82
921,14886,20,3,0,84,4,93
922,14887,26,6,3,86,2,60
923,14888,26,9,1,72,1,61
924,14889,20,2,1,79,0,96
925,14890,20,1,1,87,2,62
926,14891,27,5,3,79,1,86
927,14892,29,6,2,62,0,61
928,15517,27,3,2,86,4,71
929,14893,22,3,3,83,4,65
930,14894,22,5,1,99,2,92
931,14895,27,1,0,75,4,61
932,14481,21,8,1,73,2,80
933,14482,24,5,0,89,4,80
934,14483,25,9,2,64,0,98
935,14484,27,3,1,86,0,91
936,14514,24,9,1,77,2,97
937,14515,28,1,0,93,1,93
938,14516,26,9,0,92,0,92
939,14517,20,2,3,81,0,91
940,14518,20,6,1,94,1,72
941,14519,26,5,3,74,0,89
942,14520,23,2,2,79,0,69
943,14487,28,6,0,91,4,64
944,14492,22,2,1,75,3,69
945,14493,25,1,4,72,4,75
946,14494,24,7,2,77,0,74
947,14495,28,2,2,72,1,80
948,14496,27,2,2,61,1,84
949,14497,24,8,0,76,0,91
950,14498,26,3,0,75,1,90
951,14499,24,2,4,75,0,75
952,14500,29,8,2,94,2,80
953,14501,20,8,0,77,2,67
954,14502,20,3,4,65,0,61
955,14503,23,1,0,95,0,90
956,14504,21,8,0,80,2,70
957,14505,29,4,2,62,2,82
958,14506,22,9,3,88,3,75
959,15513,25,7,1,73,0,80
960,15993,22,8,1,90,0,82
961,16029,20,3,1,77,0,99
962,14507,27,7,0,89,0,76
963,14508,27,5,0,63,0,71
964,14456,27,7,2,80,1,74
965,14457,27,4,0,95,0,73
966,16092,24,6,0,92,1,63
967,14458,20,5,0,81,2,76
968,14459,22,4,0,82,0,84
969,14460,24,4,1,65,0,83
970,14461,21,6,3,95,4,85
971,14462,24,6,2,98,0,86
972,14463,29,7,2,70,1,81
973,14464,20,9,2,87,2,89
974,14465,29,5,2,70,2,94
975,14466,21,2,1,66,2,82
976,14467,23,2,0,92,2,73
977,14468,21,6,0,75,4,96
978,14469,23,5,4,75,2,99
979,14470,24,3,4,86,1,74
980,14471,23,4,1,98,3,78
981,14472,23,2,0,67,1,65
982,14473,20,8,0,74,1,85
983,14474,26,2,2,64,0,91
984,14475,22,2,1,81,0,70
985,14476,26,9,1,88,1,66
986,14477,20,8,0,70,1,72
987,14478,27,3,0,76,2,70
988,14964,23,1,4,76,1,95
989,14965,26,7,1,60,4,74
990,14966,22,9,4,88,3,70
991,14510,26,5,2,71,2,85
992,14511,26,1,3,74,1,61
993,14512,25,5,3,80,2,64
994,14521,23,1,0,91,0,93
995,14522,20,8,0,73,2,78
996,14523,25,8,3,64,2,76
997,14524,29,8,0,98,2,70
998,14525,29,1,1,96,0,85
999,14526,22,8,2,66,1,72
1000,14527,25,2,0,89,1,90
1001,14528,29,6,2,64,2,91
1002,14529,28,5,2,75,0,69
1003,14530,22,2,4,66,0,63
1004,14531,22,4,1,95,0,94
1005,14532,28,8,3,96,0,74
1006,14533,21,7,1,73,4,93
1007,14534,29,8,1,60,4,83
1008,14535,25,4,4,74,2,64
1009,14536,24,9,2,66,1,90
1010,14537,21,2,0,95,0,64
1011,14538,25,2,0,81,1,85
1012,14539,29,9,2,88,1,88
1013,14540,22,9,0,63,0,71
1014,14541,28,5,4,95,1,78
1015,14542,22,4,3,64,1,95
1016,14543,26,2,1,64,0,81
1017,14544,22,8,2,82,1,61
1018,14545,29,4,3,82,2,79
1019,14546,25,1,0,97,4,70
1020,14547,26,2,0,87,1,81
1021,14944,29,1,2,63,1,78
1022,15509,24,2,1,71,4,83
1023,14968,26,2,0,86,2,69
1024,15008,26,4,3,60,1,90
1025,14945,24,7,1,71,0,66
1026,14946,28,8,1,89,1,62
1027,14947,26,2,1,60,1,85
1028,14948,22,6,0,62,2,87
1029,14949,27,3,1,78,2,91
1030,14950,28,4,3,72,0,77
1031,14951,21,5,0,96,3,96
1032,14952,22,2,1,84,2,99
1033,14953,21,5,1,63,1,92
1034,14954,27,5,0,85,0,68
1035,14955,28,5,1,79,4,68
1036,14956,22,2,1,73,0,60
1037,14957,28,3,0,73,0,65
1038,14958,20,6,4,69,4,74
1039,14959,26,7,0,92,1,98
1040,14960,25,9,0,76,2,78
1041,14961,23,8,0,82,0,72
1042,15658,24,8,4,80,2,86
1043,14962,27,7,0,92,4,72
1044,14963,20,4,0,90,2,80
1045,15003,22,5,0,71,4,70
1046,15004,23,8,1,92,2,85
1047,15005,21,7,1,70,0,83
1048,15006,24,8,0,99,2,73
1049,15007,21,1,4,66,0,79
1050,14970,27,2,0,67,4,63
1051,14971,25,5,1,67,4,95
1052,14972,29,3,0,99,2,66
1053,14973,20,9,3,92,3,60
1054,14974,28,5,1,83,0,60
1055,14975,28,8,1,69,4,70
1056,14976,22,2,0,70,0,75
1057,14977,23,7,0,68,2,85
1058,14978,28,6,1,72,2,86
1059,14979,22,3,4,79,2,74
1060,14980,25,9,1,89,2,83
1061,14981,28,1,0,95,1,90
1062,14982,29,5,4,64,0,92
1063,14983,23,4,1,81,1,74
1064,14984,28,2,2,85,3,83
1065,14985,22,9,1,92,4,66
1066,14986,23,1,2,67,1,77
1067,14987,21,3,1,68,1,83
1068,14988,24,4,0,65,3,77
1069,14989,24,2,0,97,0,74
1070,14990,22,3,2,60,1,97
1071,14991,25,5,1,82,4,66
1072,14992,26,4,1,61,1,86
1073,14993,29,9,3,96,1,72
1074,14994,25,3,3,64,3,81
1075,14995,26,9,3,85,0,97
1076,14996,26,8,4,65,0,66
1077,14997,29,9,0,92,0,76
1078,14998,25,7,3,76,3,88
1079,15505,24,3,1,81,0,85
1080,14999,22,9,1,66,1,79
1081,15000,28,1,0,83,1,74
1082,15001,29,7,2,91,2,65
1083,15009,24,7,1,89,2,63
1084,15484,28,5,1,77,1,68
1085,15485,21,3,1,76,0,80
1086,15486,27,1,1,86,0,73
1087,15487,20,6,1,77,4,69
1088,15488,20,1,4,93,0,93
1089,15489,27,6,0,96,4,91
1090,15490,28,9,4,63,0,90
1091,15491,20,7,1,85,0,61
1092,15492,21,9,2,76,1,90
1093,15493,26,4,0,90,2,98
1094,15494,26,4,1,81,0,98
1095,15495,25,3,0,92,3,93
1096,15496,25,8,1,67,0,60
1097,15497,22,6,0,67,0,61
1098,15498,20,3,0,69,1,76
1099,15499,26,4,1,72,3,86
1100,15500,29,7,2,90,3,92
1101,15501,28,3,1,77,0,68
1102,15503,29,8,3,87,1,64
1103,15507,20,6,1,87,1,93
1104,15511,23,1,0,83,1,78
1105,15515,27,7,0,75,1,72
1106,15519,27,9,1,95,2,99
1107,15520,24,3,0,81,0,76
1108,15522,21,6,0,75,1,98
1109,15523,21,1,1,82,0,60
1110,15525,24,4,0,90,1,72
1111,15526,23,3,0,88,0,62
1112,15528,29,7,1,70,0,82
1113,15529,22,2,1,60,1,82
1114,15531,25,6,0,69,0,82
1115,15532,20,7,3,92,2,60
1116,15533,21,3,1,89,2,89
1117,15534,28,6,1,63,1,64
1118,15535,24,6,1,94,1,95
1119,15536,20,9,2,75,1,87
1120,15537,24,2,1,64,0,86
1121,15538,28,7,0,84,1,77
1122,15539,29,1,1,67,1,86
1123,15540,29,4,0,84,4,88
1124,15541,23,1,1,87,2,94
1125,15542,20,7,2,60,1,79
1126,15543,23,5,3,61,1,71
1127,15482,28,7,0,84,1,79
1128,15569,23,4,1,61,2,89
1129,15570,20,3,3,64,4,74
1130,15571,29,2,4,95,0,97
1131,15572,21,4,1,74,2,67
1132,15573,20,5,2,67,1,62
1133,15574,28,9,0,63,3,82
1134,15575,29,6,3,90,1,94
1135,15576,22,7,2,98,2,65
1136,15577,26,7,0,74,0,76
1137,15578,29,7,2,62,1,73
1138,15579,24,5,2,70,2,93
1139,15580,29,8,0,60,1,82
1140,15581,27,3,0,71,4,77
1141,15582,23,3,1,95,0,74
1142,15583,27,6,3,74,1,63
1143,15584,29,3,1,77,0,74
1144,15585,29,6,1,89,4,69
1145,15586,20,1,1,65,2,80
1146,15587,27,9,3,62,2,64
1147,15588,29,2,0,83,1,86
1148,15589,22,3,4,89,3,84
1149,15590,26,2,1,82,4,61
1150,15591,29,8,4,63,0,98
1151,15592,24,6,2,61,1,97
1152,15593,20,6,0,97,2,66
1153,15594,24,7,1,61,1,95
1154,15595,25,9,1,73,0,93
1155,15596,29,4,0,75,1,73
1156,15597,29,5,0,83,0,98
1157,15598,23,2,0,72,0,92
1158,15599,23,7,2,72,1,65
1159,15600,20,1,0,70,3,91
1160,15601,26,6,0,94,3,76
1161,15602,21,2,1,76,0,70
1162,15603,21,1,2,85,0,72
1163,15604,24,8,0,75,1,70
1164,15605,21,1,1,99,3,76
1165,15606,23,4,1,79,1,71
1166,15607,29,9,1,91,2,92
1167,15608,24,9,1,63,2,93
1168,15609,28,5,2,88,1,72
1169,15610,27,6,1,73,0,75
1170,15611,28,4,2,81,0,75
1171,15612,26,2,1,70,2,77
1172,15613,21,1,0,94,1,79
1173,15614,22,6,2,76,3,92
1174,15615,24,3,2,77,0,90
1175,15616,22,3,2,98,4,73
1176,15617,24,9,1,90,1,83
1177,15618,23,5,1,84,0,94
1178,15619,20,3,4,94,4,83
1179,15620,20,5,4,75,1,63
1180,15621,28,3,4,76,1,80
1181,15622,21,9,1,98,0,70
1182,15623,27,7,1,92,1,65
1183,15624,24,3,2,61,1,70
1184,15625,23,9,0,81,1,70
1185,15626,29,7,4,72,0,92
1186,15627,28,2,1,73,1,73
1187,15628,26,9,0,89,0,83
1188,15629,21,4,1,79,3,99
1189,15630,27,1,0,72,3,93
1190,15631,22,3,4,68,0,61
1191,15632,27,6,4,83,2,63
1192,15633,20,8,1,88,0,73
1193,15634,24,6,1,68,2,65
1194,15635,26,8,1,99,1,83
1195,15636,28,8,1,92,2,95
1196,15637,22,6,2,79,2,73
1197,15638,27,6,1,68,1,63
1198,15639,25,3,1,91,0,90
1199,15640,23,3,1,64,3,73
1200,15641,28,6,1,63,2,60
1201,15642,22,8,3,78,0,63
1202,15643,26,3,4,70,0,87
1203,15644,29,5,2,78,1,70
1204,15645,23,2,0,75,0,87
1205,15646,26,7,1,82,0,76
1206,15647,25,9,0,81,1,86
1207,15648,24,1,0,86,1,61
1208,15649,24,4,0,85,3,76
1209,15650,24,3,2,80,0,77
1210,15651,27,6,2,83,0,72
1211,15652,20,6,2,93,2,97
1212,15653,23,5,1,98,2,95
1213,15654,21,8,1,90,3,82
1214,15655,26,7,3,88,3,92
1215,15656,25,6,1,78,0,77
1216,15657,27,8,2,66,1,71
1217,15659,28,6,0,92,3,96
1218,15660,26,4,2,74,1,66
1219,15661,27,3,2,65,1,85
1220,15662,28,4,1,97,3,87
1221,15663,28,1,1,67,3,75
1222,15664,25,2,3,71,1,93
1223,15665,24,1,0,77,0,90
1224,15666,22,4,0,97,2,84
1225,15667,27,1,0,69,3,97
1226,15668,26,3,2,68,0,72
1227,16028,28,3,4,99,3,71
1228,15502,21,8,1,92,2,82
1229,15506,23,2,0,65,2,82
1230,15510,26,7,2,75,2,61
1231,15514,20,5,3,97,0,74
1232,15518,27,3,3,84,4,64
1233,15521,25,9,0,64,1,76
1234,15524,20,6,1,83,2,75
1235,15527,20,6,2,88,1,78
1236,15669,25,7,2,93,0,67
1237,15670,25,5,4,70,1,84
1238,15671,27,7,1,95,3,74
1239,15672,28,7,1,82,2,84
1240,15673,27,3,0,68,0,79
1241,15674,28,3,1,81,4,68
1242,15675,29,6,2,88,0,88
1243,15676,27,7,1,70,4,62
1244,15677,21,3,1,66,0,73
1245,15678,28,1,0,65,1,67
1246,15679,22,8,1,99,1,69
1247,15680,29,7,1,64,0,90
1248,15681,27,6,2,82,2,75
1249,15682,23,1,2,63,2,72
1250,15683,24,4,1,80,0,63
1251,15684,23,4,0,72,3,61
1252,15685,25,5,2,97,3,89
1253,15530,29,7,0,99,4,68
1254,15988,28,9,3,71,1,84
1255,15989,27,9,1,67,2,76
1256,16161,28,2,3,64,0,71
1257,15996,29,1,3,78,0,63
1258,16162,25,1,0,92,0,68
1259,16001,21,5,4,90,4,60
1260,15926,23,6,2,84,1,71
1261,15544,27,7,1,86,2,89
1262,15545,28,5,1,83,2,88
1263,15546,27,9,0,86,2,63
1264,15547,22,1,2,68,2,96
1265,15548,29,6,0,92,2,63
1266,15549,27,2,3,71,2,63
1267,15550,22,6,0,67,3,89
1268,15551,26,4,0,77,2,90
1269,15552,23,4,2,99,1,77
1270,15553,26,5,1,94,0,71
1271,15554,23,6,2,79,0,74
1272,15555,24,6,2,81,0,63
1273,15556,25,8,1,67,0,74
1274,15557,29,6,1,62,0,91
1275,15558,29,7,3,87,0,78
1276,15559,20,9,0,71,0,79
1277,15560,24,6,0,95,1,63
1278,15561,24,6,2,84,2,60
1279,15562,25,7,2,69,1,69
1280,15563,24,1,0,61,4,72
1281,15564,25,7,1,96,0,61
1282,15565,20,5,0,90,1,67
1283,15566,21,9,0,98,2,82
1284,15567,29,3,2,66,1,64
1285,15568,20,9,0,95,2,85
1286,15457,24,3,0,76,2,63
1287,15458,22,1,0,92,4,92
1288,15459,27,3,3,66,1,98
1289,15460,23,4,2,95,0,83
1290,15461,27,7,1,77,0,64
1291,15462,20,5,1,64,1,82
1292,15463,20,9,1,87,4,64
1293,15464,21,1,1,72,2,87
1294,15465,20,1,2,93,2,69
1295,15466,27,1,0,88,1,94
1296,15467,29,9,1,77,1,88
1297,15468,23,1,1,99,2,99
1298,15469,22,8,4,97,3,87
1299,15470,24,2,1,67,0,78
1300,15471,21,4,1,74,1,85
1301,15472,21,4,1,84,0,68
1302,15473,22,8,0,69,1,75
1303,15474,21,2,1,64,0,63
1304,15475,29,9,3,68,4,98
1305,15476,22,3,1,81,4,88
1306,15477,20,1,0,75,3,68
1307,15478,24,5,4,90,3,64
1308,15479,25,6,0,76,2,74
1309,15480,26,9,4,82,1,82
1310,15481,21,1,0,60,0,66
1311,15990,25,3,4,72,1,85
1312,15998,20,4,2,65,0,78
1313,15686,20,1,1,77,1,66
1314,15687,28,4,4,84,1,69
1315,15688,25,9,0,80,1,87
1316,15689,24,9,2,83,1,73
1317,15690,28,9,1,88,0,72
1318,15691,28,3,0,60,3,92
1319,15692,20,9,2,79,1,84
1320,15693,27,7,1,83,0,74
1321,15694,21,1,0,66,4,78
1322,15695,27,9,2,83,1,90
1323,15696,20,9,1,91,1,71
1324,15697,29,6,1,69,1,66
1325,15698,28,3,2,84,4,77
1326,15699,27,8,2,95,0,73
1327,15700,25,5,2,63,2,73
1328,15701,25,2,1,71,0,79
1329,15702,25,2,0,77,1,75
1330,15703,22,5,0,86,1,82
1331,15704,20,5,1,73,0,84
1332,15705,23,1,3,69,1,81
1333,15706,23,6,3,69,1,97
1334,15707,28,8,2,67,2,95
1335,15708,27,8,1,64,3,93
1336,15709,23,1,2,98,1,85
1337,15710,23,3,0,72,0,62
1338,15711,29,7,0,99,2,69
1339,15712,26,5,2,82,4,74
1340,15713,23,8,0,89,1,82
1341,15714,26,4,4,99,1,92
1342,15715,29,7,1,63,2,66
1343,15716,26,2,0,70,2,76
1344,15717,25,8,4,79,2,83
1345,15718,29,5,0,91,3,77
1346,15719,25,7,3,81,2,77
1347,15720,24,8,2,92,2,84
1348,15721,23,5,0,73,2,88
1349,15722,21,5,1,81,1,90
1350,15723,28,6,1,82,0,94
1351,15724,29,6,4,60,1,88
1352,15725,25,7,0,98,1,70
1353,15726,24,6,2,97,4,90
1354,15727,27,3,2,68,0,81
1355,15728,20,3,1,81,0,65
1356,15729,22,2,2,93,0,81
1357,15730,21,9,3,87,1,91
1358,15731,28,9,4,70,4,78
1359,15732,28,3,2,87,1,91
1360,15733,28,3,1,86,0,86
1361,15734,29,4,0,94,0,64
1362,15735,29,3,3,93,0,65
1363,15737,21,4,1,76,1,79
1364,15738,20,5,2,69,1,78
1365,15739,29,3,4,85,2,73
1366,15740,20,5,3,64,0,76
1367,15741,22,4,0,74,1,96
1368,15742,25,8,1,84,1,73
1369,15743,26,7,0,71,0,72
1370,15744,21,8,1,85,4,68
1371,15745,28,3,0,70,2,98
1372,15746,29,2,1,96,0,86
1373,15747,29,3,1,82,1,96
1374,15748,21,1,4,75,1,84
1375,15749,26,8,0,72,1,77
1376,15750,23,9,0,72,4,75
1377,15751,24,8,2,66,0,91
1378,15752,21,9,2,73,2,88
1379,15753,24,3,2,84,0,76
1380,15754,28,9,3,99,1,62
1381,16155,20,7,1,78,1,71
1382,15755,29,4,2,62,0,72
1383,15756,27,4,1,88,3,93
1384,15757,29,5,1,85,3,83
1385,15758,25,8,2,82,4,97
1386,15759,26,7,2,80,3,71
1387,15760,24,3,0,97,1,77
1388,15761,23,2,1,99,2,65
1389,15762,27,3,1,66,0,92
1390,15763,22,8,4,91,2,75
1391,15764,20,6,3,61,3,98
1392,15765,21,5,4,92,2,65
1393,15766,21,9,2,96,2,92
1394,15767,21,4,4,77,0,66
1395,15768,29,8,2,97,2,95
1396,15769,24,4,1,93,1,91
1397,15770,25,1,0,85,0,92
1398,15771,28,8,2,98,2,97
1399,15772,24,1,4,75,0,94
1400,15773,26,6,1,96,0,89
1401,15774,27,2,3,76,0,77
1402,15775,21,2,0,87,2,70
1403,15776,29,8,2,89,3,86
1404,15777,20,4,0,79,0,79
1405,15778,29,4,3,75,2,92
1406,15779,23,8,0,75,1,95
1407,15780,26,3,3,67,1,99
1408,15781,28,5,0,87,4,82
1409,15782,29,3,1,66,2,96
1410,15783,23,7,1,73,1,71
1411,15784,26,6,1,85,4,63
1412,15785,23,5,1,69,0,70
1413,15786,23,5,1,68,0,66
1414,15787,29,8,1,61,1,67
1415,15788,24,2,1,94,4,94
1416,15789,27,8,0,81,4,86
1417,15790,21,2,0,70,2,83
1418,15791,27,8,1,99,1,83
1419,15792,28,5,0,69,0,65
1420,15793,22,3,0,83,2,75
1421,15794,23,5,4,90,2,76
1422,15795,23,7,0,95,2,83
1423,15796,20,2,1,93,2,69
1424,15797,27,6,1,64,1,93
1425,15798,27,5,0,90,0,91
1426,15799,24,6,0,76,2,87
1427,15800,27,8,2,60,3,84
1428,15801,20,7,2,62,1,97
1429,15802,27,8,4,99,3,65
1430,15803,22,4,2,86,0,62
1431,15804,20,4,2,92,1,73
1432,15805,27,9,2,91,2,70
1433,15806,29,4,2,66,1,96
1434,15807,21,6,3,81,2,90
1435,15808,29,4,0,92,2,84
1436,15809,29,3,2,79,0,81
1437,15810,25,2,1,72,1,86
1438,15811,27,3,1,91,4,84
1439,15812,24,6,0,77,0,75
1440,15813,26,9,0,61,1,94
1441,15814,28,1,2,76,3,96
1442,15815,25,3,4,61,3,63
1443,15816,23,8,1,73,1,69
1444,15817,24,6,0,84,1,73
1445,15818,24,3,4,74,2,76
1446,15819,20,3,0,73,1,68
1447,15820,26,8,0,88,4,74
1448,15821,23,2,0,72,0,69
1449,15822,24,3,2,63,1,78
1450,15823,26,1,2,84,0,62
1451,15824,28,7,2,67,0,94
1452,15825,24,2,2,88,2,98
1453,15826,20,2,0,88,4,69
1454,15827,29,6,1,64,0,73
1455,15828,28,4,0,77,1,66
1456,15829,29,7,1,88,1,88
1457,15830,28,6,3,77,1,78
1458,15831,24,2,0,91,0,89
1459,15832,26,7,1,87,4,77
1460,15833,24,8,2,88,2,94
1461,15834,23,2,0,86,2,72
1462,15835,26,8,0,74,1,76
1463,15836,27,4,0,96,0,78
1464,15837,22,2,4,92,2,81
1465,15838,21,8,2,64,1,78
1466,15839,26,7,4,61,2,80
1467,15840,29,7,0,79,0,80
1468,15841,24,9,0,83,1,86
1469,15842,23,6,1,84,1,85
1470,15843,26,2,4,73,0,75
1471,15844,22,9,2,71,4,75
1472,15845,21,2,0,76,2,74
1473,15846,26,7,1,91,4,78
1474,15847,28,1,2,60,2,77
1475,15848,23,9,1,62,0,69
1476,15849,27,7,3,61,0,99
1477,15850,23,5,1,71,2,97
1478,15851,23,7,0,96,3,76
1479,15852,25,8,2,81,0,77
1480,15853,26,6,1,99,1,90
1481,15854,25,8,1,82,1,69
1482,15855,29,2,1,98,3,87
1483,15856,29,2,0,89,0,81
1484,15857,22,5,0,69,0,94
1485,15858,25,4,0,70,1,80
1486,15859,27,1,2,60,1,97
1487,15860,20,4,2,88,0,91
1488,16002,21,1,1,94,0,71
1489,15861,24,7,0,76,2,70
1490,15862,20,8,2,65,0,79
1491,15863,25,4,2,60,0,82
1492,15864,26,4,1,95,2,89
1493,15865,20,9,0,98,0,91
1494,15866,29,3,0,85,0,92
1495,15867,22,6,2,85,3,94
1496,15868,20,7,3,67,1,88
1497,15869,27,7,3,84,2,80
1498,15870,28,6,2,76,0,70
1499,15871,24,6,1,64,2,81
1500,15872,20,7,1,68,0,91
1501,15873,20,6,4,71,1,83
1502,15874,24,8,1,72,3,66
1503,15875,29,7,0,93,1,84
1504,15876,23,9,0,89,4,78
1505,15877,28,6,2,77,1,70
1506,15878,22,3,2,96,3,77
1507,15879,24,4,0,92,2,69
1508,15880,28,9,2,85,0,94
1509,15881,21,8,2,97,1,64
1510,15882,21,6,1,65,4,71
1511,15883,24,1,1,69,3,95
1512,15884,21,8,0,92,3,88
1513,15885,25,9,1,95,3,69
1514,15886,20,8,3,71,0,81
1515,15887,26,3,2,63,1,79
1516,15888,29,9,1,80,0,74
1517,15889,26,8,1,87,4,77
1518,15890,22,6,1,83,1,92
1519,15891,29,5,0,95,0,76
1520,15892,22,3,0,63,3,64
1521,15893,28,1,4,94,2,68
1522,15894,28,3,3,88,1,81
1523,15895,23,7,2,64,0,72
1524,15896,27,1,2,77,1,63
1525,15897,28,1,0,87,2,74
1526,15898,27,8,0,89,1,66
1527,15899,20,9,0,96,0,72
1528,15900,25,5,0,61,3,69
1529,15901,28,8,1,97,2,92
1530,15902,20,5,2,67,1,93
1531,15903,22,9,0,98,3,65
1532,15905,22,3,1,91,0,96
1533,15906,26,4,1,91,1,84
1534,15907,24,7,0,90,1,91
1535,15908,21,3,0,78,0,69
1536,15909,20,1,0,62,3,79
1537,15910,27,6,0,82,0,96
1538,15911,29,5,3,84,0,95
1539,15912,22,5,4,67,3,93
1540,15913,23,9,1,88,3,70
1541,15914,28,5,0,64,3,83
1542,15915,22,7,0,64,2,88
1543,15916,21,6,4,69,1,71
1544,15917,29,4,0,64,1,83
1545,15918,24,5,0,80,2,88
1546,15919,26,4,4,61,2,72
1547,15920,22,3,1,98,1,89
1548,15921,29,5,2,82,0,60
1549,15922,29,4,0,90,0,82
1550,15923,26,3,0,64,1,99
1551,15924,25,5,3,94,0,63
1552,15997,27,4,0,99,3,69
1553,15927,23,4,4,81,1,63
1554,15928,28,1,0,96,1,70
1555,15929,24,5,0,99,0,91
1556,15930,24,2,4,85,0,82
1557,15931,28,4,1,68,1,74
1558,15932,27,9,1,85,2,88
1559,15933,25,8,2,97,1,99
1560,15934,25,5,0,64,1,91
1561,15935,29,5,2,65,1,82
1562,15936,29,9,1,86,1,70
1563,15937,27,6,1,64,2,96
1564,15938,28,3,1,70,0,68
1565,15939,26,8,3,78,0,87
1566,15940,20,9,2,81,3,86
1567,15941,21,1,1,96,0,93
1568,15942,28,3,4,97,2,85
1569,15943,21,3,4,88,0,86
1570,15944,29,9,0,89,0,83
1571,15945,28,8,1,65,3,86
1572,15947,23,6,0,93,3,79
1573,15948,22,8,0,94,2,72
1574,16160,24,6,1,84,1,93
1575,15946,27,5,1,79,0,85
1576,15949,28,2,2,84,2,79
1577,15950,23,6,0,86,0,87
1578,15951,23,7,1,63,1,86
1579,15952,23,5,2,66,1,74
1580,15953,26,3,2,98,0,87
1581,15954,27,5,0,95,2,68
1582,15955,26,1,0,72,1,73
1583,15956,29,3,0,82,3,65
1584,15957,29,6,3,88,2,97
1585,15958,22,5,0,80,1,68
1586,15959,21,6,1,79,1,66
1587,15960,29,1,0,77,0,95
1588,15961,26,4,0,98,1,63
1589,15962,25,2,0,62,2,98
1590,15963,22,9,3,63,1,85
1591,15992,20,1,2,80,1,87
1592,16004,28,6,0,77,2,61
1593,16005,21,5,0,61,4,66
1594,16006,23,7,0,88,0,98
1595,16007,21,8,0,68,0,97
1596,16008,24,3,0,69,2,62
1597,16009,22,2,1,63,1,73
1598,16010,24,2,1,95,2,66
1599,16011,22,1,4,70,2,79
1600,16012,24,4,2,65,0,63
1601,16014,20,2,1,93,1,82
1602,16015,21,8,0,63,0,80
1603,16016,28,7,3,62,1,82
1604,16017,23,7,3,72,1,93
1605,16018,25,7,1,85,3,87
1606,16019,24,3,1,67,2,87
1607,16020,26,3,0,94,0,99
1608,16021,25,8,4,78,0,62
1609,16022,24,7,4,60,1,95
1610,16023,28,6,0,96,0,60
1611,16024,25,1,3,98,3,66
1612,16025,24,9,2,89,1,75
1613,16026,23,4,1,80,2,87
1614,16027,21,2,2,78,2,64
1615,15964,25,3,4,66,0,64
1616,15965,29,7,1,83,3,68
1617,15966,26,4,2,85,0,72
1618,15967,22,2,2,70,0,95
1619,15968,29,7,0,92,3,90
1620,15969,27,5,3,95,4,79
1621,15970,22,1,0,73,0,70
1622,15971,22,4,1,91,0,90
1623,15972,29,2,2,98,3,97
1624,15973,21,2,2,73,0,82
1625,15974,27,8,2,94,1,73
1626,15975,21,9,1,90,0,93
1627,15976,28,9,1,66,1,82
1628,15977,23,9,0,83,1,76
1629,15978,28,2,0,94,1,77
1630,15979,27,9,0,71,1,84
1631,15980,26,5,0,80,0,66
1632,15981,20,4,3,96,1,71
1633,15982,24,7,3,96,1,99
1634,15983,28,4,2,89,0,79
1635,15984,23,4,1,65,2,62
1636,15985,21,4,1,82,4,66
1637,15986,29,5,4,86,0,81
1638,15987,29,8,2,76,2,87
1639,16030,22,8,4,69,4,71
1640,16031,22,7,2,72,2,77
1641,16032,21,4,1,97,0,76
1642,16033,22,8,3,60,0,90
1643,16034,21,3,3,75,2,73
1644,16035,24,8,0,89,0,70
1645,16036,23,6,1,79,2,65
1646,16037,23,5,2,91,1,61
1647,16038,28,2,1,84,0,73
1648,16039,29,5,2,82,2,68
1649,16040,27,5,3,71,0,79
1650,16041,24,1,0,60,2,95
1651,16042,20,3,3,62,0,64
1652,16043,25,1,0,93,1,67
1653,16044,27,3,0,83,0,67
1654,16045,29,3,1,64,0,71
1655,16046,22,4,0,88,2,80
1656,16047,20,7,1,80,2,65
1657,16048,24,4,4,70,4,93
1658,16049,21,6,0,79,1,85
1659,16050,22,5,0,84,1,85
1660,16051,20,7,0,69,3,88
1661,16052,23,8,4,63,3,65
1662,16053,24,9,0,67,0,81
1663,16054,21,3,1,88,3,62
1664,16055,25,7,2,92,1,75
1665,16056,21,9,3,66,0,79
1666,16057,21,1,0,62,3,73
1667,16058,29,1,1,61,0,63
1668,16059,27,2,1,92,0,86
1669,16060,23,3,2,62,0,86
1670,16061,25,9,1,87,2,65
1671,16062,29,6,0,74,0,81
1672,16063,20,9,1,63,1,98
1673,16064,29,2,3,77,2,66
1674,16067,23,3,3,70,1,67
1675,16068,24,2,2,70,0,62
1676,16069,26,4,0,60,2,76
1677,16070,25,6,2,93,4,98
1678,16071,26,8,2,72,2,99
1679,16072,29,7,0,73,0,87
1680,16073,23,9,0,88,0,82
1681,16074,29,8,4,92,0,66
1682,16075,25,1,2,68,0,68
1683,16076,28,9,4,60,0,74
1684,16077,22,3,2,73,0,73
1685,16078,29,6,1,88,0,63
1686,16079,26,5,2,95,2,98
1687,16080,20,9,1,73,2,70
1688,16081,20,1,4,88,1,68
1689,16082,22,3,0,99,4,89
1690,16083,24,4,4,81,4,99
1691,16084,23,4,4,83,0,77
1692,16085,23,4,2,90,0,87
1693,16086,27,3,0,83,1,91
1694,16087,28,2,0,98,0,97
1695,16088,24,9,4,98,3,75
1696,16089,23,6,1,80,0,71
1697,16090,21,5,0,84,2,94
1698,16091,25,2,1,86,1,62
1699,16093,20,5,0,61,1,69
1700,16094,26,4,0,78,1,64
1701,16095,27,2,2,95,2,61
1702,16096,28,7,2,63,0,77
1703,16097,25,5,2,61,0,67
1704,16098,27,1,1,62,0,82
1705,16099,25,2,2,94,1,62
1706,16100,24,7,2,96,1,97
1707,16101,25,5,3,65,1,89
1708,16102,25,5,0,71,2,64
1709,16103,22,6,4,66,1,76
1710,16104,24,1,0,93,2,94
1711,16105,27,8,2,82,0,94
1712,16106,28,9,0,90,0,63
1713,16107,27,5,3,97,3,88
1714,16108,23,4,2,96,0,83
1715,16109,21,3,4,97,2,91
1716,16110,25,9,2,89,0,86
1717,16111,26,6,3,92,2,90
1718,16112,26,2,2,71,1,96
1719,16113,26,6,1,63,0,88
1720,16114,29,4,2,69,3,78
1721,16115,20,7,0,72,0,92
1722,16116,21,2,0,83,1,64
1723,16117,21,6,4,67,2,85
1724,16118,22,3,1,92,0,87
1725,16119,21,4,1,94,2,90
1726,16120,22,5,0,79,1,82
1727,16121,29,3,4,90,0,93
1728,16122,29,8,2,82,3,61
1729,16123,22,3,0,88,1,76
1730,16124,22,4,0,60,0,80
1731,16125,26,5,1,81,1,69
1732,16126,20,4,0,85,0,63
1733,16127,27,7,2,70,1,95
1734,16128,21,9,0,99,1,68
1735,16129,27,4,1,94,0,90
1736,16130,20,7,2,65,4,88
1737,16131,22,9,1,82,2,85
1738,16132,23,5,4,84,0,67
1739,16133,24,7,2,97,0,76
1740,16134,29,2,0,67,1,80
1741,16135,21,9,3,95,0,68
1742,16136,27,9,1,72,0,72
1743,16137,21,1,1,87,0,69
1744,16138,21,8,2,68,0,62
1745,16139,22,4,0,84,4,93
1746,16140,25,5,2,87,0,83
1747,16141,28,1,0,64,1,95
1748,16142,28,5,1,60,2,72
1749,16143,20,7,0,90,0,74
1750,16144,21,2,0,79,4,96
1751,16145,27,8,1,95,1,80
1752,16146,26,9,1,71,2,71
1753,16147,24,4,2,83,4,83
1754,16148,29,6,0,99,1,95
1755,16159,21,4,1,60,0,89
1756,16149,23,3,4,93,0,80
1757,16150,26,9,4,60,0,90
1758,16153,21,9,2,89,3,68
1759,16154,21,9,0,79,2,97
1760,16156,20,9,0,70,2,61
1761,16157,29,9,2,97,2,98
1762,16158,26,4,0,72,0,85
1763,16151,23,6,1,74,1,81
1764,16152,22,4,3,92,0,93
