,student_id,ave_score,number,grade,composite_scores
0,13012,3.0,1,80.5,10.350000000000001
1,13564,0.0,0,66.5,6.65
2,13599,6.0,1,70.0,11.399999999999999
3,13685,10.0,2,76.5,15.05
4,13947,7.0,2,77.0,13.0
5,13948,4.5,2,77.0,11.25
6,13949,0.0,0,75.5,7.550000000000001
7,13950,15.0,2,79.5,18.85
8,13951,27.0,1,95.5,28.65
9,13952,0.0,0,80.0,8.0
10,13953,0.0,0,68.5,6.8500000000000005
11,13954,12.0,1,76.5,16.25
12,13955,0.0,0,69.5,6.95
13,13956,21.0,1,83.0,23.2
14,13957,0.0,0,61.0,6.1000000000000005
15,13958,12.5,2,55.0,14.65
16,13959,18.0,1,85.5,21.35
17,13960,20.0,1,79.5,22.15
18,13961,18.0,2,69.5,19.95
19,13962,0.0,0,91.5,9.15
20,13963,8.333333333333334,3,60.0,12.433333333333334
21,13964,0.0,0,87.5,8.75
22,13965,0.0,0,91.0,9.1
23,13966,32.0,1,60.0,28.599999999999998
24,13967,14.0,2,89.5,19.15
25,13968,0.0,0,62.0,6.2
26,13969,0.0,0,63.5,6.3500000000000005
27,13970,11.5,2,62.5,14.7
28,13971,9.5,2,57.5,12.8
29,13972,0.0,0,64.0,6.4
30,13973,4.0,1,71.5,10.15
31,13974,9.333333333333334,3,74.5,14.583333333333332
32,13975,4.0,1,72.5,10.25
33,13976,21.0,1,68.0,21.7
34,13977,0.0,0,86.0,8.6
35,13978,0.0,0,60.5,6.050000000000001
36,13979,10.0,2,69.5,14.350000000000001
37,13980,0.0,0,77.5,7.75
38,13981,0.0,0,77.5,7.75
39,13982,0.0,0,73.5,7.3500000000000005
40,13983,0.0,0,87.0,8.700000000000001
41,13984,9.0,1,68.5,13.350000000000001
42,13985,0.0,0,84.5,8.450000000000001
43,13986,21.0,1,73.0,22.2
44,13987,12.0,1,74.0,15.999999999999998
45,13988,0.0,0,66.5,6.65
46,13989,5.0,1,63.0,10.0
47,13990,0.0,0,82.0,8.200000000000001
48,13991,0.0,0,95.0,9.5
49,13992,6.0,1,95.0,13.899999999999999
50,13993,18.0,1,88.0,21.6
51,13994,0.0,0,65.0,6.5
52,13995,0.0,0,83.0,8.3
53,13996,0.0,0,87.5,8.75
54,13997,0.0,0,70.0,7.0
55,13998,18.0,1,55.0,18.299999999999997
56,13999,0.0,0,58.5,5.8500000000000005
57,14000,14.0,1,79.0,17.9
58,14001,5.0,2,79.5,11.85
59,14002,0.0,0,82.5,8.25
60,14003,0.0,0,81.5,8.15
61,14004,0.0,0,73.5,7.3500000000000005
62,14005,0.0,0,81.5,8.15
63,14006,18.0,1,80.0,20.799999999999997
64,14007,5.0,1,76.5,11.350000000000001
65,14008,5.0,2,85.0,12.4
66,14009,0.0,0,74.0,7.4
67,14010,18.0,1,67.5,19.549999999999997
68,14011,1.0,1,66.0,7.5
69,14012,4.0,1,67.5,9.75
70,14013,0.0,0,55.5,5.550000000000001
71,14014,0.0,0,64.0,6.4
72,14015,0.0,0,76.5,7.65
73,14016,8.0,2,70.5,13.05
74,14017,0.0,0,91.5,9.15
75,14018,27.0,2,72.0,26.499999999999996
76,14019,0.0,0,83.5,8.35
77,14020,15.5,2,69.5,18.2
78,14021,8.0,1,71.0,12.9
79,14022,4.0,1,65.5,9.55
80,14023,6.0,1,73.5,11.75
81,14024,32.0,1,63.0,28.9
82,14025,0.0,0,83.0,8.3
83,14026,3.0,2,90.5,11.55
84,14027,0.0,0,79.5,7.95
85,14028,0.0,0,80.5,8.05
86,14029,14.0,2,77.0,17.9
87,14030,28.0,1,72.0,26.999999999999996
88,14031,0.0,0,69.0,6.9
89,14032,0.0,0,58.0,5.800000000000001
90,14033,0.0,0,75.5,7.550000000000001
91,14034,0.0,0,72.0,7.2
92,14035,6.0,1,93.0,13.7
93,14036,0.0,0,77.0,7.7
94,14037,0.0,0,65.5,6.550000000000001
95,14038,0.0,0,54.5,5.45
96,14039,0.0,0,60.5,6.050000000000001
97,14040,0.0,0,61.5,6.15
98,14041,0.0,0,81.0,8.1
99,14042,0.0,0,87.0,8.700000000000001
100,14043,0.0,0,77.0,7.7
101,14044,0.0,0,91.0,9.1
102,14045,9.0,1,71.0,13.600000000000001
103,14046,7.0,3,92.0,14.700000000000001
104,14047,7.5,2,73.0,12.950000000000001
105,14048,4.0,1,83.0,11.3
106,14049,5.0,2,81.5,12.05
107,14050,3.0,1,77.0,10.0
108,14051,12.0,1,92.5,17.849999999999998
109,14052,0.0,0,82.5,8.25
110,14053,15.0,2,79.0,18.8
111,14054,9.0,1,63.5,12.850000000000001
112,14055,18.0,1,93.0,22.1
113,14056,0.0,0,65.5,6.550000000000001
114,14057,24.0,1,60.0,22.999999999999996
115,14058,4.0,1,72.0,10.2
116,14059,0.0,0,97.0,9.700000000000001
117,14060,28.0,1,53.5,25.15
118,14061,0.0,0,59.0,5.9
119,14062,0.0,0,58.0,5.800000000000001
120,14063,14.5,2,73.0,17.85
121,14064,0.0,0,69.5,6.95
122,14065,0.0,0,62.0,6.2
123,14066,0.0,0,67.5,6.75
124,14067,12.0,1,94.0,18.0
125,14068,6.0,1,70.5,11.45
126,14069,0.0,0,79.0,7.9
127,14070,0.0,0,73.5,7.3500000000000005
128,14071,4.5,2,86.5,12.2
129,14072,8.0,1,68.5,12.65
130,14073,32.0,1,80.0,30.599999999999998
131,14074,16.0,1,91.5,20.549999999999997
132,14075,0.0,0,69.0,6.9
133,14076,14.0,1,79.0,17.9
134,14077,0.0,0,73.0,7.300000000000001
135,14078,4.0,1,90.5,12.05
136,14079,4.0,1,71.0,10.100000000000001
137,14080,0.0,0,73.5,7.3500000000000005
138,14081,2.0,1,67.0,8.3
139,14082,8.0,1,73.5,13.15
140,14083,18.0,1,76.0,20.4
141,14084,9.0,1,77.5,14.25
142,14085,0.0,0,85.5,8.55
143,14086,0.0,0,66.0,6.6000000000000005
144,14087,8.0,2,63.0,12.3
145,14088,0.0,0,64.0,6.4
146,14089,15.0,1,76.5,18.35
147,14090,0.0,0,61.0,6.1000000000000005
148,14091,6.0,1,76.5,12.05
149,14092,0.0,0,69.5,6.95
150,14093,0.0,0,60.0,6.0
151,14094,0.0,0,57.5,5.75
152,14095,0.0,0,73.0,7.300000000000001
153,14096,0.0,0,55.0,5.5
154,14097,0.0,0,82.5,8.25
155,14098,12.0,1,94.0,18.0
156,14099,0.0,0,69.0,6.9
157,14100,24.0,1,73.5,24.349999999999998
158,14101,10.5,2,85.0,16.25
159,14102,8.0,1,72.5,13.05
160,14103,22.666666666666668,3,59.5,22.416666666666668
161,14104,0.0,0,88.5,8.85
162,14105,0.0,0,73.5,7.3500000000000005
163,14106,36.0,1,86.0,34.0
164,14107,18.0,1,71.5,19.95
165,14108,36.0,1,84.0,33.8
166,14109,3.0,1,80.0,10.3
167,14110,0.0,0,70.0,7.0
168,14111,8.0,1,81.0,13.899999999999999
169,14112,0.0,0,71.0,7.1000000000000005
170,14113,18.0,1,67.5,19.549999999999997
171,14114,0.0,0,93.0,9.3
172,14115,9.0,2,76.5,14.350000000000001
173,14116,0.0,0,78.5,7.8500000000000005
174,14117,6.0,1,69.0,11.3
175,14118,0.0,0,70.0,7.0
176,14119,0.0,0,72.5,7.25
177,14120,0.0,0,86.5,8.65
178,14121,16.0,1,67.5,18.15
179,14122,3.0,1,81.0,10.399999999999999
180,14123,0.0,0,65.5,6.550000000000001
181,14124,0.0,0,92.0,9.200000000000001
182,14125,0.0,0,70.5,7.050000000000001
183,14126,0.0,0,56.5,5.65
184,14127,12.0,1,77.0,16.299999999999997
185,14128,0.0,0,90.5,9.05
186,14129,4.0,1,76.0,10.600000000000001
187,14130,12.0,1,85.0,17.099999999999998
188,14131,18.0,1,66.0,19.4
189,14132,0.0,0,77.0,7.7
190,14133,0.0,0,76.0,7.6000000000000005
191,14134,15.0,2,59.0,16.8
192,14135,0.0,0,57.5,5.75
193,14136,8.0,1,69.0,12.7
194,14137,15.0,1,65.0,17.2
195,14138,0.0,0,80.5,8.05
196,14139,27.0,1,91.5,28.25
197,14140,0.0,0,67.5,6.75
198,14141,0.0,0,60.5,6.050000000000001
199,14142,0.0,0,87.0,8.700000000000001
200,14143,0.0,0,87.5,8.75
201,14144,7.5,2,71.5,12.8
202,14145,8.0,1,64.0,12.2
203,14146,0.0,0,73.5,7.3500000000000005
204,14147,0.0,0,93.0,9.3
205,14148,28.0,1,60.0,25.799999999999997
206,14149,17.0,2,62.0,18.5
207,14150,4.0,1,79.0,10.9
208,14151,0.0,0,72.5,7.25
209,14152,0.0,0,68.5,6.8500000000000005
210,14153,0.0,0,71.5,7.15
211,14154,0.0,0,81.0,8.1
212,14155,17.0,2,76.5,19.95
213,14156,0.0,0,92.5,9.25
214,14157,12.0,1,87.5,17.349999999999998
215,14158,0.0,0,73.0,7.300000000000001
216,14159,5.666666666666667,3,84.0,12.966666666666667
217,14160,0.0,0,73.0,7.300000000000001
218,14161,0.0,0,64.5,6.45
219,14162,0.0,0,56.5,5.65
220,14163,24.0,1,76.0,24.599999999999998
221,14164,18.5,2,76.5,21.0
222,14165,9.0,1,83.0,14.8
223,14166,0.0,0,69.0,6.9
224,14167,27.0,1,82.5,27.349999999999998
225,14168,4.0,1,74.5,10.45
226,14169,0.0,0,94.0,9.4
227,14170,18.0,1,59.0,18.7
228,14171,4.0,1,77.0,10.7
229,14172,16.0,1,81.5,19.549999999999997
230,14173,0.0,0,85.5,8.55
231,14174,0.0,0,79.0,7.9
232,14175,0.0,0,62.0,6.2
233,14176,9.0,1,75.0,14.0
234,14177,9.0,1,84.0,14.9
235,14178,0.0,0,66.5,6.65
236,14179,0.0,0,74.0,7.4
237,14180,0.0,0,68.0,6.800000000000001
238,14181,0.0,0,71.5,7.15
239,14182,14.0,1,70.0,17.0
240,14183,6.0,1,63.5,10.75
241,14184,0.0,0,81.0,8.1
242,14185,9.0,1,75.0,14.0
243,14186,8.0,1,71.5,12.95
244,14187,0.0,0,88.5,8.85
245,14188,0.0,0,64.0,6.4
246,14189,2.0,1,88.0,10.4
247,14190,32.0,1,71.0,29.7
248,14191,5.0,1,63.0,10.0
249,14192,1.0,1,55.5,6.450000000000001
250,14193,2.0,1,56.0,7.2
251,14194,36.0,1,56.5,31.049999999999997
252,14195,0.0,0,62.0,6.2
253,14196,10.0,2,82.5,15.65
254,14197,21.0,1,79.5,22.849999999999998
255,14198,3.0,1,60.0,8.3
256,14199,4.0,1,80.5,11.05
257,14200,0.0,0,83.0,8.3
258,14201,13.0,2,67.0,16.2
259,14202,3.0,1,70.0,9.3
260,14203,0.0,0,62.5,6.25
261,14204,0.0,0,59.5,5.95
262,14205,3.0,1,79.5,10.25
263,14206,12.0,2,80.0,16.799999999999997
264,14207,6.0,1,59.0,10.3
265,14208,6.0,1,92.5,13.649999999999999
266,14209,32.0,1,93.0,31.9
267,14210,0.0,0,80.0,8.0
268,14211,4.0,1,63.0,9.3
269,14212,0.0,0,66.0,6.6000000000000005
270,14213,0.0,0,76.5,7.65
271,14214,3.5,2,78.0,10.65
272,14215,28.0,1,73.5,27.15
273,14216,0.0,0,75.0,7.5
274,14217,0.0,0,51.0,5.1000000000000005
275,14218,12.0,1,72.0,15.799999999999997
276,14219,0.0,0,67.5,6.75
277,14220,5.0,1,82.0,11.900000000000002
278,14221,0.0,0,78.0,7.800000000000001
279,14222,0.0,0,73.5,7.3500000000000005
280,14223,7.0,2,75.5,12.850000000000001
281,14224,0.0,0,65.0,6.5
282,14225,0.0,0,74.5,7.45
283,14226,0.0,0,75.5,7.550000000000001
284,14227,0.0,0,84.5,8.450000000000001
285,14228,1.0,1,65.0,7.4
286,14229,15.0,1,78.0,18.5
287,14230,6.0,2,86.5,13.25
288,14231,4.0,1,75.5,10.55
289,14232,0.0,0,62.0,6.2
290,14233,0.0,0,79.0,7.9
291,14234,0.0,0,71.0,7.1000000000000005
292,14235,0.0,0,78.0,7.800000000000001
293,14236,6.0,1,79.5,12.35
294,14237,3.0,1,88.5,11.149999999999999
295,14238,0.0,0,98.5,9.850000000000001
296,14239,0.0,0,77.5,7.75
297,14240,0.0,0,75.5,7.550000000000001
298,14241,0.0,0,84.0,8.4
299,14242,0.0,0,85.5,8.55
300,14243,27.0,2,91.5,28.449999999999996
301,14244,0.0,0,64.0,6.4
302,14245,0.0,0,69.0,6.9
303,14246,0.0,0,90.0,9.0
304,14247,3.0,1,79.5,10.25
305,14248,0.0,0,82.0,8.200000000000001
306,14249,0.0,0,58.5,5.8500000000000005
307,14250,6.0,1,72.0,11.6
308,14251,0.0,0,84.5,8.450000000000001
309,14252,32.0,1,76.0,30.2
310,14253,0.0,0,79.0,7.9
311,14254,0.0,0,75.5,7.550000000000001
312,14255,4.0,1,68.0,9.8
313,14256,0.0,0,88.0,8.8
314,14257,24.5,2,80.0,25.549999999999997
315,14258,18.0,1,63.0,19.1
316,14259,0.0,0,73.5,7.3500000000000005
317,14260,0.0,0,62.5,6.25
318,14261,0.0,0,69.0,6.9
319,14262,0.0,0,69.0,6.9
320,14263,0.0,0,77.0,7.7
321,14264,8.5,2,68.0,13.15
322,14265,17.0,2,91.0,21.4
323,14266,0.0,0,86.5,8.65
324,14267,0.0,0,84.0,8.4
325,14268,0.0,0,55.0,5.5
326,14269,0.0,0,77.5,7.75
327,14270,0.0,0,79.5,7.95
328,14271,0.0,0,77.0,7.7
329,14272,28.5,2,79.0,28.25
330,14273,0.0,0,79.5,7.95
331,14274,8.666666666666666,3,72.5,13.916666666666666
332,14275,18.0,1,58.0,18.6
333,14276,0.0,0,51.5,5.15
334,14277,3.5,2,88.5,11.7
335,14278,10.0,2,67.0,14.100000000000001
336,14279,13.0,2,67.5,16.25
337,14280,4.0,1,69.0,9.9
338,14281,36.0,1,76.5,33.05
339,14282,0.0,0,88.5,8.85
340,14283,0.0,0,91.0,9.1
341,14284,0.0,0,59.0,5.9
342,14285,3.0,1,73.0,9.600000000000001
343,14286,3.0,1,70.5,9.350000000000001
344,14287,0.0,0,65.5,6.550000000000001
345,14288,0.0,0,77.0,7.7
346,14289,0.0,0,74.0,7.4
347,14290,0.0,0,84.0,8.4
348,14291,0.0,0,85.5,8.55
349,14292,8.0,2,70.0,13.0
350,14293,24.0,1,66.5,23.65
351,14294,16.0,1,55.0,16.9
352,14295,12.333333333333334,3,87.5,17.983333333333334
353,14296,0.0,0,88.0,8.8
354,14297,18.0,1,78.0,20.6
355,14298,0.0,0,87.5,8.75
356,14299,17.5,2,88.5,21.5
357,14300,14.0,1,87.0,18.7
358,14301,19.5,2,58.5,19.9
359,14302,0.0,0,77.0,7.7
360,14303,0.0,0,74.5,7.45
361,14304,0.0,0,74.0,7.4
362,14305,0.0,0,71.5,7.15
363,14306,9.333333333333334,3,66.5,13.783333333333333
364,14307,15.0,2,78.0,18.700000000000003
365,14308,32.0,1,74.5,30.049999999999997
366,14309,1.0,1,72.5,8.15
367,14310,21.0,1,70.5,21.95
368,14311,12.5,2,70.5,16.200000000000003
369,14312,0.0,0,61.0,6.1000000000000005
370,14313,9.333333333333334,3,79.0,15.033333333333333
371,14314,0.0,0,89.5,8.950000000000001
372,14315,0.0,0,90.0,9.0
373,14316,0.0,0,68.5,6.8500000000000005
374,14317,4.0,1,80.5,11.05
375,14318,0.0,0,84.5,8.450000000000001
376,14319,4.5,2,84.5,12.0
377,14320,0.0,0,65.0,6.5
378,14321,8.0,1,69.5,12.75
379,14322,0.0,0,70.0,7.0
380,14323,0.0,0,74.5,7.45
381,14324,0.0,0,69.0,6.9
382,14325,0.0,0,55.0,5.5
383,14326,0.0,0,79.5,7.95
384,14327,8.5,2,76.5,14.0
385,14328,0.0,0,89.0,8.9
386,14329,0.0,0,67.0,6.7
387,14330,0.0,0,68.0,6.800000000000001
388,14331,5.0,2,87.0,12.600000000000001
389,14332,18.0,1,71.0,19.9
390,14333,28.0,1,71.0,26.9
391,14334,6.0,1,69.5,11.35
392,14335,0.0,0,74.0,7.4
393,14336,11.333333333333334,3,71.5,15.683333333333334
394,14337,6.0,1,59.5,10.35
395,14338,0.0,0,64.5,6.45
396,14339,3.0,1,95.0,11.8
397,14340,0.0,0,96.5,9.65
398,14341,0.0,0,53.0,5.300000000000001
399,14342,20.0,1,81.0,22.299999999999997
400,14343,4.0,1,59.0,8.9
401,14344,28.0,1,78.5,27.65
402,14345,28.0,1,76.5,27.449999999999996
403,14346,4.0,1,92.0,12.200000000000001
404,14347,16.0,2,75.0,19.1
405,14348,20.0,1,65.5,20.75
406,14349,18.0,1,62.0,19.0
407,14350,12.0,1,71.5,15.749999999999998
408,14351,6.0,1,81.5,12.55
409,14352,0.0,0,65.5,6.550000000000001
410,14353,10.0,2,68.5,14.25
411,14354,0.0,0,91.0,9.1
412,14355,0.0,0,71.5,7.15
413,14356,8.0,1,61.5,11.95
414,14357,8.0,1,81.0,13.899999999999999
415,14358,18.0,1,60.5,18.85
416,14359,0.0,0,86.0,8.6
417,14360,0.0,0,89.5,8.950000000000001
418,14361,18.0,1,74.5,20.25
419,14362,0.0,0,87.5,8.75
420,14363,0.0,0,66.0,6.6000000000000005
421,14364,0.0,0,86.5,8.65
422,14365,15.0,1,85.5,19.25
423,14366,0.0,0,61.0,6.1000000000000005
424,14367,0.0,0,66.5,6.65
425,14368,12.0,1,69.5,15.549999999999997
426,14369,0.0,0,78.5,7.8500000000000005
427,14370,4.0,1,67.0,9.7
428,14371,32.0,1,78.0,30.4
429,14372,8.0,1,92.0,15.0
430,14373,16.0,1,71.5,18.549999999999997
431,14374,28.0,1,86.0,28.4
432,14375,16.0,1,63.0,17.7
433,14376,8.0,1,67.0,12.5
434,14377,0.0,0,68.0,6.800000000000001
435,14378,0.0,0,71.5,7.15
436,14379,0.0,0,63.5,6.3500000000000005
437,14380,0.0,0,67.0,6.7
438,14381,0.0,0,55.5,5.550000000000001
439,14382,0.0,0,75.5,7.550000000000001
440,14383,24.0,2,54.5,22.649999999999995
441,14384,12.0,1,56.0,14.2
442,14385,0.0,0,81.5,8.15
443,14386,0.0,0,68.5,6.8500000000000005
444,14387,0.0,0,67.5,6.75
445,14388,0.0,0,69.5,6.95
446,14389,0.0,0,71.5,7.15
447,14390,13.5,2,90.5,18.9
448,14391,0.0,0,77.5,7.75
449,14392,0.0,0,76.5,7.65
450,14393,0.0,0,68.0,6.800000000000001
451,14394,0.0,0,70.5,7.050000000000001
452,14395,0.0,0,83.0,8.3
453,14396,3.0,1,63.0,8.600000000000001
454,14397,12.0,1,77.0,16.299999999999997
455,14398,0.0,0,67.0,6.7
456,14399,0.0,0,56.0,5.6000000000000005
457,14400,8.0,1,59.0,11.7
458,14401,32.0,1,69.5,29.549999999999997
459,14402,0.0,0,55.5,5.550000000000001
460,14403,0.0,0,85.0,8.5
461,14404,0.0,0,87.5,8.75
462,14405,0.0,0,71.0,7.1000000000000005
463,14406,0.0,0,74.5,7.45
464,14407,10.0,2,75.0,14.9
465,14408,15.0,1,92.0,19.9
466,14409,0.0,0,90.5,9.05
467,14410,0.0,0,56.5,5.65
468,14411,4.0,1,79.0,10.9
469,14412,2.0,1,91.0,10.7
470,14413,6.0,2,63.0,10.9
471,14414,27.5,2,64.5,26.099999999999998
472,14415,5.0,2,63.0,10.200000000000001
473,14416,5.5,2,68.0,11.05
474,14417,16.0,1,72.0,18.599999999999998
475,14418,2.0,2,82.5,10.05
476,14420,0.0,0,66.5,6.65
477,14421,36.0,1,94.0,34.8
478,14422,0.0,0,78.0,7.800000000000001
479,14423,18.0,1,82.5,21.049999999999997
480,14424,14.5,2,60.0,16.549999999999997
481,14425,14.5,2,70.5,17.6
482,14426,1.0,1,81.0,9.0
483,14427,11.333333333333334,3,83.5,16.883333333333333
484,14428,8.0,1,73.5,13.15
485,14429,12.0,1,68.0,15.399999999999999
486,14430,4.0,1,82.5,11.25
487,14431,0.0,0,84.5,8.450000000000001
488,14432,0.0,0,89.5,8.950000000000001
489,14433,10.0,1,72.0,14.4
490,14434,1.0,1,78.0,8.700000000000001
491,14435,8.0,2,73.5,13.350000000000001
492,14436,0.0,0,84.5,8.450000000000001
493,14437,0.0,0,89.5,8.950000000000001
494,14438,0.0,0,67.5,6.75
495,14439,27.0,1,80.0,27.099999999999998
496,14440,12.0,1,67.0,15.299999999999997
497,14441,0.0,0,59.5,5.95
498,14442,36.0,1,62.5,31.65
499,14443,5.0,1,80.0,11.7
500,14444,9.0,1,81.5,14.65
501,14445,0.0,0,77.5,7.75
502,14446,14.0,1,56.0,15.599999999999998
503,14447,18.0,2,59.0,18.9
504,14448,0.0,0,84.0,8.4
505,14449,0.0,0,79.5,7.95
506,14450,4.0,1,71.0,10.100000000000001
507,14451,0.0,0,73.5,7.3500000000000005
508,14452,14.5,2,68.5,17.4
509,14453,20.0,2,85.0,22.9
510,14454,18.0,1,72.5,20.049999999999997
511,14455,2.6666666666666665,3,76.5,10.116666666666667
512,14456,36.0,1,55.0,30.9
513,14457,0.0,0,82.5,8.25
514,14458,0.0,0,68.5,6.8500000000000005
515,14459,0.0,0,75.5,7.550000000000001
516,14460,22.0,2,71.0,22.9
517,14461,11.0,2,83.5,16.45
518,14462,14.0,1,58.0,15.799999999999999
519,14463,0.0,0,79.5,7.95
520,14464,12.0,1,77.0,16.299999999999997
521,14465,8.0,1,75.0,13.3
522,14466,0.0,0,82.5,8.25
523,14467,2.0,2,87.5,10.55
524,14468,0.0,0,83.0,8.3
525,14469,16.0,1,60.5,17.45
526,14470,32.0,1,62.5,28.849999999999998
527,14471,0.0,0,77.0,7.7
528,14472,10.5,2,54.5,13.2
529,14473,0.0,0,73.0,7.300000000000001
530,14474,0.0,0,59.0,5.9
531,14475,0.0,0,68.0,6.800000000000001
532,14476,0.0,0,62.0,6.2
533,14477,6.0,2,68.0,11.4
534,14478,0.0,0,69.0,6.9
535,14479,0.0,0,74.5,7.45
536,14480,0.0,0,79.0,7.9
537,14481,0.0,0,73.0,7.300000000000001
538,14482,0.0,0,77.0,7.7
539,14483,2.0,1,95.0,11.1
540,14484,3.5,2,53.5,8.2
541,14485,32.0,1,84.0,31.0
542,14486,2.0,1,74.5,9.05
543,14487,0.0,0,58.5,5.8500000000000005
544,14488,36.0,1,87.5,34.15
545,14489,0.0,0,74.5,7.45
546,14490,2.0,1,73.0,8.9
547,14491,8.0,1,64.5,12.25
548,14492,24.0,1,87.5,25.749999999999996
549,14493,16.0,1,80.5,19.45
550,14494,8.0,1,74.5,13.25
551,14495,6.5,2,63.0,11.25
552,14496,11.5,2,78.5,16.3
553,14497,0.0,0,74.5,7.45
554,14498,2.0,2,82.5,10.05
555,14499,0.0,0,62.5,6.25
556,14500,0.0,0,93.0,9.3
557,14501,0.0,0,63.0,6.300000000000001
558,14502,0.0,0,68.0,6.800000000000001
559,14503,3.0,1,84.0,10.7
560,14504,0.0,0,66.5,6.65
561,14505,4.0,1,85.0,11.5
562,14506,13.0,2,63.5,15.850000000000001
563,14507,0.0,0,57.0,5.7
564,14508,0.0,0,78.0,7.800000000000001
565,14510,0.0,0,87.0,8.700000000000001
566,14511,0.0,0,74.5,7.45
567,14512,6.0,1,80.0,12.399999999999999
568,14513,0.0,0,90.0,9.0
569,14514,0.0,0,78.5,7.8500000000000005
570,14515,0.0,0,84.5,8.450000000000001
571,14516,0.0,0,76.0,7.6000000000000005
572,14517,0.0,0,60.5,6.050000000000001
573,14518,12.0,1,88.0,17.4
574,14519,0.0,0,71.0,7.1000000000000005
575,14520,10.0,1,80.5,15.25
576,14521,0.0,0,62.5,6.25
577,14522,0.0,0,77.0,7.7
578,14523,10.0,2,93.5,16.75
579,14524,10.0,1,79.5,15.15
580,14525,0.0,0,63.5,6.3500000000000005
581,14526,0.0,0,62.5,6.25
582,14527,0.0,0,80.0,8.0
583,14528,0.0,0,62.5,6.25
584,14529,0.0,0,55.5,5.550000000000001
585,14530,0.0,0,79.0,7.9
586,14531,0.0,0,76.0,7.6000000000000005
587,14532,0.0,0,67.0,6.7
588,14533,36.0,1,88.5,34.25
589,14534,20.0,1,64.5,20.65
590,14535,0.0,0,94.5,9.450000000000001
591,14536,0.0,0,63.0,6.300000000000001
592,14537,0.0,0,70.5,7.050000000000001
593,14538,8.0,1,64.5,12.25
594,14539,16.0,1,65.5,17.95
595,14540,9.0,1,77.5,14.25
596,14541,0.0,0,93.5,9.35
597,14542,18.0,1,77.0,20.5
598,14543,5.0,1,71.5,10.850000000000001
599,14544,0.0,0,61.0,6.1000000000000005
600,14545,9.0,1,64.0,12.9
601,14546,0.0,0,68.5,6.8500000000000005
602,14547,24.0,1,77.5,24.749999999999996
603,14548,10.0,1,84.0,15.600000000000001
604,14549,0.0,0,83.5,8.35
605,14550,0.0,0,63.5,6.3500000000000005
606,14551,12.0,2,61.0,14.899999999999999
607,14552,27.0,1,74.0,26.5
608,14553,0.0,0,75.0,7.5
609,14554,9.0,1,69.5,13.45
610,14555,0.0,0,90.0,9.0
611,14556,15.0,1,86.0,19.299999999999997
612,14557,24.0,1,77.0,24.699999999999996
613,14558,0.0,0,85.0,8.5
614,14559,0.0,0,72.5,7.25
615,14560,18.0,1,65.5,19.35
616,14561,4.0,1,54.5,8.45
617,14562,0.0,0,82.5,8.25
618,14563,13.0,2,88.0,18.3
619,14564,8.0,1,72.0,13.0
620,14565,4.0,2,56.5,8.85
621,14566,15.0,1,76.0,18.3
622,14567,0.0,0,71.5,7.15
623,14568,0.0,0,70.5,7.050000000000001
624,14569,0.0,0,79.0,7.9
625,14570,18.0,1,62.0,19.0
626,14571,0.0,0,88.0,8.8
627,14572,0.0,0,72.0,7.2
628,14573,14.0,1,59.0,15.899999999999999
629,14574,0.0,0,76.0,7.6000000000000005
630,14575,0.0,0,70.5,7.050000000000001
631,14576,14.0,1,65.0,16.5
632,14577,0.0,0,97.5,9.75
633,14578,32.0,1,71.0,29.7
634,14579,3.0,2,58.0,8.3
635,14580,9.0,1,95.0,16.0
636,14581,18.0,1,71.0,19.9
637,14582,7.5,2,91.5,14.8
638,14583,0.0,0,60.0,6.0
639,14584,0.0,0,75.5,7.550000000000001
640,14585,32.0,1,58.0,28.4
641,14586,9.0,1,57.0,12.2
642,14587,18.0,1,76.5,20.45
643,14588,1.0,1,74.5,8.35
644,14589,0.0,0,72.0,7.2
645,14590,9.0,2,74.5,14.15
646,14591,0.0,0,81.0,8.1
647,14592,0.0,0,75.0,7.5
648,14593,0.0,0,66.5,6.65
649,14594,5.0,2,72.0,11.1
650,14595,4.0,1,63.5,9.350000000000001
651,14596,0.0,0,80.5,8.05
652,14597,0.0,0,79.0,7.9
653,14598,0.0,0,66.5,6.65
654,14599,0.0,0,75.0,7.5
655,14600,3.0,1,66.5,8.95
656,14601,0.0,0,64.0,6.4
657,14602,0.0,0,78.5,7.8500000000000005
658,14603,14.0,1,91.5,19.15
659,14604,6.0,2,78.5,12.45
660,14605,9.0,1,63.5,12.850000000000001
661,14606,5.0,2,87.0,12.600000000000001
662,14607,0.0,0,73.5,7.3500000000000005
663,14608,20.0,1,78.0,22.0
664,14609,0.0,0,83.0,8.3
665,14610,0.0,0,66.0,6.6000000000000005
666,14611,0.0,0,73.0,7.300000000000001
667,14612,0.0,0,72.0,7.2
668,14613,7.5,2,57.5,11.4
669,14614,4.0,1,76.0,10.600000000000001
670,14615,0.0,0,68.0,6.800000000000001
671,14616,2.0,1,86.0,10.2
672,14617,0.0,0,84.0,8.4
673,14618,6.0,1,74.5,11.85
674,14619,1.0,1,57.0,6.6
675,14620,3.0,1,64.5,8.75
676,14621,27.0,1,87.0,27.799999999999997
677,14622,0.0,0,61.0,6.1000000000000005
678,14623,18.0,1,70.5,19.85
679,14624,12.5,2,79.5,17.1
680,14625,0.0,0,75.5,7.550000000000001
681,14626,0.0,0,66.0,6.6000000000000005
682,14627,0.0,0,91.5,9.15
683,14628,7.0,1,70.5,12.15
684,14629,11.5,2,79.0,16.35
685,14630,0.0,0,71.0,7.1000000000000005
686,14631,7.0,1,67.0,11.8
687,14632,7.0,1,69.5,12.05
688,14633,0.0,0,59.0,5.9
689,14634,21.0,1,66.0,21.5
690,14635,0.0,0,75.5,7.550000000000001
691,14636,0.0,0,59.0,5.9
692,14637,12.0,1,92.5,17.849999999999998
693,14638,24.0,1,77.0,24.699999999999996
694,14639,0.0,0,62.0,6.2
695,14640,0.0,0,70.0,7.0
696,14641,24.0,2,71.0,24.299999999999997
697,14642,14.0,1,98.0,19.799999999999997
698,14643,12.0,1,88.5,17.449999999999996
699,14644,0.0,0,71.0,7.1000000000000005
700,14645,28.0,1,63.0,26.099999999999998
701,14646,15.333333333333334,3,56.5,16.983333333333334
702,14647,0.0,0,84.0,8.4
703,14648,0.0,0,68.0,6.800000000000001
704,14649,0.0,0,78.0,7.800000000000001
705,14650,0.0,0,64.5,6.45
706,14651,21.0,1,77.5,22.65
707,14652,0.0,0,60.0,6.0
708,14653,0.0,0,52.0,5.2
709,14654,0.0,0,77.0,7.7
710,14655,27.0,1,61.0,25.2
711,14656,0.0,0,71.0,7.1000000000000005
712,14657,0.0,0,89.5,8.950000000000001
713,14658,27.0,1,75.5,26.65
714,14659,15.0,1,65.0,17.2
715,14660,13.5,2,76.0,17.45
716,14661,0.0,0,80.0,8.0
717,14662,0.0,0,72.0,7.2
718,14663,0.0,0,79.5,7.95
719,14664,1.0,1,62.5,7.15
720,14665,36.0,1,65.5,31.95
721,14666,28.0,1,77.5,27.549999999999997
722,14667,0.0,0,77.5,7.75
723,14668,3.0,1,94.5,11.75
724,14669,27.0,1,72.5,26.349999999999998
725,14670,21.0,1,62.0,21.099999999999998
726,14671,12.0,1,82.0,16.799999999999997
727,14672,0.0,0,83.0,8.3
728,14673,0.0,0,96.0,9.600000000000001
729,14674,4.0,1,84.0,11.4
730,14675,6.0,1,77.0,12.1
731,14676,0.0,0,74.0,7.4
732,14677,28.0,1,86.5,28.449999999999996
733,14678,14.0,1,77.5,17.75
734,14679,14.0,1,83.5,18.349999999999998
735,14680,0.0,0,68.5,6.8500000000000005
736,14681,0.0,0,86.5,8.65
737,14682,12.0,1,77.0,16.299999999999997
738,14683,0.0,0,77.0,7.7
739,14684,2.5,2,75.5,9.700000000000001
740,14685,18.0,1,56.0,18.4
741,14686,24.0,1,57.5,22.749999999999996
742,14687,0.0,0,81.5,8.15
743,14688,0.0,0,74.0,7.4
744,14689,8.0,1,87.0,14.5
745,14690,0.0,0,57.0,5.7
746,14691,0.0,0,64.0,6.4
747,14692,16.0,1,88.0,20.2
748,14693,0.0,0,80.5,8.05
749,14694,6.0,1,83.5,12.75
750,14695,20.0,1,99.0,24.1
751,14696,0.0,0,60.5,6.050000000000001
752,14697,5.5,2,69.0,11.15
753,14698,0.0,0,63.0,6.300000000000001
754,14699,6.0,1,70.0,11.399999999999999
755,14700,0.0,0,75.5,7.550000000000001
756,14701,0.0,0,64.5,6.45
757,14702,0.0,0,59.0,5.9
758,14703,20.0,1,75.5,21.75
759,14704,0.0,0,78.0,7.800000000000001
760,14705,0.0,0,90.0,9.0
761,14706,6.0,2,73.0,11.9
762,14707,4.0,1,79.5,10.95
763,14708,27.0,1,77.0,26.799999999999997
764,14709,12.0,1,80.5,16.65
765,14710,18.0,1,88.5,21.65
766,14711,0.0,0,77.0,7.7
767,14712,21.0,1,81.5,23.049999999999997
768,14713,3.0,1,58.0,8.100000000000001
769,14714,36.0,1,80.0,33.4
770,14715,2.0,1,75.0,9.1
771,14716,8.0,1,86.0,14.399999999999999
772,14717,24.0,1,78.0,24.799999999999997
773,14718,0.0,0,91.0,9.1
774,14719,0.0,0,84.0,8.4
775,14720,0.0,0,78.0,7.800000000000001
776,14721,0.0,0,81.5,8.15
777,14722,0.0,0,80.5,8.05
778,14723,0.0,0,56.0,5.6000000000000005
779,14724,3.0,1,85.5,10.850000000000001
780,14725,7.0,2,61.0,11.4
781,14726,0.0,0,75.0,7.5
782,14727,0.0,0,80.0,8.0
783,14728,11.0,2,88.0,16.9
784,14729,0.0,0,81.5,8.15
785,14730,12.0,1,63.5,14.95
786,14731,12.0,1,61.0,14.7
787,14732,20.0,2,78.0,22.200000000000003
788,14733,0.0,0,80.5,8.05
789,14734,1.0,1,79.5,8.85
790,14735,9.0,1,74.5,13.95
791,14736,0.0,0,61.0,6.1000000000000005
792,14737,8.0,1,75.0,13.3
793,14738,9.666666666666666,3,88.5,16.216666666666665
794,14739,0.0,0,66.5,6.65
795,14740,20.0,1,84.0,22.6
796,14741,17.0,2,62.5,18.549999999999997
797,14742,6.0,1,75.5,11.95
798,14743,9.0,1,84.5,14.950000000000001
799,14744,12.0,1,85.0,17.099999999999998
800,14745,28.0,1,59.5,25.749999999999996
801,14746,0.0,0,52.0,5.2
802,14747,2.0,1,54.0,7.0
803,14748,0.0,0,70.0,7.0
804,14749,20.0,1,65.0,20.7
805,14750,0.0,0,83.0,8.3
806,14751,0.0,0,62.5,6.25
807,14752,16.0,1,74.5,18.849999999999998
808,14753,0.0,0,83.0,8.3
809,14754,0.0,0,78.0,7.800000000000001
810,14755,3.0,1,72.5,9.55
811,14756,0.0,0,68.0,6.800000000000001
812,14757,18.0,1,80.0,20.799999999999997
813,14758,0.0,0,62.5,6.25
814,14759,0.0,0,72.5,7.25
815,14760,0.0,0,82.0,8.200000000000001
816,14761,16.0,2,71.5,18.75
817,14762,14.0,2,93.0,19.5
818,14763,8.0,1,68.5,12.65
819,14764,16.0,1,58.0,17.2
820,14765,0.0,0,77.0,7.7
821,14766,4.0,1,85.0,11.5
822,14767,0.0,0,73.5,7.3500000000000005
823,14768,0.0,0,76.0,7.6000000000000005
824,14769,0.0,0,64.5,6.45
825,14770,0.0,0,53.0,5.300000000000001
826,14771,0.0,0,85.5,8.55
827,14772,24.0,1,63.5,23.349999999999998
828,14773,0.0,0,56.0,5.6000000000000005
829,14774,6.0,1,89.0,13.3
830,14775,9.0,2,76.5,14.350000000000001
831,14776,28.0,1,57.0,25.499999999999996
832,14777,0.0,0,67.0,6.7
833,14778,0.0,0,56.5,5.65
834,14779,14.0,1,85.0,18.5
835,14780,0.0,0,69.0,6.9
836,14781,16.0,1,72.5,18.65
837,14782,5.0,1,72.0,10.9
838,14783,0.0,0,89.0,8.9
839,14784,0.0,0,78.5,7.8500000000000005
840,14785,32.0,1,56.0,28.2
841,14786,0.0,0,89.0,8.9
842,14787,0.0,0,97.5,9.75
843,14788,0.0,0,86.0,8.6
844,14789,16.0,3,87.5,20.549999999999997
845,14790,2.0,1,90.5,10.65
846,14791,0.0,0,63.0,6.300000000000001
847,14792,0.0,0,72.5,7.25
848,14793,8.0,1,88.5,14.649999999999999
849,14794,0.0,0,76.0,7.6000000000000005
850,14795,0.0,0,67.5,6.75
851,14796,4.0,1,71.5,10.15
852,14797,0.0,0,76.0,7.6000000000000005
853,14798,0.0,0,72.0,7.2
854,14799,12.5,2,76.5,16.8
855,14800,19.666666666666668,3,95.0,23.866666666666667
856,14801,22.5,2,71.5,23.299999999999997
857,14802,0.0,0,86.0,8.6
858,14803,32.0,1,66.5,29.25
859,14804,0.0,0,63.5,6.3500000000000005
860,14805,4.0,1,74.5,10.45
861,14806,4.0,1,65.0,9.5
862,14807,0.0,0,88.5,8.85
863,14808,0.0,0,77.5,7.75
864,14809,0.0,0,72.0,7.2
865,14810,9.0,2,87.5,15.45
866,14811,14.0,1,73.0,17.299999999999997
867,14812,0.0,0,69.5,6.95
868,14813,0.0,0,72.0,7.2
869,14814,0.0,0,76.5,7.65
870,14815,0.0,0,71.0,7.1000000000000005
871,14816,4.0,2,63.5,9.55
872,14817,28.0,1,79.5,27.749999999999996
873,14818,0.0,0,76.5,7.65
874,14819,0.0,0,87.0,8.700000000000001
875,14820,4.0,1,61.0,9.100000000000001
876,14821,0.0,0,81.5,8.15
877,14822,12.0,1,52.5,13.849999999999998
878,14823,7.0,1,87.0,13.8
879,14824,0.0,0,78.5,7.8500000000000005
880,14825,0.0,0,66.5,6.65
881,14826,0.0,0,77.0,7.7
882,14827,8.0,1,86.0,14.399999999999999
883,14828,0.0,0,79.5,7.95
884,14829,12.0,1,73.5,15.95
885,14830,12.0,1,83.5,16.949999999999996
886,14831,0.0,0,78.5,7.8500000000000005
887,14832,4.0,1,55.5,8.55
888,14833,0.0,0,87.0,8.700000000000001
889,14834,1.0,1,69.0,7.800000000000001
890,14835,2.0,1,87.5,10.35
891,14836,22.333333333333332,3,64.5,22.68333333333333
892,14837,0.0,0,70.5,7.050000000000001
893,14838,4.0,1,68.5,9.850000000000001
894,14839,18.0,1,97.0,22.5
895,14840,7.0,2,95.0,14.8
896,14841,1.0,1,87.5,9.65
897,14842,0.0,0,96.5,9.65
898,14843,14.0,1,64.0,16.4
899,14844,0.0,0,92.0,9.200000000000001
900,14845,0.0,0,80.0,8.0
901,14846,9.0,1,64.0,12.9
902,14847,6.0,1,64.0,10.8
903,14848,8.0,1,73.5,13.15
904,14849,0.0,0,73.0,7.300000000000001
905,14850,0.0,0,60.0,6.0
906,14851,0.0,0,68.5,6.8500000000000005
907,14852,0.0,0,69.0,6.9
908,14853,0.0,0,77.5,7.75
909,14854,24.0,1,75.5,24.549999999999997
910,14855,5.0,1,72.5,10.95
911,14856,0.0,0,78.5,7.8500000000000005
912,14857,0.0,0,58.0,5.800000000000001
913,14858,0.0,0,64.0,6.4
914,14859,0.0,0,81.0,8.1
915,14860,0.0,0,85.5,8.55
916,14861,5.0,1,85.5,12.25
917,14862,0.0,0,88.5,8.85
918,14863,0.0,0,81.5,8.15
919,14864,0.0,0,61.0,6.1000000000000005
920,14865,32.0,1,52.5,27.849999999999998
921,14866,0.0,0,65.5,6.550000000000001
922,14867,12.0,1,59.0,14.499999999999998
923,14868,27.0,1,71.5,26.25
924,14869,0.0,0,70.5,7.050000000000001
925,14870,6.0,1,72.5,11.649999999999999
926,14871,0.0,0,73.5,7.3500000000000005
927,14872,15.0,1,82.5,18.95
928,14873,4.0,1,68.0,9.8
929,14874,3.0,1,61.5,8.45
930,14875,9.0,2,98.0,16.5
931,14876,2.0,1,75.5,9.15
932,14877,20.0,2,65.5,20.950000000000003
933,14878,0.0,0,69.5,6.95
934,14879,0.0,0,75.0,7.5
935,14880,0.0,0,88.5,8.85
936,14881,34.0,2,74.0,31.599999999999994
937,14882,0.0,0,69.0,6.9
938,14883,0.0,0,89.5,8.950000000000001
939,14884,0.0,0,77.5,7.75
940,14885,14.0,2,87.5,18.95
941,14886,0.0,0,96.0,9.600000000000001
942,14887,6.0,1,85.5,12.95
943,14888,0.0,0,70.5,7.050000000000001
944,14889,6.0,1,65.0,10.899999999999999
945,14890,0.0,0,89.5,8.950000000000001
946,14891,0.0,0,69.0,6.9
947,14892,12.0,1,58.5,14.45
948,14893,0.0,0,87.0,8.700000000000001
949,14894,0.0,0,64.0,6.4
950,14895,0.0,0,53.0,5.300000000000001
951,14896,10.0,1,84.0,15.600000000000001
952,14897,0.0,0,70.5,7.050000000000001
953,14898,6.0,1,77.5,12.149999999999999
954,14899,17.333333333333332,3,85.0,21.23333333333333
955,14900,0.0,0,77.5,7.75
956,14901,0.0,0,57.0,5.7
957,14902,2.0,1,59.5,7.55
958,14903,6.0,1,67.5,11.149999999999999
959,14904,16.0,1,54.5,16.849999999999998
960,14905,12.0,1,85.5,17.15
961,14906,12.0,1,75.0,16.099999999999998
962,14907,0.0,0,65.0,6.5
963,14908,0.0,0,70.5,7.050000000000001
964,14909,0.0,0,79.0,7.9
965,14910,1.0,1,84.5,9.350000000000001
966,14911,18.0,1,81.0,20.9
967,14912,4.5,2,89.5,12.5
968,14913,0.0,0,74.0,7.4
969,14914,12.0,1,80.5,16.65
970,14915,36.0,1,59.5,31.349999999999998
971,14916,0.0,0,71.5,7.15
972,14917,9.0,1,75.0,14.0
973,14918,0.0,0,78.0,7.800000000000001
974,14919,9.0,2,84.0,15.100000000000001
975,14920,0.0,0,70.5,7.050000000000001
976,14921,0.0,0,89.5,8.950000000000001
977,14922,0.0,0,78.0,7.800000000000001
978,14923,16.5,2,76.0,19.55
979,14924,2.0,1,73.0,8.9
980,14925,0.0,0,88.5,8.85
981,14926,0.0,0,91.0,9.1
982,14927,0.0,0,89.5,8.950000000000001
983,14928,25.333333333333332,3,91.0,27.43333333333333
984,14929,4.0,1,88.5,11.85
985,14930,0.0,0,71.5,7.15
986,14931,0.0,0,64.0,6.4
987,14932,4.0,1,77.0,10.7
988,14933,20.0,1,72.0,21.4
989,14934,0.0,0,81.0,8.1
990,14935,3.0,1,64.0,8.7
991,14936,16.0,1,77.5,19.15
992,14937,0.0,0,75.0,7.5
993,14938,0.0,0,60.5,6.050000000000001
994,14939,5.0,1,83.0,12.0
995,14940,0.0,0,88.5,8.85
996,14941,0.0,0,68.5,6.8500000000000005
997,14942,0.0,0,85.0,8.5
998,14943,2.0,1,76.0,9.200000000000001
999,14944,2.0,2,83.0,10.100000000000001
1000,14945,0.0,0,71.5,7.15
1001,14946,0.0,0,82.5,8.25
1002,14947,9.0,1,70.5,13.55
1003,14948,0.0,0,69.5,6.95
1004,14949,4.5,2,68.5,10.4
1005,14950,0.0,0,65.0,6.5
1006,14951,36.0,1,72.0,32.6
1007,14952,0.0,0,70.5,7.050000000000001
1008,14953,0.0,0,72.0,7.2
1009,14954,0.0,0,68.0,6.800000000000001
1010,14955,11.333333333333334,3,92.5,17.78333333333333
1011,14956,9.0,1,81.5,14.65
1012,14957,0.0,0,74.0,7.4
1013,14958,0.0,0,86.0,8.6
1014,14959,15.0,1,66.5,17.35
1015,14960,23.0,2,79.5,24.449999999999996
1016,14961,10.0,1,77.0,14.9
1017,14962,1.0,1,77.0,8.6
1018,14963,0.0,0,83.5,8.35
1019,14964,6.0,2,60.0,10.6
1020,14965,5.0,1,78.5,11.55
1021,14966,18.0,2,54.0,18.4
1022,14967,0.0,0,75.0,7.5
1023,14968,8.0,1,76.0,13.4
1024,14969,24.0,1,74.5,24.449999999999996
1025,14970,0.0,0,71.5,7.15
1026,14971,0.0,0,90.5,9.05
1027,14972,15.0,1,65.0,17.2
1028,14973,0.0,0,80.5,8.05
1029,14974,24.0,1,62.5,23.249999999999996
1030,14975,0.0,0,76.0,7.6000000000000005
1031,14976,1.0,1,69.0,7.800000000000001
1032,14977,22.5,2,88.0,24.95
1033,14978,0.0,0,72.5,7.25
1034,14979,18.0,2,73.0,20.3
1035,14980,6.0,1,70.0,11.399999999999999
1036,14981,0.0,0,70.0,7.0
1037,14982,0.0,0,75.0,7.5
1038,14983,0.0,0,57.5,5.75
1039,14984,0.0,0,52.0,5.2
1040,14985,3.0,2,82.0,10.700000000000001
1041,14986,10.0,1,88.5,16.05
1042,14987,0.0,0,81.0,8.1
1043,14988,5.0,1,74.5,11.15
1044,14989,15.0,2,52.0,16.1
1045,14990,8.0,1,83.0,14.100000000000001
1046,14991,0.0,0,70.0,7.0
1047,14992,0.0,0,68.5,6.8500000000000005
1048,14993,0.0,0,80.0,8.0
1049,14994,0.0,0,81.0,8.1
1050,14995,0.0,0,61.0,6.1000000000000005
1051,14996,6.0,1,93.0,13.7
1052,14997,0.0,0,61.5,6.15
1053,14998,3.0,2,66.0,9.1
1054,14999,16.0,1,68.5,18.25
1055,15000,0.0,0,86.5,8.65
1056,15001,0.0,0,91.5,9.15
1057,15002,36.0,1,55.5,30.95
1058,15003,0.0,0,72.5,7.25
1059,15004,5.333333333333333,3,64.0,10.733333333333334
1060,15005,4.0,1,60.5,9.05
1061,15006,2.0,1,57.5,7.35
1062,15007,0.0,0,84.0,8.4
1063,15008,0.0,0,72.5,7.25
1064,15009,0.0,0,69.0,6.9
1065,15457,8.0,2,56.5,11.65
1066,15458,6.0,1,86.0,13.0
1067,15459,0.0,0,69.0,6.9
1068,15460,12.0,1,71.0,15.7
1069,15461,0.0,0,59.5,5.95
1070,15462,13.0,2,79.5,17.45
1071,15463,17.5,2,65.5,19.200000000000003
1072,15464,16.0,1,69.5,18.349999999999998
1073,15465,2.0,1,88.0,10.4
1074,15466,12.0,1,85.5,17.15
1075,15467,6.0,1,85.0,12.899999999999999
1076,15468,0.0,0,76.0,7.6000000000000005
1077,15469,0.0,0,80.0,8.0
1078,15470,0.0,0,80.5,8.05
1079,15471,7.0,1,74.0,12.5
1080,15472,16.0,2,68.5,18.45
1081,15473,20.0,1,81.5,22.35
1082,15474,0.0,0,62.0,6.2
1083,15475,0.0,0,71.0,7.1000000000000005
1084,15476,15.333333333333334,3,67.0,18.03333333333333
1085,15477,0.0,0,61.5,6.15
1086,15478,0.0,0,89.5,8.950000000000001
1087,15479,0.0,0,73.0,7.300000000000001
1088,15480,0.0,0,75.5,7.550000000000001
1089,15481,3.0,1,61.5,8.45
1090,15482,0.0,0,73.0,7.300000000000001
1091,15483,0.0,0,79.5,7.95
1092,15484,0.0,0,93.5,9.35
1093,15485,0.0,0,96.5,9.65
1094,15486,0.0,0,58.5,5.8500000000000005
1095,15487,6.0,1,60.5,10.45
1096,15488,5.5,2,83.0,12.55
1097,15489,0.0,0,76.5,7.65
1098,15490,0.0,0,59.0,5.9
1099,15491,0.0,0,82.5,8.25
1100,15492,0.0,0,67.0,6.7
1101,15493,8.0,1,84.5,14.25
1102,15494,0.0,0,84.0,8.4
1103,15495,14.0,1,62.0,16.2
1104,15496,24.0,1,69.0,23.9
1105,15497,0.0,0,53.5,5.3500000000000005
1106,15498,16.0,1,70.0,18.4
1107,15499,0.0,0,66.0,6.6000000000000005
1108,15500,0.0,0,61.5,6.15
1109,15501,11.0,2,76.0,15.7
1110,15502,0.0,0,75.0,7.5
1111,15503,0.0,0,78.5,7.8500000000000005
1112,15504,3.0,1,72.5,9.55
1113,15505,0.0,0,71.5,7.15
1114,15506,10.0,1,62.5,13.45
1115,15507,3.0,1,50.5,7.3500000000000005
1116,15508,0.0,0,71.0,7.1000000000000005
1117,15509,0.0,0,52.0,5.2
1118,15510,10.0,1,83.5,15.55
1119,15511,9.0,1,95.5,16.05
1120,15512,0.0,0,69.0,6.9
1121,15513,3.0,1,81.5,10.45
1122,15514,3.0,1,80.5,10.350000000000001
1123,15515,6.0,1,85.0,12.899999999999999
1124,15516,16.5,2,71.5,19.1
1125,15517,0.0,0,90.5,9.05
1126,15518,0.0,0,69.0,6.9
1127,15519,4.0,1,64.5,9.45
1128,15520,24.0,1,74.0,24.4
1129,15521,24.0,1,86.0,25.599999999999994
1130,15522,18.0,1,75.5,20.35
1131,15523,0.0,0,70.5,7.050000000000001
1132,15524,4.0,1,75.5,10.55
1133,15525,36.0,1,78.0,33.2
1134,15526,0.0,0,85.5,8.55
1135,15527,24.0,1,80.0,24.999999999999996
1136,15528,6.0,2,67.0,11.3
1137,15529,28.0,1,71.0,26.9
1138,15530,11.0,2,69.0,15.0
1139,15531,0.0,0,69.5,6.95
1140,15532,12.0,2,72.5,16.049999999999997
1141,15533,0.0,0,66.5,6.65
1142,15534,10.0,1,63.0,13.5
1143,15535,0.0,0,61.5,6.15
1144,15536,4.0,1,71.5,10.15
1145,15537,4.0,1,94.0,12.4
1146,15538,27.0,1,67.0,25.799999999999997
1147,15539,8.0,1,65.0,12.3
1148,15540,22.5,2,84.5,24.6
1149,15541,8.0,2,64.0,12.4
1150,15542,0.0,0,62.0,6.2
1151,15543,0.0,0,81.0,8.1
1152,15544,0.0,0,83.0,8.3
1153,15545,14.0,2,77.5,17.95
1154,15546,5.0,1,60.5,9.75
1155,15547,6.0,1,74.5,11.85
1156,15548,0.0,0,84.5,8.450000000000001
1157,15549,0.0,0,68.5,6.8500000000000005
1158,15550,20.0,1,84.0,22.6
1159,15551,0.0,0,69.0,6.9
1160,15552,12.0,1,80.5,16.65
1161,15553,0.0,0,75.0,7.5
1162,15554,0.0,0,78.0,7.800000000000001
1163,15555,2.0,1,68.0,8.4
1164,15556,6.0,1,69.0,11.3
1165,15557,15.0,3,65.5,17.65
1166,15558,0.0,0,78.0,7.800000000000001
1167,15559,0.0,0,70.0,7.0
1168,15560,6.0,1,57.5,10.149999999999999
1169,15561,0.0,0,68.5,6.8500000000000005
1170,15562,0.0,0,87.5,8.75
1171,15563,15.0,1,75.5,18.25
1172,15564,0.0,0,95.0,9.5
1173,15565,0.0,0,82.5,8.25
1174,15566,0.0,0,72.0,7.2
1175,15567,0.0,0,80.0,8.0
1176,15568,0.0,0,83.5,8.35
1177,15569,0.0,0,72.5,7.25
1178,15570,27.0,1,62.0,25.299999999999997
1179,15571,0.0,0,67.0,6.7
1180,15572,0.0,0,79.0,7.9
1181,15573,8.0,1,59.5,11.75
1182,15574,0.0,0,63.5,6.3500000000000005
1183,15575,8.0,1,87.0,14.5
1184,15576,0.0,0,67.0,6.7
1185,15577,0.0,0,73.0,7.300000000000001
1186,15578,16.0,1,67.5,18.15
1187,15579,0.0,0,69.5,6.95
1188,15580,6.0,1,53.0,9.7
1189,15581,2.0,1,59.5,7.55
1190,15582,0.0,0,70.0,7.0
1191,15583,9.5,2,64.0,13.45
1192,15584,6.0,1,80.5,12.45
1193,15585,0.0,0,65.5,6.550000000000001
1194,15586,2.0,1,80.5,9.65
1195,15587,6.0,1,81.5,12.55
1196,15588,6.5,2,79.5,12.9
1197,15589,8.0,1,60.5,11.850000000000001
1198,15590,10.333333333333334,3,63.5,14.183333333333334
1199,15591,0.0,0,65.0,6.5
1200,15592,32.0,1,87.0,31.299999999999997
1201,15593,12.0,1,66.5,15.249999999999998
1202,15594,3.0,1,93.0,11.600000000000001
1203,15595,2.0,1,76.5,9.25
1204,15596,14.0,1,72.0,17.2
1205,15597,1.0,1,75.5,8.450000000000001
1206,15598,0.0,0,56.0,5.6000000000000005
1207,15599,14.0,1,79.5,17.95
1208,15600,0.0,0,74.5,7.45
1209,15601,0.0,0,90.5,9.05
1210,15602,0.0,0,70.5,7.050000000000001
1211,15603,1.0,1,83.0,9.200000000000001
1212,15604,0.0,0,75.5,7.550000000000001
1213,15605,6.0,1,71.5,11.55
1214,15606,24.0,1,74.0,24.4
1215,15607,0.0,0,81.0,8.1
1216,15608,8.0,1,85.0,14.3
1217,15609,0.0,0,59.5,5.95
1218,15610,0.0,0,94.5,9.450000000000001
1219,15611,9.0,1,69.5,13.45
1220,15612,2.0,1,82.0,9.8
1221,15613,0.0,0,85.5,8.55
1222,15614,5.0,1,58.5,9.55
1223,15615,0.0,0,71.5,7.15
1224,15616,0.0,0,76.0,7.6000000000000005
1225,15617,0.0,0,80.0,8.0
1226,15618,19.5,2,69.0,20.95
1227,15619,15.0,2,77.5,18.65
1228,15620,6.0,1,80.5,12.45
1229,15621,27.0,1,78.0,26.9
1230,15622,10.0,1,68.0,14.0
1231,15623,0.0,0,84.0,8.4
1232,15624,6.0,1,78.0,12.2
1233,15625,21.0,1,74.0,22.299999999999997
1234,15626,8.0,1,68.5,12.65
1235,15627,10.0,2,79.5,15.350000000000001
1236,15628,24.0,1,75.0,24.499999999999996
1237,15629,36.0,1,67.0,32.1
1238,15630,0.0,0,75.5,7.550000000000001
1239,15631,20.0,1,83.5,22.549999999999997
1240,15632,24.0,1,81.5,25.15
1241,15633,12.0,1,85.0,17.099999999999998
1242,15634,0.0,0,77.0,7.7
1243,15635,0.0,0,76.0,7.6000000000000005
1244,15636,0.0,0,59.0,5.9
1245,15637,4.0,1,71.0,10.100000000000001
1246,15638,0.0,0,72.0,7.2
1247,15639,0.0,0,85.5,8.55
1248,15640,13.0,2,63.5,15.850000000000001
1249,15641,22.0,2,63.0,22.1
1250,15642,4.0,1,85.0,11.5
1251,15643,0.0,0,92.5,9.25
1252,15644,0.0,0,79.0,7.9
1253,15645,6.0,1,64.0,10.8
1254,15646,0.0,0,71.0,7.1000000000000005
1255,15647,6.5,2,78.0,12.75
1256,15648,0.0,0,81.0,8.1
1257,15649,4.0,1,88.5,11.85
1258,15650,0.0,0,58.0,5.800000000000001
1259,15651,0.0,0,77.0,7.7
1260,15652,3.0,1,92.0,11.5
1261,15653,0.0,0,89.0,8.9
1262,15654,0.0,0,76.5,7.65
1263,15655,0.0,0,72.5,7.25
1264,15656,18.0,1,74.0,20.2
1265,15657,32.0,1,80.5,30.65
1266,15658,10.0,1,82.0,15.400000000000002
1267,15659,6.0,1,71.5,11.55
1268,15660,27.0,1,75.0,26.599999999999998
1269,15661,0.0,0,72.5,7.25
1270,15662,21.0,1,65.0,21.4
1271,15663,0.0,0,73.0,7.300000000000001
1272,15664,0.0,0,69.0,6.9
1273,15665,20.0,1,69.0,21.1
1274,15666,8.0,1,73.0,13.100000000000001
1275,15667,24.0,1,76.0,24.599999999999998
1276,15668,0.0,0,65.0,6.5
1277,15669,0.0,0,74.5,7.45
1278,15670,0.0,0,78.5,7.8500000000000005
1279,15671,0.0,0,80.0,8.0
1280,15672,0.0,0,58.0,5.800000000000001
1281,15673,9.0,1,83.0,14.8
1282,15674,6.0,1,82.0,12.600000000000001
1283,15675,0.0,0,52.0,5.2
1284,15676,24.0,1,78.5,24.849999999999998
1285,15677,0.0,0,59.0,5.9
1286,15678,8.0,2,72.0,13.2
1287,15679,6.0,1,81.0,12.5
1288,15680,18.0,1,75.0,20.299999999999997
1289,15681,0.0,0,87.5,8.75
1290,15682,12.0,1,89.0,17.5
1291,15683,3.0,1,82.0,10.5
1292,15684,10.5,2,81.0,15.85
1293,15685,0.0,0,86.0,8.6
1294,15686,0.0,0,55.5,5.550000000000001
1295,15687,0.0,0,84.0,8.4
1296,15688,22.5,2,76.5,23.799999999999997
1297,15689,17.333333333333332,3,63.0,19.03333333333333
1298,15690,9.0,2,91.5,15.850000000000001
1299,15691,0.0,0,65.5,6.550000000000001
1300,15692,0.0,0,64.5,6.45
1301,15693,0.0,0,74.0,7.4
1302,15694,18.0,1,61.5,18.95
1303,15695,8.0,1,93.0,15.100000000000001
1304,15696,6.0,1,84.0,12.8
1305,15697,9.0,2,72.0,13.9
1306,15698,4.0,1,74.5,10.45
1307,15699,0.0,0,59.5,5.95
1308,15700,0.0,0,78.0,7.800000000000001
1309,15701,0.0,0,72.0,7.2
1310,15702,16.0,1,81.0,19.5
1311,15703,5.0,1,72.5,10.95
1312,15704,0.0,0,72.5,7.25
1313,15705,0.0,0,59.5,5.95
1314,15706,5.5,2,66.5,10.9
1315,15707,9.0,1,66.5,13.15
1316,15708,0.0,0,56.5,5.65
1317,15709,0.0,0,74.5,7.45
1318,15710,0.0,0,74.5,7.45
1319,15711,0.0,0,72.0,7.2
1320,15712,20.0,2,52.0,19.6
1321,15713,0.0,0,72.5,7.25
1322,15714,0.0,0,73.0,7.300000000000001
1323,15715,5.0,1,81.5,11.850000000000001
1324,15716,10.0,3,88.5,16.45
1325,15717,0.0,0,72.5,7.25
1326,15718,0.0,0,84.0,8.4
1327,15719,0.0,0,65.0,6.5
1328,15720,0.0,0,73.5,7.3500000000000005
1329,15721,12.0,1,93.5,17.949999999999996
1330,15722,0.0,0,62.5,6.25
1331,15723,24.0,1,92.0,26.199999999999996
1332,15724,0.0,0,81.0,8.1
1333,15725,0.0,0,62.5,6.25
1334,15726,12.0,1,78.0,16.4
1335,15727,12.0,1,68.0,15.399999999999999
1336,15728,16.333333333333332,3,76.5,19.68333333333333
1337,15729,6.0,1,75.0,11.899999999999999
1338,15730,5.0,1,82.0,11.900000000000002
1339,15731,22.5,2,77.5,23.9
1340,15732,0.0,0,58.0,5.800000000000001
1341,15733,0.0,0,92.5,9.25
1342,15734,0.0,0,86.5,8.65
1343,15735,0.0,0,80.0,8.0
1344,15737,6.0,1,74.0,11.8
1345,15738,6.0,1,69.0,11.3
1346,15739,6.5,2,65.0,11.45
1347,15740,13.0,4,77.0,17.6
1348,15741,0.0,0,83.5,8.35
1349,15742,0.0,0,85.5,8.55
1350,15743,16.0,1,68.5,18.25
1351,15744,13.5,4,66.0,16.85
1352,15745,24.0,1,58.5,22.849999999999998
1353,15746,6.0,1,76.5,12.05
1354,15747,0.0,0,64.0,6.4
1355,15748,3.0,1,79.0,10.2
1356,15749,16.5,2,89.5,20.9
1357,15750,5.0,1,79.5,11.65
1358,15751,12.0,1,77.5,16.349999999999998
1359,15752,5.0,2,70.5,10.950000000000001
1360,15753,8.0,1,70.0,12.8
1361,15754,0.0,0,80.5,8.05
1362,15755,0.0,0,73.5,7.3500000000000005
1363,15756,0.0,0,63.5,6.3500000000000005
1364,15757,32.0,1,86.0,31.199999999999996
1365,15758,0.0,0,83.0,8.3
1366,15759,0.0,0,70.0,7.0
1367,15760,2.0,1,66.0,8.200000000000001
1368,15761,0.0,0,77.5,7.75
1369,15762,0.0,0,85.5,8.55
1370,15763,8.0,1,84.0,14.2
1371,15764,0.0,0,79.0,7.9
1372,15765,21.0,1,64.5,21.349999999999998
1373,15766,4.0,1,66.5,9.65
1374,15767,10.666666666666666,3,73.5,15.416666666666668
1375,15768,5.0,2,59.0,9.8
1376,15769,0.0,0,74.5,7.45
1377,15770,24.0,1,70.0,23.999999999999996
1378,15771,0.0,0,63.5,6.3500000000000005
1379,15772,6.0,1,84.5,12.850000000000001
1380,15773,0.0,0,84.5,8.450000000000001
1381,15774,4.5,2,78.5,11.4
1382,15775,5.0,1,79.0,11.600000000000001
1383,15776,0.0,0,91.0,9.1
1384,15777,32.0,1,73.0,29.9
1385,15778,0.0,0,87.5,8.75
1386,15779,0.0,0,78.5,7.8500000000000005
1387,15780,0.0,0,77.5,7.75
1388,15781,0.0,0,53.5,5.3500000000000005
1389,15782,32.0,1,90.5,31.65
1390,15783,4.0,1,72.5,10.25
1391,15784,2.0,1,83.0,9.9
1392,15785,6.0,2,74.0,12.0
1393,15786,0.0,0,86.0,8.6
1394,15787,0.0,0,81.0,8.1
1395,15788,2.0,1,66.5,8.25
1396,15789,24.0,1,84.0,25.4
1397,15790,0.0,0,91.5,9.15
1398,15791,0.0,0,83.5,8.35
1399,15792,2.0,1,51.5,6.75
1400,15793,4.0,1,80.5,11.05
1401,15794,0.0,0,82.0,8.200000000000001
1402,15795,0.0,0,93.0,9.3
1403,15796,0.0,0,74.5,7.45
1404,15797,12.0,1,67.0,15.299999999999997
1405,15798,24.0,1,74.5,24.449999999999996
1406,15799,8.0,1,73.0,13.100000000000001
1407,15800,34.0,2,78.5,32.05
1408,15801,0.0,0,69.5,6.95
1409,15802,6.0,1,81.0,12.5
1410,15803,0.0,0,61.5,6.15
1411,15804,6.0,1,85.5,12.95
1412,15805,27.0,1,88.0,27.9
1413,15806,9.0,1,79.0,14.4
1414,15807,0.0,0,98.0,9.8
1415,15808,1.0,1,85.0,9.4
1416,15809,9.0,1,60.0,12.5
1417,15810,2.0,1,75.0,9.1
1418,15811,15.0,3,75.0,18.6
1419,15812,0.0,0,72.5,7.25
1420,15813,7.5,2,87.0,14.350000000000001
1421,15814,0.0,0,95.5,9.55
1422,15815,7.0,1,67.5,11.85
1423,15816,0.0,0,74.0,7.4
1424,15817,9.0,1,67.0,13.2
1425,15818,0.0,0,86.0,8.6
1426,15819,0.0,0,77.0,7.7
1427,15820,0.0,0,67.5,6.75
1428,15821,0.0,0,70.0,7.0
1429,15822,0.0,0,52.5,5.25
1430,15823,2.0,1,62.5,7.85
1431,15824,0.0,0,56.0,5.6000000000000005
1432,15825,0.0,0,71.5,7.15
1433,15826,27.0,1,69.0,26.0
1434,15827,0.0,0,70.0,7.0
1435,15828,21.0,1,70.5,21.95
1436,15829,27.0,1,95.0,28.599999999999998
1437,15830,0.0,0,79.0,7.9
1438,15831,3.0,1,95.5,11.850000000000001
1439,15832,0.0,0,57.5,5.75
1440,15833,0.0,0,68.5,6.8500000000000005
1441,15834,7.5,2,69.0,12.55
1442,15835,8.0,1,87.5,14.55
1443,15836,0.0,0,61.5,6.15
1444,15837,0.0,0,91.0,9.1
1445,15838,36.0,1,65.0,31.9
1446,15839,0.0,0,74.5,7.45
1447,15840,0.0,0,74.0,7.4
1448,15841,9.0,1,83.5,14.85
1449,15842,0.0,0,61.5,6.15
1450,15843,0.0,0,70.0,7.0
1451,15844,0.0,0,62.0,6.2
1452,15845,0.0,0,81.0,8.1
1453,15846,0.0,0,66.0,6.6000000000000005
1454,15847,0.0,0,68.0,6.800000000000001
1455,15848,0.0,0,69.5,6.95
1456,15849,8.0,1,61.0,11.9
1457,15850,23.5,2,69.5,23.799999999999997
1458,15851,0.0,0,66.5,6.65
1459,15852,0.0,0,73.0,7.300000000000001
1460,15853,0.0,0,82.5,8.25
1461,15854,8.0,1,88.5,14.649999999999999
1462,15855,3.0,1,58.5,8.15
1463,15856,0.0,0,90.0,9.0
1464,15857,17.0,2,69.5,19.25
1465,15858,0.0,0,65.0,6.5
1466,15859,0.0,0,80.0,8.0
1467,15860,0.0,0,80.0,8.0
1468,15861,0.0,0,76.5,7.65
1469,15862,7.5,2,84.5,14.100000000000001
1470,15863,12.0,1,76.0,16.2
1471,15864,32.0,1,92.5,31.849999999999998
1472,15865,0.0,0,71.0,7.1000000000000005
1473,15866,2.0,1,74.5,9.05
1474,15867,12.0,1,70.5,15.649999999999999
1475,15868,0.0,0,63.5,6.3500000000000005
1476,15869,0.0,0,70.5,7.050000000000001
1477,15870,5.5,2,73.0,11.55
1478,15871,6.0,1,67.5,11.149999999999999
1479,15872,0.0,0,65.5,6.550000000000001
1480,15873,15.0,1,71.0,17.8
1481,15874,7.0,1,67.5,11.85
1482,15875,0.0,0,51.5,5.15
1483,15876,0.0,0,80.5,8.05
1484,15877,11.5,2,66.0,15.05
1485,15878,0.0,0,55.5,5.550000000000001
1486,15879,6.5,2,83.0,13.25
1487,15880,0.0,0,74.0,7.4
1488,15881,0.0,0,82.0,8.200000000000001
1489,15882,8.0,1,59.0,11.7
1490,15883,8.5,2,82.0,14.55
1491,15884,36.0,1,78.5,33.25
1492,15885,9.0,1,92.0,15.700000000000001
1493,15886,32.0,1,67.0,29.299999999999997
1494,15887,0.0,0,61.5,6.15
1495,15888,0.0,0,78.0,7.800000000000001
1496,15889,0.0,0,83.0,8.3
1497,15890,0.0,0,75.0,7.5
1498,15891,20.0,1,74.5,21.65
1499,15892,0.0,0,84.0,8.4
1500,15893,0.0,0,58.5,5.8500000000000005
1501,15894,15.0,1,78.0,18.5
1502,15895,2.0,1,70.5,8.65
1503,15896,4.0,1,80.5,11.05
1504,15897,24.0,1,93.0,26.299999999999997
1505,15898,0.0,0,81.5,8.15
1506,15899,0.0,0,72.5,7.25
1507,15900,18.0,1,72.0,20.0
1508,15901,14.0,2,69.0,17.1
1509,15902,9.0,1,78.0,14.3
1510,15903,0.0,0,70.5,7.050000000000001
1511,15904,0.0,0,79.5,7.95
1512,15905,0.0,0,68.5,6.8500000000000005
1513,15906,21.0,1,78.0,22.7
1514,15907,0.0,0,76.0,7.6000000000000005
1515,15908,4.0,1,79.5,10.95
1516,15909,0.0,0,72.5,7.25
1517,15910,6.0,1,61.0,10.5
1518,15911,5.0,1,81.5,11.850000000000001
1519,15912,0.0,0,69.0,6.9
1520,15913,0.0,0,85.0,8.5
1521,15914,4.0,1,73.5,10.350000000000001
1522,15915,2.0,1,69.5,8.55
1523,15916,4.5,2,75.0,11.05
1524,15917,9.0,1,96.0,16.1
1525,15918,27.0,1,60.0,25.099999999999998
1526,15919,8.0,1,54.0,11.2
1527,15920,0.0,0,62.0,6.2
1528,15921,9.0,2,62.0,12.9
1529,15922,0.0,0,62.5,6.25
1530,15923,8.0,1,64.5,12.25
1531,15924,0.0,0,77.5,7.75
1532,15925,0.0,0,69.5,6.95
1533,15926,8.0,1,89.0,14.7
1534,15927,18.0,1,73.5,20.15
1535,15928,0.0,0,83.5,8.35
1536,15929,16.5,2,60.5,18.0
1537,15930,0.0,0,80.5,8.05
1538,15931,22.0,2,73.0,23.1
1539,15932,0.0,0,82.0,8.200000000000001
1540,15933,0.0,0,57.0,5.7
1541,15934,0.0,0,71.0,7.1000000000000005
1542,15935,0.0,0,62.5,6.25
1543,15936,12.0,1,76.0,16.2
1544,15937,0.0,0,76.5,7.65
1545,15938,0.0,0,84.5,8.450000000000001
1546,15939,12.0,2,88.5,17.65
1547,15940,4.0,1,74.5,10.45
1548,15941,8.0,1,67.5,12.55
1549,15942,36.0,1,80.5,33.45
1550,15943,28.0,1,51.5,24.949999999999996
1551,15944,8.0,1,77.0,13.5
1552,15945,6.0,1,75.0,11.899999999999999
1553,15946,2.0,2,73.5,9.15
1554,15947,2.0,2,68.5,8.65
1555,15948,20.0,1,80.0,22.2
1556,15949,0.0,0,69.5,6.95
1557,15950,2.5,2,89.0,11.05
1558,15951,36.0,1,60.0,31.4
1559,15952,14.0,1,81.5,18.15
1560,15953,0.0,0,73.5,7.3500000000000005
1561,15954,15.0,1,82.5,18.95
1562,15955,0.0,0,72.5,7.25
1563,15956,6.0,1,66.5,11.05
1564,15957,12.0,1,84.5,17.049999999999997
1565,15958,9.0,1,73.0,13.8
1566,15959,0.0,0,71.0,7.1000000000000005
1567,15960,6.5,2,89.0,13.850000000000001
1568,15961,0.0,0,60.0,6.0
1569,15962,6.0,1,75.0,11.899999999999999
1570,15963,0.0,0,86.0,8.6
1571,15964,12.0,1,60.5,14.649999999999999
1572,15965,24.0,1,76.0,24.599999999999998
1573,15966,0.0,0,59.0,5.9
1574,15967,0.0,0,84.0,8.4
1575,15968,21.0,1,86.5,23.549999999999997
1576,15969,3.0,1,89.0,11.2
1577,15970,0.0,0,63.5,6.3500000000000005
1578,15971,1.0,1,68.5,7.75
1579,15972,0.0,0,85.0,8.5
1580,15973,0.0,0,79.0,7.9
1581,15974,0.0,0,61.0,6.1000000000000005
1582,15975,7.5,2,70.0,12.65
1583,15976,14.0,1,75.5,17.549999999999997
1584,15977,0.0,0,85.0,8.5
1585,15978,0.0,0,67.0,6.7
1586,15979,6.0,2,68.0,11.4
1587,15980,0.0,0,72.5,7.25
1588,15981,0.0,0,67.0,6.7
1589,15982,0.0,0,75.5,7.550000000000001
1590,15983,4.0,2,74.0,10.6
1591,15984,0.0,0,70.0,7.0
1592,15985,21.0,2,78.0,22.9
1593,15986,18.0,1,59.0,18.7
1594,15987,0.0,0,93.5,9.35
1595,15988,0.0,0,68.5,6.8500000000000005
1596,15989,0.0,0,89.5,8.950000000000001
1597,15990,0.0,0,79.0,7.9
1598,15991,0.0,0,79.0,7.9
1599,15992,2.0,1,73.0,8.9
1600,15993,12.0,1,72.0,15.799999999999997
1601,15995,0.0,0,58.5,5.8500000000000005
1602,15996,14.0,1,74.5,17.45
1603,15997,0.0,0,67.5,6.75
1604,15998,5.0,1,74.0,11.100000000000001
1605,15999,0.0,0,92.5,9.25
1606,16000,36.0,1,63.5,31.75
1607,16001,0.0,0,73.0,7.300000000000001
1608,16002,12.0,1,76.5,16.25
1609,16004,13.0,2,63.5,15.850000000000001
1610,16005,0.0,0,82.0,8.200000000000001
1611,16006,2.0,1,68.5,8.450000000000001
1612,16007,0.0,0,73.0,7.300000000000001
1613,16008,20.5,2,91.5,23.9
1614,16009,0.0,0,71.0,7.1000000000000005
1615,16010,6.0,1,56.0,10.0
1616,16011,10.0,2,74.0,14.8
1617,16012,0.0,0,83.0,8.3
1618,16014,9.0,1,78.5,14.350000000000001
1619,16015,0.0,0,75.5,7.550000000000001
1620,16016,0.0,0,87.5,8.75
1621,16017,24.0,1,87.5,25.749999999999996
1622,16018,24.0,1,92.0,26.199999999999996
1623,16019,8.0,1,64.0,12.2
1624,16020,10.0,1,78.0,15.0
1625,16021,0.0,0,86.5,8.65
1626,16022,12.0,1,74.5,16.049999999999997
1627,16023,0.0,0,84.5,8.450000000000001
1628,16024,15.0,1,68.0,17.5
1629,16025,16.0,1,86.0,20.0
1630,16026,16.0,1,97.0,21.1
1631,16027,2.0,1,57.0,7.3
1632,16028,0.0,0,69.5,6.95
1633,16029,0.0,0,70.0,7.0
1634,16030,0.0,0,62.0,6.2
1635,16031,0.0,0,73.5,7.3500000000000005
1636,16032,0.0,0,69.0,6.9
1637,16033,0.0,0,87.5,8.75
1638,16034,0.0,0,62.5,6.25
1639,16035,15.5,2,82.5,19.5
1640,16036,0.0,0,79.0,7.9
1641,16037,27.0,1,74.5,26.549999999999997
1642,16038,20.0,1,74.0,21.6
1643,16039,0.0,0,77.5,7.75
1644,16040,0.0,0,95.0,9.5
1645,16041,5.0,1,82.0,11.900000000000002
1646,16042,15.0,2,67.5,17.65
1647,16043,5.0,2,77.5,11.65
1648,16044,0.0,0,66.5,6.65
1649,16045,0.0,0,68.0,6.800000000000001
1650,16046,13.333333333333334,3,80.5,17.983333333333334
1651,16047,0.0,0,73.5,7.3500000000000005
1652,16048,24.0,1,74.5,24.449999999999996
1653,16049,20.0,2,56.0,20.0
1654,16050,0.0,0,65.5,6.550000000000001
1655,16051,3.0,1,93.0,11.600000000000001
1656,16052,18.0,1,73.5,20.15
1657,16053,7.0,1,92.0,14.3
1658,16054,0.0,0,96.0,9.600000000000001
1659,16055,8.0,1,77.0,13.5
1660,16056,0.0,0,60.5,6.050000000000001
1661,16057,6.0,1,89.0,13.3
1662,16058,0.0,0,57.0,5.7
1663,16059,10.0,1,72.5,14.45
1664,16060,15.0,1,74.5,18.15
1665,16061,4.0,1,77.5,10.75
1666,16062,0.0,0,75.5,7.550000000000001
1667,16063,0.0,0,64.0,6.4
1668,16064,24.0,1,69.0,23.9
1669,16067,0.0,0,60.5,6.050000000000001
1670,16068,4.0,1,83.5,11.35
1671,16069,4.0,1,77.0,10.7
1672,16070,19.5,2,90.0,23.049999999999997
1673,16071,0.0,0,74.0,7.4
1674,16072,0.0,0,74.5,7.45
1675,16073,0.0,0,80.5,8.05
1676,16074,0.0,0,85.0,8.5
1677,16075,14.0,3,73.5,17.75
1678,16076,0.0,0,66.0,6.6000000000000005
1679,16077,16.0,1,77.0,19.099999999999998
1680,16078,4.0,1,80.5,11.05
1681,16079,18.0,1,71.0,19.9
1682,16080,0.0,0,59.5,5.95
1683,16081,0.0,0,71.5,7.15
1684,16082,0.0,0,75.5,7.550000000000001
1685,16083,27.0,1,80.5,27.15
1686,16084,4.0,1,73.5,10.350000000000001
1687,16085,3.0,1,61.5,8.45
1688,16086,36.0,1,85.5,33.95
1689,16087,0.0,0,53.0,5.300000000000001
1690,16088,0.0,0,77.5,7.75
1691,16089,0.0,0,91.5,9.15
1692,16090,0.0,0,84.5,8.450000000000001
1693,16091,1.0,1,78.5,8.75
1694,16092,0.0,0,90.0,9.0
1695,16093,4.0,1,86.0,11.6
1696,16094,0.0,0,63.0,6.300000000000001
1697,16095,0.0,0,56.0,5.6000000000000005
1698,16096,8.0,1,75.0,13.3
1699,16097,0.0,0,92.5,9.25
1700,16098,5.5,2,92.0,13.450000000000001
1701,16099,36.0,1,75.5,32.95
1702,16100,0.0,0,65.5,6.550000000000001
1703,16101,3.0,1,59.0,8.2
1704,16102,32.0,1,68.5,29.45
1705,16103,0.0,0,71.0,7.1000000000000005
1706,16104,0.0,0,79.5,7.95
1707,16105,13.0,2,63.5,15.850000000000001
1708,16106,4.0,1,86.0,11.6
1709,16107,0.0,0,68.0,6.800000000000001
1710,16108,0.0,0,96.5,9.65
1711,16109,24.0,1,80.0,24.999999999999996
1712,16110,0.0,0,77.5,7.75
1713,16111,0.0,0,69.0,6.9
1714,16112,0.0,0,76.0,7.6000000000000005
1715,16113,15.0,1,70.5,17.75
1716,16114,0.0,0,89.5,8.950000000000001
1717,16115,24.0,1,66.5,23.65
1718,16116,1.0,1,66.0,7.5
1719,16117,0.0,0,66.0,6.6000000000000005
1720,16118,24.0,1,75.0,24.499999999999996
1721,16119,0.0,0,88.0,8.8
1722,16120,0.0,0,83.0,8.3
1723,16121,0.0,0,61.0,6.1000000000000005
1724,16122,0.0,0,73.5,7.3500000000000005
1725,16123,9.666666666666666,3,57.0,13.066666666666666
1726,16124,0.0,0,89.0,8.9
1727,16125,8.0,2,75.0,13.5
1728,16126,0.0,0,68.5,6.8500000000000005
1729,16127,6.0,1,79.5,12.35
1730,16128,0.0,0,79.5,7.95
1731,16129,3.0,1,65.5,8.850000000000001
1732,16130,32.0,1,63.5,28.95
1733,16131,0.0,0,72.0,7.2
1734,16132,0.0,0,72.5,7.25
1735,16133,0.0,0,73.0,7.300000000000001
1736,16134,0.0,0,91.0,9.1
1737,16135,7.0,2,78.5,13.15
1738,16136,20.0,1,83.5,22.549999999999997
1739,16137,24.0,1,81.5,25.15
1740,16138,19.5,2,82.5,22.299999999999997
1741,16139,0.0,0,80.0,8.0
1742,16140,0.0,0,69.0,6.9
1743,16141,12.0,1,75.5,16.15
1744,16142,0.0,0,75.0,7.5
1745,16143,6.0,1,84.5,12.850000000000001
1746,16144,8.0,2,79.5,13.95
1747,16145,2.0,1,89.5,10.55
1748,16146,0.0,0,56.5,5.65
1749,16147,3.0,1,75.5,9.850000000000001
1750,16148,12.0,1,55.5,14.149999999999999
1751,16149,18.0,1,67.0,19.5
1752,16150,12.0,1,77.5,16.349999999999998
1753,16151,0.0,0,65.5,6.550000000000001
1754,16152,0.0,0,64.5,6.45
1755,16153,0.0,0,66.5,6.65
1756,16154,9.0,1,71.5,13.65
1757,16155,25.0,2,78.5,25.75
1758,16156,0.0,0,71.0,7.1000000000000005
1759,16157,24.0,1,73.0,24.299999999999997
1760,16158,15.5,2,70.0,18.25
1761,16159,14.0,2,65.5,16.75
1762,16160,0.0,0,78.5,7.8500000000000005
1763,16161,0.0,0,73.5,7.3500000000000005
1764,16162,0.0,0,94.5,9.450000000000001
