,student_id,term_number,month_number,month_amount,composite_scores
0,13012,349,62,381.1,314.06999999999994
1,13564,329,52,3272.8,2334.26
2,13599,101,31,1686.8,1197.06
3,13685,109,82,1854.93,1325.7510000000002
4,13947,104,76,3009.4,2132.18
5,13948,351,62,1971.15,1427.305
6,13949,240,73,2262.33,1622.2309999999998
7,13950,222,57,3330.55,2364.9849999999997
8,13951,200,43,1982.8,1416.5599999999997
9,13952,125,55,2682.45,1901.2149999999997
10,13953,218,98,2115.35,1522.1449999999998
11,13955,293,35,1491.2,1080.1399999999999
12,13956,347,75,11.0,57.400000000000006
13,13957,328,42,2065.55,1487.085
14,13958,165,59,1341.55,967.3849999999999
15,13959,265,94,2534.3,1819.31
16,13960,151,98,714.5,534.85
17,13961,202,36,2145.2,1529.04
18,13963,108,93,2967.75,2106.825
19,13964,345,93,2885.3,2072.81
20,13965,310,65,2969.91,2122.937
21,13966,186,36,1994.25,1421.7749999999999
22,13967,179,76,9.0,39.400000000000006
23,13968,304,97,2881.75,2067.025
24,13969,146,52,3894.25,2750.975
25,13970,115,77,3491.03,2470.621
26,13971,111,59,472.05,353.33500000000004
27,13972,227,94,2502.5,1793.25
28,13973,186,40,2232.45,1589.3149999999996
29,13974,315,63,1622.55,1179.8849999999998
30,13975,339,41,1931.45,1394.115
31,13976,128,82,1397.95,1007.7649999999999
32,13977,313,89,1648.55,1203.0849999999998
33,13978,248,71,1870.6,1348.4199999999998
34,13979,187,32,1808.2,1290.8400000000001
35,13980,328,48,1879.85,1358.2949999999996
36,13981,208,76,2786.15,1986.3049999999998
37,13982,113,57,2441.25,1731.575
38,13983,335,51,2700.62,1934.1339999999998
39,13984,147,53,1846.0,1317.4999999999998
40,13985,127,45,3575.15,2524.305
41,13986,245,64,2427.8,1736.76
42,13987,248,95,2818.15,2016.5049999999999
43,13988,183,34,2495.1,1771.6699999999998
44,13989,101,96,1710.65,1226.7549999999999
45,13990,343,58,2979.35,2131.4449999999997
46,13991,310,76,954.75,714.525
47,13992,259,56,1827.9,1316.63
48,13993,316,80,2785.8,1997.6599999999999
49,13994,119,91,1769.9,1269.0300000000002
50,13995,149,43,1662.2,1187.04
51,13996,144,91,1507.25,1087.6750000000002
52,13997,307,82,2089.28,1509.5960000000002
53,13998,349,59,1685.8,1226.76
54,13999,323,57,2313.52,1663.164
55,14000,122,98,2316.3,1653.21
56,14001,224,73,3714.05,2636.835
57,14002,246,82,2272.6,1631.82
58,14003,246,84,2539.35,1818.9449999999997
59,14004,324,99,2210.65,1599.655
60,14005,155,81,1983.35,1420.0449999999998
61,14006,123,98,916.35,673.3449999999999
62,14007,190,95,1212.9,887.03
63,14008,143,62,2620.55,1861.085
64,14009,142,77,1997.6,1427.92
65,14010,187,96,4542.05,3217.3349999999996
66,14011,217,77,2601.75,1858.325
67,14012,152,95,1664.7,1199.49
68,14013,236,53,1297.6,942.5199999999999
69,14014,190,58,2248.55,1604.585
70,14015,198,38,2864.1,2032.2699999999998
71,14016,247,43,2158.85,1544.495
72,14017,287,43,1715.9,1238.4299999999998
73,14018,115,95,3294.85,2336.895
74,14019,264,89,2004.3,1447.21
75,14020,167,54,2081.9,1484.83
76,14021,113,54,1698.6,1211.1199999999997
77,14022,345,67,944.75,709.2249999999999
78,14023,137,39,2556.2,1810.8399999999997
79,14024,126,93,3483.5,2469.6499999999996
80,14025,176,48,2934.3,2081.21
81,14026,209,99,3819.2,2714.14
82,14027,187,57,1808.0,1295.7
83,14028,241,56,2018.85,1448.495
84,14029,163,36,1981.85,1410.7949999999998
85,14030,155,38,3466.03,2449.321
86,14032,288,51,2073.8,1490.66
87,14033,249,71,1982.2,1426.64
88,14034,305,34,2040.4,1465.58
89,14035,144,74,2000.4,1429.48
90,14036,131,66,2205.05,1569.835
91,14037,282,57,1979.45,1425.2150000000001
92,14038,229,52,3405.3,2417.01
93,14039,268,74,1763.3,1275.9099999999999
94,14040,260,30,2450.1,1747.07
95,14041,181,71,2431.5,1734.35
96,14042,319,78,1603.45,1169.915
97,14043,233,59,1560.95,1127.7649999999999
98,14044,238,80,2540.4,1818.08
99,14045,228,46,2867.65,2039.355
100,14047,293,31,2677.4,1909.6799999999998
101,14048,170,82,2003.25,1435.675
102,14049,206,82,3157.25,2247.075
103,14050,191,31,337.8,261.76
104,14051,306,35,1962.6,1411.4199999999998
105,14052,234,36,1281.05,927.3349999999999
106,14053,279,65,1884.55,1360.085
107,14054,249,54,2489.9,1778.63
108,14055,287,90,1369.48,1005.336
109,14056,290,45,3187.55,2269.285
110,14057,228,77,3004.45,2141.315
111,14058,184,90,1140.9,835.03
112,14059,218,46,2044.3,1462.01
113,14060,103,43,2637.05,1864.8349999999998
114,14061,335,85,1142.25,850.0749999999999
115,14062,122,91,2125.95,1518.5649999999998
116,14063,284,60,1715.6,1241.32
117,14064,147,77,1478.35,1064.945
118,14065,336,93,1857.3,1352.3099999999997
119,14066,165,42,2127.6,1514.22
120,14067,246,35,3159.8,2243.46
121,14068,353,32,1373.4,1003.0799999999999
122,14069,333,61,1820.8,1320.06
123,14070,156,32,1599.7,1141.79
124,14071,209,35,1896.45,1355.415
125,14072,191,91,2319.25,1660.7749999999999
126,14073,305,54,2464.95,1766.7649999999996
127,14074,340,57,3393.8,2421.06
128,14075,260,67,3331.4,2371.38
129,14076,156,61,196.8,165.55999999999997
130,14077,316,64,1547.45,1127.6149999999998
131,14078,165,30,933.9,676.2299999999999
132,14079,213,62,1403.5,1016.1499999999999
133,14080,148,32,1272.05,911.6349999999999
134,14081,352,92,2214.05,1603.4350000000002
135,14082,238,84,2346.45,1683.1149999999998
136,14083,314,46,1619.1,1173.97
137,14084,354,62,2640.05,1895.8350000000003
138,14085,186,78,2151.0,1539.8999999999996
139,14086,124,58,2781.8,1971.26
140,14087,172,46,1460.9,1049.03
141,14088,217,67,2236.15,1600.4050000000002
142,14089,113,36,115.6,99.41999999999999
143,14090,183,31,2585.0,1833.9999999999998
144,14091,335,73,1480.45,1084.415
145,14092,309,96,2231.28,1611.996
146,14093,171,44,1389.9,998.8299999999999
147,14094,283,68,1075.15,794.505
148,14095,274,49,1775.75,1280.225
149,14096,237,69,1799.95,1297.465
150,14097,138,40,3530.7,2493.29
151,14098,201,94,2046.3,1471.3099999999997
152,14099,219,41,4516.85,3191.895
153,14100,157,32,2415.8,1713.16
154,14101,294,90,1256.65,927.055
155,14102,236,99,1781.67,1290.5689999999997
156,14103,260,82,3430.45,2443.7149999999997
157,14104,346,58,1773.8,1287.8599999999997
158,14105,104,97,1673.5,1201.25
159,14106,357,71,2841.7,2039.09
160,14107,241,56,1993.35,1430.6449999999998
161,14108,284,74,2792.72,1998.1039999999998
162,14109,238,42,3232.6,2295.02
163,14110,136,93,1992.55,1426.9849999999997
164,14111,171,85,1186.6,864.7199999999999
165,14112,336,97,1536.3,1128.4099999999999
166,14113,289,71,1534.45,1117.2150000000001
167,14114,262,94,2328.4,1674.8799999999999
168,14115,289,52,1887.7,1360.69
169,14116,335,80,1425.4,1047.28
170,14117,104,42,1382.25,986.3749999999999
171,14118,357,51,49.5,80.55000000000001
172,14119,202,39,1615.95,1159.165
173,14120,187,38,1410.4,1013.58
174,14121,193,43,2482.8,1765.86
175,14122,149,53,2180.65,1551.955
176,14123,107,65,5698.2,4012.4399999999996
177,14124,343,97,3932.74,2806.618
178,14125,334,86,2269.8,1639.4600000000003
179,14126,256,52,2279.5,1631.6499999999999
180,14127,153,88,1257.7,913.29
181,14128,178,81,2944.1,2094.87
182,14129,168,70,1442.35,1040.445
183,14130,328,67,2381.65,1713.355
184,14131,212,34,985.1,717.5699999999999
185,14132,266,58,2521.2,1803.0399999999995
186,14133,308,97,2040.3,1478.4099999999999
187,14134,100,43,2092.5,1483.35
188,14135,225,96,2085.95,1501.8649999999998
189,14136,212,91,1797.2,1297.44
190,14137,173,53,2335.85,1662.9949999999997
191,14138,234,74,984.75,727.5249999999999
192,14139,209,35,4009.11,2834.277
193,14140,262,31,3306.75,2347.1249999999995
194,14141,222,86,3478.05,2474.0349999999994
195,14142,127,85,1604.4,1152.78
196,14143,264,81,2147.95,1546.165
197,14144,288,77,2086.35,1504.645
198,14145,210,80,1658.7,1198.09
199,14146,257,87,1274.3,935.1099999999999
200,14147,208,68,2028.65,1454.455
201,14149,317,82,1309.3,964.6099999999999
202,14150,322,45,1090.85,804.795
203,14151,194,96,2459.15,1760.005
204,14152,133,97,3284.95,2332.165
205,14153,151,44,2540.25,1802.0749999999998
206,14154,209,75,1639.9,1183.8300000000002
207,14155,259,34,1122.2,818.2399999999999
208,14156,208,88,2006.35,1442.8449999999998
209,14157,230,88,2896.0,2067.7999999999997
210,14158,261,75,2901.8,2072.36
211,14159,333,59,2895.75,2072.125
212,14160,328,63,2489.86,1788.302
213,14161,311,38,1760.45,1271.0149999999999
214,14162,275,85,2571.9,1844.83
215,14163,104,33,2039.78,1444.846
216,14164,117,80,1167.33,844.8309999999999
217,14165,294,75,1520.5,1108.75
218,14166,176,71,1216.9,883.6300000000001
219,14167,326,80,1434.45,1052.715
220,14168,348,85,4456.14,3171.0980000000004
221,14169,140,44,2801.8,1984.06
222,14170,155,82,3188.87,2264.109
223,14171,288,94,2152.9,1554.6299999999999
224,14172,305,46,1193.7,875.2900000000001
225,14173,303,41,2611.6,1866.62
226,14174,282,42,1677.5,1210.8500000000001
227,14175,189,93,2204.2,1580.4399999999998
228,14176,205,37,1084.7,787.1899999999999
229,14177,156,81,2851.55,2027.885
230,14178,326,51,1983.2,1431.04
231,14179,195,80,1689.1,1217.87
232,14180,181,41,2202.9,1568.33
233,14181,127,40,3714.2,2620.6399999999994
234,14182,145,41,2890.15,2045.805
235,14183,175,84,2344.4,1675.3799999999999
236,14184,163,36,1881.15,1340.305
237,14185,198,80,2105.55,1509.685
238,14186,264,93,931.2,696.84
239,14187,137,94,3639.06,2579.8419999999996
240,14188,111,87,3511.0,2486.2
241,14190,168,72,589.9,444.12999999999994
242,14191,140,90,2735.7,1946.9899999999998
243,14192,341,54,2713.76,1944.532
244,14193,254,50,2812.6,2004.2199999999998
245,14194,101,35,1855.95,1316.2649999999999
246,14195,311,96,3491.15,2494.1049999999996
247,14196,175,34,2242.4,1593.98
248,14197,114,93,1759.8,1261.86
249,14198,204,61,1353.6,980.1199999999999
250,14199,348,70,1865.0,1354.3
251,14200,203,82,3919.15,2780.105
252,14201,104,77,1941.1,1384.57
253,14202,281,69,1907.4,1377.08
254,14203,125,57,1381.35,990.8449999999998
255,14204,108,90,1989.35,1421.3449999999998
256,14205,273,97,2752.6,1973.5199999999998
257,14206,227,44,1295.3,938.2099999999999
258,14207,185,98,2820.55,2012.485
259,14208,107,96,4159.75,2941.7249999999995
260,14209,316,85,1323.2,974.84
261,14210,271,42,3102.75,2207.4249999999997
262,14211,338,47,3534.6,2517.42
263,14212,104,82,2655.55,1885.6850000000002
264,14213,293,38,2012.85,1445.8949999999998
265,14214,244,84,2014.36,1451.252
266,14215,340,90,1673.95,1223.7649999999999
267,14216,342,45,1244.3,914.2099999999999
268,14217,305,31,3590.05,2549.7349999999997
269,14218,338,54,3071.15,2194.405
270,14219,182,40,2949.25,2090.6749999999997
271,14220,340,94,3639.8,2600.6600000000003
272,14221,262,82,3423.97,2439.3789999999995
273,14222,157,69,2076.5,1483.05
274,14223,133,89,1276.6,924.7199999999998
275,14224,342,96,1537.95,1129.9650000000001
276,14225,286,44,1873.6,1348.9199999999996
277,14226,146,77,1776.1,1273.2699999999998
278,14227,267,64,2380.5,1705.85
279,14228,101,80,2286.8,1626.86
280,14229,170,58,1925.25,1376.2749999999999
281,14230,314,95,2615.4,1881.18
282,14231,224,54,1756.85,1262.995
283,14232,252,48,2504.1,1787.6699999999998
284,14233,304,76,1993.55,1441.085
285,14234,210,94,3541.8,2519.06
286,14235,223,70,3496.7,2483.99
287,14236,133,64,3344.55,2367.2850000000003
288,14237,248,81,2666.9,1907.83
289,14238,135,66,2222.65,1582.555
290,14240,291,72,2767.95,1981.0649999999998
291,14241,316,74,1446.6,1059.0199999999998
292,14242,313,43,1415.06,1030.442
293,14243,336,87,2979.55,2136.685
294,14244,186,73,253.7,210.78999999999996
295,14245,279,69,2567.35,1838.8449999999998
296,14246,161,44,343.05,265.035
297,14247,221,75,2758.35,1967.9449999999997
298,14248,160,33,1955.75,1391.6249999999998
299,14249,187,49,2722.76,1934.432
300,14250,332,38,1813.45,1310.215
301,14251,234,77,2138.15,1535.505
302,14252,349,89,2134.75,1547.0249999999999
303,14253,335,82,2119.65,1533.655
304,14254,226,67,2151.35,1541.945
305,14255,169,45,1902.8,1357.86
306,14256,148,96,2671.75,1904.225
307,14257,214,39,2061.9,1472.53
308,14258,205,67,3217.9,2286.43
309,14259,226,50,1553.55,1120.0849999999998
310,14260,152,57,2296.85,1634.395
311,14261,236,92,2384.3,1711.01
312,14262,359,79,3507.7,2507.09
313,14263,120,42,2785.9,1970.53
314,14264,107,53,1857.95,1321.865
315,14265,141,92,1653.9,1190.23
316,14266,263,80,2240.12,1610.3839999999998
317,14267,328,65,3440.3,2454.01
318,14268,136,30,1751.48,1245.6359999999997
319,14269,339,44,2153.05,1549.835
320,14270,111,47,4630.95,3262.1649999999995
321,14271,225,84,1995.85,1436.3949999999998
322,14272,278,84,1252.8,921.5599999999998
323,14273,339,71,962.5,721.85
324,14274,248,50,2067.35,1481.9449999999997
325,14275,108,58,1998.9,1421.6299999999999
326,14276,221,37,1802.7,1291.3899999999999
327,14277,162,34,1856.75,1322.725
328,14278,214,32,1583.8,1136.46
329,14279,217,38,3860.65,2731.7549999999997
330,14280,312,53,1812.65,1310.655
331,14281,101,81,2547.05,1809.235
332,14282,341,96,2297.85,1661.7949999999998
333,14283,139,97,1772.8,1274.26
334,14284,117,57,1733.85,1236.795
335,14285,299,69,1967.65,1421.055
336,14286,293,74,2114.3,1524.11
337,14287,154,98,1381.65,1002.155
338,14288,256,83,2665.65,1908.1549999999997
339,14289,276,51,1027.2,756.84
340,14290,307,43,1624.05,1176.1349999999998
341,14291,271,75,2025.9,1460.2299999999998
342,14292,358,81,659.3,513.5099999999999
343,14293,109,69,1886.9,1345.53
344,14294,215,32,2104.9,1501.3300000000002
345,14295,139,72,2597.35,1846.445
346,14296,162,46,2781.15,1972.205
347,14297,252,44,2841.7,2023.1899999999998
348,14298,122,67,2255.7,1604.59
349,14299,333,77,1766.5,1285.25
350,14300,237,47,1963.3,1407.41
351,14301,156,90,2978.05,2118.235
352,14302,180,53,2440.45,1736.9149999999997
353,14303,112,63,2203.4,1566.1799999999998
354,14304,342,97,3100.95,2224.2649999999994
355,14305,332,83,4164.35,2964.845
356,14306,259,35,1774.65,1275.155
357,14307,123,97,3048.65,2165.755
358,14308,112,48,1841.55,1309.8849999999998
359,14309,275,90,2989.25,2137.975
360,14310,168,52,3667.95,2594.765
361,14311,133,87,1326.05,958.9349999999998
362,14312,197,52,2114.45,1510.215
363,14313,182,38,3126.55,2214.3849999999998
364,14314,175,94,1952.35,1402.9449999999997
365,14315,178,38,3089.19,2187.833
366,14316,125,98,1965.3,1407.8099999999997
367,14317,127,62,2029.6,1445.82
368,14318,281,73,1797.85,1301.1949999999997
369,14319,331,98,2007.9,1458.2299999999998
370,14320,297,36,2882.45,2054.615
371,14321,204,48,2942.25,2089.575
372,14322,141,70,2002.85,1430.0949999999998
373,14323,262,85,2511.65,1801.355
374,14324,356,98,2381.6,1722.3199999999997
375,14325,285,46,1839.95,1325.665
376,14326,135,78,1261.9,912.4300000000001
377,14327,339,97,3052.8,2190.26
378,14329,307,33,1234.0,901.1
379,14330,211,81,828.35,617.1450000000001
380,14331,203,77,1865.05,1341.235
381,14332,114,75,2059.8,1468.2600000000002
382,14333,274,59,2318.3,1662.01
383,14334,157,61,2448.2,1741.6399999999999
384,14335,159,39,1623.1,1159.87
385,14336,168,65,2569.2,1828.2399999999998
386,14337,357,67,3633.95,2592.865
387,14338,149,30,1500.85,1071.495
388,14339,105,42,1373.65,980.4549999999999
389,14340,301,38,1824.05,1314.5349999999996
390,14341,268,36,945.5,695.8499999999999
391,14342,255,86,3208.3,2288.5099999999998
392,14343,317,78,2538.35,1824.1449999999998
393,14344,131,56,900.4,654.58
394,14345,216,78,2503.9,1789.9299999999998
395,14346,291,58,1567.0,1137.5999999999997
396,14347,208,97,2218.3,1593.01
397,14348,169,39,1709.52,1221.364
398,14349,228,85,2649.3,1894.31
399,14350,291,31,3041.9,2164.6299999999997
400,14351,205,81,2996.85,2134.4949999999994
401,14352,175,83,3306.6,2348.72
402,14353,336,52,1250.55,919.3849999999999
403,14354,240,97,3037.75,2169.825
404,14355,248,63,1729.55,1248.0849999999998
405,14356,185,34,2687.75,1906.725
406,14357,120,62,1974.25,1406.375
407,14358,171,92,1872.2,1346.04
408,14359,112,73,1734.55,1239.985
409,14360,199,97,2790.65,1992.755
410,14361,150,82,1441.1,1040.1699999999998
411,14362,315,34,3225.55,2296.185
412,14363,123,37,9.5,26.35
413,14364,236,63,2542.5,1815.9499999999998
414,14365,316,41,1079.45,795.4150000000001
415,14366,323,76,2540.25,1825.675
416,14367,135,63,2646.4,1878.58
417,14368,222,80,1866.7,1344.89
418,14370,189,60,3173.1,2252.0699999999997
419,14371,108,54,1937.0,1377.4999999999998
420,14372,309,36,927.2,687.14
421,14373,139,58,1370.1,984.5699999999998
422,14374,261,99,1225.05,903.435
423,14375,118,76,3457.55,2447.285
424,14376,106,91,2196.45,1566.3149999999998
425,14377,195,41,2235.1,1592.27
426,14378,330,46,1938.95,1399.465
427,14380,344,83,964.95,726.465
428,14381,126,34,1172.5,840.15
429,14383,167,85,1241.55,902.785
430,14384,133,46,2025.85,1440.5949999999998
431,14385,277,56,1506.02,1093.114
432,14386,213,71,1221.9,890.83
433,14387,176,67,962.0,704.4
434,14388,329,98,1133.22,845.754
435,14389,334,65,1226.4,904.88
436,14390,142,71,1105.9,802.5300000000001
437,14391,285,89,1365.5,1002.1499999999999
438,14392,270,37,1323.85,961.0949999999998
439,14393,289,30,1800.42,1295.194
440,14394,107,64,1311.3,941.4099999999999
441,14395,105,64,1026.03,741.5209999999998
442,14396,153,61,1818.45,1300.415
443,14397,147,35,955.5,690.55
444,14398,133,97,1225.3,890.4099999999999
445,14399,296,53,1081.3,797.11
446,14400,272,91,858.6,646.4200000000001
447,14401,347,52,1891.3,1369.01
448,14402,167,33,1376.2,986.64
449,14403,309,66,1787.2,1295.14
450,14404,101,37,1182.35,845.1449999999999
451,14405,186,73,1598.75,1152.3249999999998
452,14406,168,91,876.35,648.4449999999999
453,14407,119,59,2337.3,1659.8100000000002
454,14408,259,77,2811.0,2009.0
455,14410,111,70,1985.2,1414.7399999999998
456,14411,152,67,1124.7,815.89
457,14412,156,64,2326.5,1656.9499999999998
458,14413,256,54,1692.7,1221.2899999999997
459,14414,225,97,712.2,540.44
460,14415,106,98,1676.7,1203.8899999999999
461,14416,285,69,1868.2,1350.04
462,14417,238,65,1942.2,1396.34
463,14418,217,54,1562.45,1126.215
464,14421,326,63,2887.93,2066.7509999999997
465,14422,258,57,788.5,589.1499999999999
466,14423,101,85,1340.5,965.4499999999999
467,14424,278,47,1499.6,1086.9199999999998
468,14425,144,63,1096.55,794.5849999999999
469,14426,183,96,1554.7,1125.79
470,14427,271,65,1096.0,807.3
471,14428,221,89,1008.1,745.5699999999999
472,14429,291,47,2035.45,1463.315
473,14430,203,78,1902.3,1367.5099999999998
474,14431,276,98,2858.05,2047.8349999999998
475,14432,311,86,1205.45,892.115
476,14433,350,38,1929.9,1393.53
477,14434,104,51,2345.5,1662.45
478,14435,307,42,1672.12,1209.584
479,14436,229,91,941.6,700.22
480,14437,197,46,2387.85,1700.395
481,14438,211,65,1535.0,1108.6
482,14439,215,89,1026.35,757.7449999999999
483,14440,114,75,1532.5,1099.15
484,14441,169,68,2902.75,2062.4249999999997
485,14442,157,39,807.2,588.54
486,14443,317,84,2737.3,1964.61
487,14444,138,38,1759.9,1253.33
488,14445,118,83,1972.8,1409.3599999999997
489,14446,311,84,1456.4,1067.3799999999999
490,14447,252,73,1705.0,1233.3
491,14448,240,64,1842.9,1326.83
492,14449,308,97,2976.75,2133.925
493,14450,338,81,2567.05,1846.935
494,14454,243,81,1160.7,852.99
495,14455,200,37,3070.45,2176.7149999999997
496,14456,178,46,2579.2,1832.4399999999998
497,14457,153,30,1917.15,1363.3049999999998
498,14458,251,95,2479.75,1779.9249999999997
499,14459,200,41,2161.1,1540.9699999999998
500,14460,237,77,2025.2,1456.74
501,14461,251,89,1998.13,1441.591
502,14462,253,52,1699.95,1225.665
503,14463,305,97,1530.75,1121.425
504,14464,273,43,1539.85,1113.7949999999996
505,14466,260,60,2094.9,1504.43
506,14467,189,87,2108.25,1512.075
507,14468,239,54,1281.8,931.9599999999998
508,14469,216,66,2209.5,1581.4499999999998
509,14470,323,76,2089.5,1510.1499999999999
510,14471,197,71,1820.75,1308.425
511,14472,108,63,2544.5,1804.5499999999997
512,14473,186,71,1982.95,1420.865
513,14474,251,41,1627.75,1172.725
514,14475,237,73,2437.1,1744.2699999999998
515,14476,238,32,2860.43,2032.5009999999997
516,14477,132,30,1803.2,1281.44
517,14478,106,55,2565.45,1817.4149999999997
518,14479,168,81,2446.2200000000003,1745.354
519,14480,293,36,2276.9,1630.33
520,14481,281,46,3411.0,2424.9999999999995
521,14482,208,55,2481.2,1768.6399999999996
522,14483,106,68,2750.3,1949.4099999999999
523,14485,333,90,2214.7,1601.5899999999997
524,14486,226,70,3414.2,2426.5399999999995
525,14487,128,38,2514.2,1780.3399999999997
526,14488,266,40,2419.35,1728.1449999999998
527,14489,103,61,2072.8,1473.46
528,14491,336,83,2644.9,1901.6299999999997
529,14492,344,78,1902.45,1381.715
530,14493,247,72,3017.0,2151.0
531,14494,334,86,2728.95,1960.8649999999998
532,14495,126,79,2350.25,1673.5749999999998
533,14496,201,76,2825.4,2013.08
534,14497,230,67,2546.4,1818.88
535,14498,187,80,3446.35,2447.1449999999995
536,14499,284,86,2535.35,1820.345
537,14500,300,41,2847.55,2031.4850000000001
538,14501,312,47,2018.8,1453.76
539,14502,204,69,3060.3,2176.4100000000003
540,14503,314,57,1910.0,1379.8000000000002
541,14504,134,99,2522.9,1799.23
542,14505,175,58,1928.9,1379.33
543,14506,213,84,2080.0,1494.1
544,14507,138,77,1705.2,1222.84
545,14508,236,35,2757.15,1960.6049999999998
546,14510,261,70,1564.1,1134.9699999999998
547,14511,136,70,1704.85,1220.9949999999997
548,14512,119,58,2524.95,1790.9649999999997
549,14513,154,74,2628.45,1870.1149999999998
550,14514,234,45,1755.7,1261.39
551,14515,283,74,1512.25,1101.675
552,14516,356,93,2256.45,1633.7149999999997
553,14517,128,31,3558.13,2509.691
554,14518,132,99,2246.3,1605.41
555,14519,196,92,1919.1,1381.37
556,14521,130,77,1723.15,1234.605
557,14522,102,56,1702.05,1212.835
558,14523,286,53,1885.05,1358.7349999999997
559,14524,148,95,2528.4,1803.6799999999998
560,14525,255,85,1830.75,1324.0249999999999
561,14526,244,50,1902.4,1366.0800000000002
562,14527,136,62,2086.25,1486.375
563,14528,352,97,1764.8,1289.96
564,14529,258,72,2428.72,1740.3039999999999
565,14530,354,86,2829.75,2033.425
566,14531,125,87,2835.98,2015.086
567,14532,244,73,1710.9,1236.6299999999999
568,14533,145,64,2440.8,1735.86
569,14534,251,53,1947.6,1399.0199999999998
570,14535,272,52,1242.7,907.49
571,14536,333,58,3004.85,2148.295
572,14537,343,33,2004.1,1443.7699999999998
573,14538,286,41,3437.3,2442.91
574,14539,344,66,1891.05,1371.335
575,14540,188,88,1859.2,1337.84
576,14541,306,42,2264.35,1624.0449999999998
577,14542,262,88,4677.1,3317.77
578,14543,285,60,3148.32,2244.324
579,14544,285,46,2602.35,1859.3449999999998
580,14545,337,85,2195.5,1587.55
581,14546,112,93,10.0,36.800000000000004
582,14547,177,43,2985.0,2115.7999999999997
583,14548,232,59,2963.9,2109.73
584,14549,120,96,1085.0,790.7
585,14550,147,64,1908.95,1363.7649999999999
586,14551,170,77,2182.78,1560.3460000000002
587,14552,324,48,2588.75,1854.1249999999998
588,14553,259,86,1569.1,1141.47
589,14554,105,56,2606.55,1846.285
590,14555,191,85,2006.55,1440.6849999999997
591,14556,186,83,1615.4,1165.9799999999998
592,14557,357,80,2052.7,1488.59
593,14558,253,53,1850.9,1331.5299999999997
594,14559,271,69,2544.3,1821.9099999999999
595,14560,118,67,1597.75,1143.625
596,14561,110,97,125.39999999999999,118.17999999999999
597,14562,336,79,1758.6,1280.4199999999996
598,14563,234,48,3801.55,2694.085
599,14564,227,35,464.4,354.78
600,14565,293,51,2514.3,1799.51
601,14567,280,38,1824.35,1312.6449999999998
602,14568,240,65,1932.7,1389.8899999999999
603,14569,341,98,2471.95,1784.0649999999996
604,14570,116,89,2203.8,1572.06
605,14571,220,68,2425.6,1733.5199999999998
606,14572,244,96,2045.7,1475.5900000000001
607,14573,347,97,3324.8,2381.46
608,14574,265,95,2865.4,2051.2799999999997
609,14575,264,35,2740.05,1951.4350000000002
610,14576,188,83,3509.9,2492.33
611,14577,162,38,136.0,118.99999999999999
612,14578,230,41,2743.85,1951.8949999999998
613,14579,117,48,1026.2,739.6400000000001
614,14580,148,57,1203.45,868.6149999999999
615,14581,286,54,1837.4,1325.58
616,14582,133,53,2710.45,1921.2149999999997
617,14583,203,83,2691.95,1921.2649999999996
618,14584,329,43,2210.1,1588.57
619,14585,189,80,2004.08,1437.7559999999999
620,14586,354,31,2977.15,2125.605
621,14587,358,57,1836.9,1333.03
622,14588,151,33,3898.38,2750.566
623,14589,208,43,2672.2,1899.9399999999996
624,14590,350,33,4185.3,2971.31
625,14591,190,72,2206.45,1577.915
626,14592,152,75,2136.1,1525.4699999999998
627,14593,338,96,2281.75,1650.225
628,14594,295,45,1956.25,1407.875
629,14595,179,96,2409.75,1723.925
630,14596,153,63,2777.95,1972.4649999999997
631,14597,104,94,1788.8,1281.36
632,14598,100,90,453.3,345.31
633,14599,306,68,1517.5,1106.4499999999998
634,14600,195,97,2458.7,1759.9899999999998
635,14601,315,99,3841.45,2740.315
636,14602,195,31,1698.8,1214.86
637,14603,275,38,3241.8,2304.3599999999997
638,14604,321,93,3900.65,2781.1549999999997
639,14605,350,45,1829.65,1324.7549999999999
640,14606,105,75,1658.8,1186.6599999999999
641,14607,168,45,2296.75,1633.5249999999999
642,14608,168,31,1806.8,1287.76
643,14609,262,88,1713.8,1243.4599999999998
644,14610,135,30,2296.85,1627.2949999999998
645,14611,251,54,2206.52,1580.4639999999997
646,14612,154,46,2313.9,1644.3300000000002
647,14613,260,39,3284.3,2332.81
648,14614,153,35,1338.2,959.04
649,14615,235,96,2447.3,1755.8100000000002
650,14616,348,52,1711.1,1242.9699999999998
651,14617,284,37,1997.7,1434.19
652,14618,329,58,1953.51,1411.9569999999999
653,14619,269,50,2209.5,1583.55
654,14620,234,87,2692.15,1925.305
655,14621,339,34,2537.35,1816.8449999999998
656,14622,169,33,2251.85,1599.7949999999998
657,14623,210,39,1642.76,1178.732
658,14624,150,95,1526.9,1102.83
659,14625,136,58,3551.25,2511.075
660,14626,191,86,3021.45,2151.3149999999996
661,14627,332,84,1655.75,1209.0249999999999
662,14628,302,35,1982.45,1424.915
663,14629,234,87,2818.15,2013.505
664,14630,165,47,3608.75,2552.025
665,14631,295,38,1173.9,858.83
666,14632,216,83,2631.65,1880.3549999999998
667,14633,279,31,1840.2,1322.24
668,14634,157,48,4215.6,2976.22
669,14635,181,88,3019.48,2149.336
670,14636,179,72,2466.45,1758.815
671,14637,283,39,1808.2,1301.84
672,14638,218,84,1593.7,1154.1899999999998
673,14639,333,60,2455.0,1763.8
674,14640,237,39,1536.35,1106.945
675,14641,305,81,2575.3,1849.41
676,14643,150,43,3030.85,2145.1949999999997
677,14644,166,94,2507.6,1790.7199999999998
678,14645,288,70,2255.8,1621.86
679,14646,259,61,1523.0,1104.2
680,14647,212,97,2753.85,1968.2949999999998
681,14648,271,32,3068.3,2181.31
682,14649,231,77,3045.0,2170.0
683,14650,248,96,2320.55,1668.385
684,14651,133,66,2150.0,1531.5
685,14652,236,84,2335.4,1675.1799999999998
686,14653,205,30,3365.55,2382.3849999999998
687,14654,253,37,2049.9,1467.63
688,14655,267,74,1981.83,1428.781
689,14656,175,62,2008.9,1436.13
690,14657,226,97,2403.35,1724.3449999999998
691,14658,346,61,2145.3,1548.51
692,14659,259,30,1940.9,1390.53
693,14660,207,93,1343.9,980.0300000000001
694,14661,266,54,2047.35,1470.5449999999996
695,14662,305,74,2462.0,1768.6999999999998
696,14663,171,35,1441.85,1033.3949999999998
697,14664,251,92,1749.6,1268.2199999999998
698,14665,295,66,3360.15,2394.805
699,14666,103,37,3233.9,2281.4300000000003
700,14667,351,67,2597.45,1866.7149999999997
701,14668,134,31,1933.45,1373.015
702,14669,190,71,2355.95,1682.3649999999998
703,14670,239,67,1719.15,1240.7050000000002
704,14671,125,51,4044.05,2853.535
705,14672,332,89,1609.3,1177.51
706,14673,103,57,3431.45,2423.715
707,14674,344,63,2225.0,1604.5
708,14675,194,81,1828.1,1315.27
709,14676,248,97,2179.15,1569.605
710,14677,140,32,2354.78,1668.746
711,14678,170,75,3963.0,2806.1
712,14679,202,50,2232.2,1592.7399999999998
713,14680,342,58,1883.5,1364.2499999999998
714,14681,335,45,2555.4,1831.28
715,14682,201,70,3506.2,2488.4399999999996
716,14683,182,80,3353.0,2381.2999999999997
717,14684,348,36,2794.9,1998.4299999999998
718,14685,271,84,2957.45,2114.115
719,14686,359,61,3493.4,2493.48
720,14687,235,77,2196.83,1576.681
721,14688,129,97,2161.47,1545.329
722,14689,264,38,1643.9,1184.73
723,14690,323,82,1950.72,1414.204
724,14691,122,90,1666.5,1196.75
725,14692,242,61,2116.9,1518.23
726,14693,164,35,3749.65,2648.155
727,14694,342,68,2413.2,1737.0399999999997
728,14695,128,98,2165.2,1548.0399999999997
729,14696,285,66,3226.28,2300.096
730,14697,306,77,2645.35,1897.745
731,14698,150,96,2812.7,2003.0899999999997
732,14699,127,36,3253.3,2297.2099999999996
733,14700,256,90,3666.05,2609.835
734,14701,275,38,2813.6,2004.6199999999997
735,14702,183,37,4400.1,3105.7700000000004
736,14703,284,60,2077.27,1494.489
737,14704,187,30,1950.2,1389.84
738,14705,355,75,1559.85,1142.3949999999998
739,14706,146,71,2113.85,1508.495
740,14707,175,89,2775.85,1978.3949999999998
741,14708,239,96,2613.05,1872.2350000000001
742,14709,185,48,2732.15,1940.6049999999998
743,14710,137,42,1028.5,742.05
744,14711,231,73,2632.6,1880.5199999999995
745,14712,212,40,3225.55,2287.0849999999996
746,14713,166,79,3289.0,2334.7
747,14714,187,40,2857.15,2026.705
748,14715,145,99,3173.85,2255.995
749,14716,336,40,47.8,75.06
750,14717,297,75,2318.05,1667.335
751,14718,197,89,2711.0,1935.1999999999998
752,14719,337,49,2296.15,1650.805
753,14721,222,88,2086.8,1500.56
754,14722,322,96,1644.5,1202.55
755,14723,142,67,3580.8,2534.16
756,14724,205,58,1662.45,1195.8149999999998
757,14725,246,89,2547.8,1825.86
758,14726,282,49,1321.3,962.9099999999999
759,14727,315,50,1945.35,1403.245
760,14728,223,94,967.9,718.6299999999999
761,14729,245,79,715.65,541.2549999999999
762,14730,127,69,1582.4,1134.18
763,14731,191,95,1612.1,1166.5699999999997
764,14732,226,70,1044.75,767.925
765,14733,322,47,2402.55,1723.3850000000002
766,14734,114,61,1615.6,1154.52
767,14735,273,44,1167.0,852.9999999999999
768,14736,145,63,4724.3,3334.1099999999997
769,14737,181,81,1958.2,1405.04
770,14738,166,40,2276.93,1618.4509999999998
771,14739,179,40,1648.9,1180.13
772,14740,185,46,2449.4,1742.28
773,14741,222,37,2399.8,1709.4600000000003
774,14742,237,71,1627.4,1177.0800000000002
775,14743,322,64,1660.7,1207.49
776,14744,349,62,1650.15,1202.4050000000002
777,14745,204,93,1690.8,1222.56
778,14746,261,68,1726.55,1248.2849999999996
779,14747,260,50,2569.5,1834.6499999999999
780,14748,179,61,1692.43,1214.8010000000002
781,14749,203,44,2385.32,1698.8239999999998
782,14750,124,86,2061.65,1472.755
783,14751,325,35,1469.3,1068.01
784,14752,297,89,2427.5,1746.75
785,14753,243,71,1978.7,1423.59
786,14754,320,80,2226.2,1606.3399999999997
787,14755,285,91,2512.18,1805.2259999999999
788,14756,215,34,1895.07,1354.849
789,14757,161,96,2480.51,1771.657
790,14758,348,47,3328.9,2374.4300000000003
791,14759,283,75,2066.65,1489.955
792,14760,180,65,1685.8,1211.06
793,14761,172,86,2659.35,1895.945
794,14762,190,41,1782.1,1274.6699999999998
795,14763,153,90,2444.75,1744.6249999999998
796,14764,270,56,3124.45,2225.3149999999996
797,14765,141,47,2159.65,1535.2549999999999
798,14766,336,78,1761.35,1282.1449999999998
799,14767,332,55,1979.8,1430.06
800,14768,209,83,1568.1,1135.1699999999998
801,14769,126,60,1737.15,1240.6049999999998
802,14770,137,42,2017.47,1434.3290000000002
803,14771,248,87,3788.0,2693.8
804,14772,287,37,2365.15,1691.7050000000002
805,14773,242,50,2123.0,1520.3
806,14774,111,43,2492.6,1764.5199999999998
807,14775,175,74,2049.0,1466.6
808,14776,316,61,2363.5,1698.2499999999998
809,14777,354,38,2313.55,1662.4850000000001
810,14778,220,80,1550.55,1123.385
811,14779,206,31,3104.67,2200.0689999999995
812,14780,287,52,2422.1,1734.57
813,14781,153,90,1295.8,940.3599999999999
814,14782,132,76,2042.7,1458.29
815,14783,356,40,2775.85,1986.6949999999997
816,14784,197,54,1272.05,920.935
817,14785,262,60,2716.25,1939.5749999999998
818,14786,136,37,2469.05,1749.335
819,14787,170,74,1533.15,1105.0049999999999
820,14788,162,95,1987.29,1426.3029999999999
821,14789,143,46,3145.15,2225.105
822,14790,258,65,2765.35,1974.5449999999998
823,14791,282,48,2496.2,1785.1399999999996
824,14792,234,36,1983.2,1418.8400000000001
825,14793,175,53,1531.4,1100.08
826,14794,236,54,3765.25,2670.075
827,14795,280,51,1058.4,779.08
828,14796,126,65,2462.85,1749.5949999999998
829,14797,245,62,2116.1,1518.1699999999998
830,14798,345,50,1640.3,1192.7099999999998
831,14799,115,53,1260.0,904.1
832,14800,217,57,2820.55,2007.4850000000001
833,14801,200,84,2315.85,1657.8949999999998
834,14803,243,44,2183.45,1561.5149999999996
835,14804,140,41,2568.05,1819.835
836,14805,149,46,3714.3,2624.1099999999997
837,14806,305,43,1469.2,1067.54
838,14807,134,30,1756.2,1248.74
839,14808,355,32,3131.75,2234.125
840,14809,300,32,1965.4,1412.18
841,14810,143,48,3268.55,2311.885
842,14811,292,33,2823.9,2012.53
843,14812,213,62,2815.55,2004.585
844,14813,230,60,2363.95,1689.7649999999999
845,14814,174,81,1926.55,1382.185
846,14815,259,84,2285.7,1642.6899999999998
847,14816,105,54,2137.7,1517.6899999999998
848,14817,252,71,2047.25,1472.475
849,14818,349,66,2134.6,1542.32
850,14819,101,49,1835.45,1304.715
851,14820,245,86,2012.25,1450.2749999999999
852,14821,217,65,870.45,644.015
853,14822,300,89,1743.85,1268.495
854,14823,229,50,2792.35,1987.5449999999998
855,14824,267,75,2207.2,1586.7399999999998
856,14825,307,31,3377.5,2401.1499999999996
857,14826,351,75,2144.4,1551.1799999999998
858,14827,258,64,2605.75,1862.6249999999998
859,14828,135,40,1730.9,1233.1299999999999
860,14829,272,63,2319.55,1663.485
861,14830,205,99,2270.35,1629.5449999999998
862,14831,353,70,1621.95,1184.665
863,14833,278,87,2275.75,1638.225
864,14834,341,30,4177.1,2964.07
865,14835,200,59,1830.3,1313.0099999999998
866,14836,277,32,2222.05,1589.535
867,14837,232,55,2692.1,1918.6699999999998
868,14838,115,80,1783.7,1276.09
869,14839,341,39,1613.6,1171.4199999999996
870,14840,122,46,3851.7,2717.5899999999992
871,14841,104,39,1433.25,1021.4749999999999
872,14842,327,33,2707.55,1934.585
873,14843,318,94,2633.6,1894.1199999999997
874,14844,162,79,925.95,680.165
875,14845,167,54,3036.4,2152.98
876,14846,159,46,2726.65,1933.755
877,14847,226,36,255.7,208.78999999999996
878,14848,352,46,3386.95,2415.2649999999994
879,14849,114,95,2319.6,1654.12
880,14850,284,79,3497.7,2492.59
881,14851,162,68,2702.25,1921.3749999999998
882,14852,238,59,1923.25,1381.8749999999998
883,14853,106,30,2985.6,2106.5199999999995
884,14854,130,83,2662.68,1893.4759999999997
885,14855,177,63,3449.25,2444.7749999999996
886,14856,146,81,4473.15,3162.004999999999
887,14857,140,92,2583.0,1840.5
888,14858,122,44,1843.7,1311.59
889,14859,266,76,2957.4,2111.9799999999996
890,14860,308,67,2184.28,1573.1960000000001
891,14861,242,53,1685.1,1214.37
892,14862,346,73,1776.1,1292.4699999999996
893,14863,232,38,2805.1,1994.3699999999997
894,14864,104,91,1153.9,836.33
895,14865,161,74,2227.45,1590.1149999999996
896,14866,146,78,3224.05,2287.035
897,14867,347,87,2846.94,2044.958
898,14868,203,31,4736.15,3341.8049999999994
899,14869,304,51,2807.8,2006.0600000000002
900,14870,179,81,1954.35,1402.145
901,14871,174,83,2860.0,2035.9999999999998
902,14872,292,82,902.5,677.35
903,14873,297,39,1798.6,1296.5199999999998
904,14874,302,65,1401.5,1024.25
905,14875,352,78,3895.4,2777.5799999999995
906,14876,355,33,1002.85,744.095
907,14877,162,37,2444.7,1734.8899999999999
908,14878,300,36,2268.7,1625.2899999999997
909,14879,185,34,1453.45,1042.715
910,14880,268,76,2708.45,1937.9149999999997
911,14881,153,35,3298.9,2331.53
912,14882,327,65,2412.52,1734.464
913,14883,346,59,3601.5,2567.45
914,14884,266,36,168.8,151.96
915,14885,105,55,666.6,488.12
916,14886,214,59,1286.65,933.8549999999999
917,14887,231,78,866.3,645.11
918,14888,353,55,589.25,458.775
919,14889,330,83,1661.9,1212.9299999999998
920,14890,127,76,1200.2,868.0400000000001
921,14891,104,78,939.8,683.8599999999999
922,14892,318,84,32.7,71.49
923,14893,213,37,1024.3,745.7099999999998
924,14894,283,95,1293.53,952.7709999999998
925,14895,300,62,1148.75,846.525
926,14896,309,33,954.85,705.895
927,14897,123,39,2174.0,1541.8999999999999
928,14898,137,50,982.45,711.4150000000001
929,14899,178,80,959.7,705.5899999999999
930,14900,142,48,1789.89,1276.723
931,14901,171,97,685.05,516.0349999999999
932,14902,128,69,1040.6,755.0199999999998
933,14903,347,45,90.6,107.11999999999999
934,14904,184,58,1005.6,733.92
935,14905,341,65,626.9,485.93
936,14906,102,44,1067.0,765.9
937,14907,174,74,843.0,622.2999999999998
938,14908,299,30,2516.8,1797.66
939,14910,318,41,638.85,487.195
940,14911,292,62,701.05,532.3349999999999
941,14912,277,81,496.45,391.41499999999996
942,14913,167,66,386.09999999999997,300.16999999999996
943,14914,238,81,3102.35,2211.645
944,14915,218,86,1247.9,912.53
945,14916,268,34,1296.0,940.7999999999998
946,14917,292,90,748.9,571.43
947,14918,162,84,353.95,280.765
948,14919,237,40,1386.8,1002.4599999999999
949,14920,237,83,3384.75,2409.6249999999995
950,14921,270,39,859.45,636.415
951,14922,135,76,1385.58,998.6059999999999
952,14923,227,58,1228.75,894.4250000000001
953,14924,130,44,1091.6,785.9199999999998
954,14925,204,92,162.7,152.69
955,14926,168,58,1253.65,905.955
956,14927,243,48,1271.65,924.055
957,14928,153,67,186.65,159.35500000000002
958,14929,179,40,1070.05,774.935
959,14930,135,85,1066.2,776.84
960,14931,285,86,147.35,148.845
961,14932,331,87,179.2,175.93999999999997
962,14933,354,88,626.15,491.30499999999995
963,14934,161,50,1319.55,949.785
964,14935,182,98,1258.25,918.575
965,14936,176,33,261.5,207.24999999999997
966,14937,275,47,1399.15,1016.305
967,14938,195,33,495.1,372.67
968,14939,110,33,948.28,681.396
969,14940,316,95,450.35,365.845
970,14941,277,50,1302.3,949.31
971,14942,328,51,1536.1,1118.2699999999998
972,14943,270,83,793.05,598.7349999999999
973,14944,149,53,2536.35,1800.945
974,14945,166,76,3308.5,2347.7499999999995
975,14946,314,38,1400.5,1019.3499999999999
976,14947,297,69,1665.65,1209.455
977,14949,302,36,4796.45,3394.9149999999995
978,14950,159,77,751.6,557.42
979,14952,219,82,3148.95,2242.565
980,14953,312,69,1382.6,1012.8199999999998
981,14954,191,68,1841.3,1321.6099999999997
982,14955,231,52,1848.45,1327.415
983,14957,144,91,1339.0,969.9
984,14958,178,72,1672.0,1202.6
985,14959,150,75,1022.6,745.8199999999999
986,14960,326,31,1258.3,919.61
987,14961,281,48,2894.2,2063.64
988,14962,191,59,1254.95,909.365
989,14963,337,59,3451.6,2461.62
990,14964,233,73,2618.35,1870.7449999999997
991,14965,117,93,1645.8,1182.36
992,14966,352,65,2985.4,2137.9799999999996
993,14967,161,80,2393.9,1707.83
994,14968,314,64,2565.3,1839.91
995,14969,321,87,1630.9,1191.1299999999999
996,14970,281,46,3212.1,2285.7699999999995
997,14971,111,44,981.4,706.8799999999999
998,14972,126,37,3711.75,2618.225
999,14973,247,69,3224.17,2295.419
1000,14974,224,83,2276.8,1632.76
1001,14975,196,36,3031.2,2148.6399999999994
1002,14976,123,55,743.6,543.8199999999999
1003,14977,332,59,1740.9,1263.6299999999999
1004,14978,106,43,856.5,618.75
1005,14980,283,40,1810.45,1303.615
1006,14981,155,67,1358.2,979.64
1007,14982,233,32,1884.8,1349.06
1008,14983,137,82,2461.05,1752.8350000000003
1009,14984,359,53,4445.8,3158.56
1010,14985,339,63,1668.1,1214.1699999999998
1011,14986,305,88,1659.2,1209.54
1012,14987,126,40,900.35,650.845
1013,14988,107,65,1522.3,1089.31
1014,14989,205,44,2406.92,1714.144
1015,14991,285,44,1346.4,979.78
1016,14992,329,98,792.3,607.1099999999999
1017,14993,284,60,3726.05,2648.635
1018,14994,149,45,910.4,661.18
1019,14995,136,81,3892.35,2754.4449999999997
1020,14996,199,40,996.45,725.415
1021,14997,324,92,3541.55,2529.885
1022,14998,334,74,2734.15,1962.105
1023,14999,355,30,1027.4,760.6800000000001
1024,15000,213,31,778.6,572.52
1025,15001,269,44,3620.56,2570.092
1026,15002,287,37,1933.25,1389.375
1027,15003,174,99,3285.05,2336.735
1028,15004,170,31,2956.7,2092.8899999999994
1029,15005,273,80,1979.55,1428.985
1030,15006,180,70,1769.05,1270.3349999999998
1031,15007,343,79,831.25,631.9749999999999
1032,15008,120,53,2696.8,1910.36
1033,15457,198,44,1709.2,1225.04
1034,15458,309,63,2719.25,1946.975
1035,15459,231,75,1904.8,1371.4599999999998
1036,15460,204,50,2858.71,2031.497
1037,15461,356,89,2279.95,1649.3649999999996
1038,15462,139,63,1618.65,1159.555
1039,15463,125,39,2000.3,1420.5099999999998
1040,15464,200,56,2957.85,2101.6949999999997
1041,15465,313,57,1660.8,1205.26
1042,15466,287,91,2724.3,1953.91
1043,15467,236,55,1452.2,1051.1399999999999
1044,15468,187,77,2172.45,1554.8149999999998
1045,15469,162,40,2076.15,1477.505
1046,15470,140,40,1602.1,1143.4699999999998
1047,15471,285,91,2725.85,1954.7949999999998
1048,15472,229,43,3174.0,2253.2999999999997
1049,15473,209,34,1278.5,922.6499999999999
1050,15474,123,64,2705.45,1918.9149999999997
1051,15475,169,52,1724.2,1234.2400000000002
1052,15476,273,91,2767.65,1982.855
1053,15477,197,86,2816.88,2008.7160000000001
1054,15478,218,68,2564.27,1830.3889999999997
1055,15479,261,61,1841.0,1326.9999999999998
1056,15480,197,86,1986.3,1427.31
1057,15481,252,94,2883.4,2062.3799999999997
1058,15482,232,85,1056.65,779.855
1059,15483,317,86,2316.6,1670.52
1060,15484,270,41,1947.75,1398.625
1061,15485,326,47,2163.75,1556.625
1062,15486,333,35,1912.5,1379.05
1063,15487,353,88,2135.0,1547.3999999999999
1064,15488,219,57,3435.7,2438.29
1065,15489,302,68,1792.05,1298.235
1066,15490,305,58,2314.73,1662.4109999999998
1067,15491,159,81,3219.03,2285.421
1068,15492,159,51,4005.3,2829.81
1069,15493,273,31,1458.1,1054.1699999999998
1070,15494,274,46,1923.55,1383.085
1071,15495,328,56,1659.03,1205.321
1072,15496,194,98,3094.1,2204.87
1073,15497,321,91,1918.25,1393.0749999999998
1074,15498,150,84,3008.55,2137.7850000000003
1075,15499,248,92,2127.5,1532.45
1076,15500,204,32,1161.4,839.78
1077,15501,209,58,1600.45,1152.815
1078,15502,105,47,2861.2,2022.7399999999998
1079,15503,138,62,2161.1,1538.9699999999998
1080,15504,317,59,957.7,713.89
1081,15505,146,66,2045.75,1459.8249999999998
1082,15506,341,98,1761.05,1286.4349999999997
1083,15507,218,83,1909.45,1375.0149999999999
1084,15508,357,45,2156.4,1554.18
1085,15509,340,90,2284.85,1651.3949999999998
1086,15510,309,81,1576.15,1150.4050000000002
1087,15511,282,85,1787.2,1296.24
1088,15512,209,70,2714.72,1935.2039999999997
1089,15513,180,74,1511.3,1090.7099999999998
1090,15514,192,46,2312.95,1647.465
1091,15515,237,64,2431.5,1738.55
1092,15516,170,32,3269.15,2311.805
1093,15517,337,43,2236.27,1607.6889999999999
1094,15518,312,30,2641.55,1886.285
1095,15519,252,79,2471.65,1771.155
1096,15520,180,59,2746.3,1952.21
1097,15521,225,83,1809.7,1305.8899999999999
1098,15522,226,77,2074.15,1489.905
1099,15523,116,34,1893.2,1343.6399999999999
1100,15524,217,83,2695.05,1924.835
1101,15525,232,46,1739.05,1249.735
1102,15526,186,76,2475.35,1766.5449999999998
1103,15527,207,79,3065.7,2182.49
1104,15528,243,96,2736.29,1958.9029999999998
1105,15529,324,47,1145.3,843.5099999999999
1106,15530,308,73,1919.85,1389.2949999999996
1107,15531,189,59,3723.25,2636.975
1108,15532,107,55,3666.8,2588.4599999999996
1109,15533,206,52,2797.05,1988.935
1110,15534,178,54,1660.0,1190.6
1111,15535,116,80,2548.95,1811.8649999999998
1112,15536,320,36,1617.95,1171.765
1113,15537,214,31,4798.8,3386.7599999999998
1114,15538,352,59,2509.31,1803.5169999999998
1115,15539,240,46,2541.15,1812.005
1116,15540,238,30,1478.75,1064.925
1117,15541,355,64,2422.8,1744.26
1118,15542,196,47,1697.95,1217.565
1119,15543,193,89,1741.55,1256.1849999999997
1120,15544,167,30,2197.5,1560.95
1121,15545,132,73,2916.25,2069.1749999999997
1122,15546,119,47,1175.95,844.4649999999999
1123,15547,283,35,2760.0,1967.2999999999997
1124,15548,306,42,2126.5,1527.55
1125,15549,135,46,3588.0,2534.2999999999997
1126,15550,165,56,2959.0,2098.9999999999995
1127,15551,152,35,1473.2,1053.44
1128,15552,133,95,1278.4,927.18
1129,15553,312,72,1112.85,824.5949999999999
1130,15554,235,77,2128.1,1528.57
1131,15555,200,55,2811.95,1999.3649999999998
1132,15556,146,30,6239.95,4388.565
1133,15557,251,52,3760.45,2667.8149999999996
1134,15558,304,55,2714.05,1941.2350000000001
1135,15559,314,71,100.0,115.60000000000001
1136,15560,332,45,2679.2,1917.6399999999999
1137,15561,312,45,2534.95,1814.6649999999997
1138,15562,191,69,2457.21,1752.947
1139,15563,335,78,1920.0,1393.1
1140,15564,175,37,2226.6,1583.52
1141,15565,308,39,1869.05,1346.9349999999997
1142,15566,167,31,2928.85,2073.0949999999993
1143,15567,279,96,1939.65,1404.855
1144,15568,100,69,2820.05,1997.835
1145,15569,305,33,2789.95,1990.0649999999996
1146,15570,192,59,1677.65,1205.355
1147,15571,113,58,1742.5,1242.6499999999999
1148,15572,148,86,2371.05,1691.7350000000001
1149,15573,188,54,2863.65,2034.1549999999997
1150,15574,298,86,1035.85,772.0949999999999
1151,15575,192,97,1990.65,1432.055
1152,15576,164,87,2517.55,1796.0850000000003
1153,15577,100,97,1396.1,1006.6699999999998
1154,15578,192,36,2719.95,1930.3649999999998
1155,15579,251,42,2073.85,1485.195
1156,15580,116,92,4345.6,3071.92
1157,15581,169,81,1773.5,1274.55
1158,15582,338,92,1842.7,1342.09
1159,15583,194,39,3059.1,2168.57
1160,15584,235,83,1639.6,1187.8199999999997
1161,15585,161,87,2789.45,1986.1149999999998
1162,15586,114,87,2273.1,1619.97
1163,15587,310,89,2947.42,2111.994
1164,15588,341,65,2108.75,1523.225
1165,15589,272,78,2658.1,1903.4699999999998
1166,15590,100,86,2248.9,1601.43
1167,15591,311,96,3229.3,2310.8099999999995
1168,15592,212,48,1443.45,1041.215
1169,15593,137,49,1614.8,1153.86
1170,15594,257,35,2379.7,1698.4899999999998
1171,15595,330,87,3441.0,2459.1
1172,15596,210,41,2675.35,1901.945
1173,15597,137,95,3582.25,2540.2749999999996
1174,15598,331,70,1656.75,1206.8249999999998
1175,15599,349,48,4209.25,2990.975
1176,15600,329,42,2469.0,1769.6000000000001
1177,15601,150,94,2786.06,1984.0419999999997
1178,15602,213,39,1884.5,1348.2499999999998
1179,15603,129,64,2177.55,1549.9850000000001
1180,15604,303,97,2456.95,1769.5649999999998
1181,15605,206,49,3773.77,2672.0389999999998
1182,15606,162,38,1222.25,879.375
1183,15607,178,49,3916.7,2769.29
1184,15608,179,32,1653.75,1181.9250000000002
1185,15609,290,52,1788.7,1291.49
1186,15610,291,83,2253.55,1623.185
1187,15611,347,73,1021.25,764.1750000000001
1188,15612,199,63,2633.05,1875.635
1189,15613,131,41,2077.9,1475.83
1190,15614,270,79,2432.45,1745.5149999999996
1191,15615,359,83,2480.35,1788.745
1192,15616,180,35,1970.02,1404.014
1193,15617,124,55,2200.0,1563.4
1194,15618,352,33,2361.3,1694.71
1195,15619,308,35,2682.1,1915.2699999999998
1196,15620,123,46,2474.5,1753.6499999999999
1197,15621,288,55,2752.5,1966.5499999999997
1198,15622,183,38,3939.43,2783.5009999999997
1199,15623,359,89,2294.65,1659.955
1200,15624,159,79,3103.2,2203.94
1201,15625,304,88,2780.05,1994.035
1202,15626,352,37,2311.2,1660.4399999999998
1203,15627,155,71,2240.0,1597.7
1204,15628,316,32,3288.66,2340.062
1205,15629,235,41,2086.55,1492.285
1206,15630,240,52,1641.85,1183.695
1207,15631,326,76,2798.2,2006.5399999999997
1208,15632,342,45,2116.5,1524.75
1209,15633,253,34,1335.41,966.887
1210,15634,312,98,4499.85,3200.6949999999997
1211,15635,210,84,2530.05,1808.835
1212,15636,287,86,1523.2,1112.14
1213,15637,197,62,3663.41,2596.4869999999996
1214,15638,239,45,2627.35,1872.0449999999998
1215,15639,277,79,2237.45,1609.7149999999997
1216,15640,180,47,2590.95,1841.0649999999998
1217,15641,133,43,1772.78,1262.8459999999998
1218,15642,229,93,2501.45,1792.5149999999999
1219,15643,182,47,2844.75,2018.925
1220,15644,356,48,1740.25,1263.3749999999998
1221,15645,251,86,2670.47,1911.6289999999997
1222,15646,265,56,2717.9,1940.23
1223,15647,257,92,1708.2,1239.8400000000001
1224,15648,145,96,3308.0,2349.2999999999997
1225,15649,241,56,2650.3,1890.51
1226,15650,250,79,2996.1,2138.07
1227,15651,259,76,3389.65,2413.855
1228,15652,325,79,2769.6,1987.0199999999998
1229,15653,130,98,2056.95,1472.4649999999997
1230,15654,142,63,3814.9,2697.2299999999996
1231,15655,137,66,3003.2,2129.1399999999994
1232,15656,122,66,3146.2,2227.7399999999993
1233,15657,233,78,2006.26,1443.2819999999997
1234,15658,106,82,3462.95,2451.0649999999996
1235,15659,326,88,1460.95,1072.8649999999998
1236,15660,194,89,2697.35,1925.3449999999998
1237,15661,192,35,3164.7,2241.4899999999993
1238,15662,204,46,1691.32,1213.5240000000001
1239,15663,354,75,3190.1,2283.47
1240,15664,266,72,2373.95,1702.7649999999999
1241,15665,324,81,2200.4,1588.88
1242,15666,337,65,1408.2,1032.44
1243,15667,222,33,2837.1,2014.7699999999998
1244,15668,259,82,2254.6,1620.52
1245,15669,210,45,788.5,581.9499999999999
1246,15670,219,70,3586.5,2546.45
1247,15672,100,85,2736.31,1942.417
1248,15673,341,32,2721.7,1945.6899999999998
1249,15674,136,34,2102.95,1492.4649999999997
1250,15675,258,33,2798.9,1991.6299999999999
1251,15676,347,46,2672.5,1914.6499999999999
1252,15677,139,65,2205.1,1570.47
1253,15678,243,61,2995.7,2133.49
1254,15679,258,93,4384.37,3113.459
1255,15680,184,75,2755.85,1962.495
1256,15681,127,36,3050.9,2155.5299999999997
1257,15682,229,88,2747.3,1963.61
1258,15683,174,85,3074.97,2186.879
1259,15684,123,91,2104.05,1503.335
1260,15685,238,83,3083.35,2198.745
1261,15686,264,87,1878.1,1358.47
1262,15687,324,63,2381.8,1712.26
1263,15688,166,47,1890.7,1349.49
1264,15689,138,50,4254.2,3001.74
1265,15690,162,66,1242.25,898.975
1266,15691,333,81,2732.8,1962.46
1267,15692,210,39,2504.77,1782.139
1268,15693,104,57,3496.21,2469.147
1269,15694,135,87,3117.8,2213.36
1270,15695,262,61,3213.61,2287.9269999999997
1271,15696,152,65,2877.75,2042.625
1272,15697,246,58,2438.15,1742.9049999999997
1273,15698,171,64,3196.15,2267.205
1274,15699,232,96,2743.65,1962.955
1275,15700,132,32,2371.35,1679.545
1276,15701,206,35,1978.35,1412.4449999999997
1277,15702,110,95,2644.9,1881.4299999999998
1278,15703,320,72,1924.0,1393.2
1279,15704,191,45,2363.3,1682.4099999999999
1280,15705,164,42,2782.02,1972.214
1281,15706,229,55,2765.2,1969.5399999999997
1282,15707,207,96,2969.52,2118.5639999999994
1283,15708,140,35,3882.97,2739.0789999999997
1284,15709,201,60,2163.8,1546.76
1285,15710,209,77,2417.25,1728.375
1286,15711,101,96,2164.6,1544.5199999999998
1287,15712,269,73,2436.05,1746.7350000000001
1288,15713,153,93,2267.35,1621.0449999999996
1289,15714,176,53,1834.4,1312.2799999999997
1290,15715,342,50,3718.1,2646.8699999999994
1291,15716,328,83,2052.2,1485.9399999999996
1292,15717,296,42,2087.95,1499.5649999999998
1293,15718,106,96,104.4,102.88
1294,15719,196,34,2305.0,1639.8999999999999
1295,15720,193,49,3071.85,2179.395
1296,15721,159,98,2003.2,1437.74
1297,15722,184,30,2426.8,1723.16
1298,15723,216,54,2722.95,1938.4649999999997
1299,15724,115,64,2630.45,1865.6149999999998
1300,15725,332,51,2359.25,1694.875
1301,15726,201,57,2114.7,1511.7899999999997
1302,15727,339,96,2404.0,1735.9
1303,15728,113,41,2909.6,2056.22
1304,15729,342,71,2832.4,2031.08
1305,15730,165,47,3137.22,2221.9539999999997
1306,15731,265,95,3374.2,2407.4399999999996
1307,15732,259,70,2984.5,2129.05
1308,15733,234,90,3121.3,2226.31
1309,15734,296,44,2855.15,2037.0049999999999
1310,15735,324,83,2121.25,1533.875
1311,15737,180,80,1694.9,1220.43
1312,15738,345,48,2143.05,1544.235
1313,15739,350,58,2452.3,1763.21
1314,15740,186,87,2840.75,2024.5249999999999
1315,15741,332,72,2783.85,1996.2949999999998
1316,15742,302,61,1840.95,1331.065
1317,15743,114,35,4148.95,2922.665
1318,15744,150,94,893.3,659.1099999999999
1319,15745,352,88,3761.53,2685.8709999999996
1320,15746,121,73,2189.9,1559.6299999999999
1321,15747,257,41,2501.2,1784.7399999999998
1322,15748,306,67,2773.1,1985.1699999999998
1323,15749,117,73,2395.6,1703.2199999999998
1324,15750,343,90,1685.9,1232.4299999999998
1325,15751,342,68,2036.45,1473.3149999999998
1326,15752,257,66,3005.15,2142.5049999999997
1327,15753,329,74,2784.6,1996.9199999999998
1328,15754,158,82,3208.1,2277.87
1329,15755,351,40,2451.6,1759.2199999999998
1330,15756,257,91,3779.2,2689.3399999999992
1331,15757,129,34,2949.3,2084.2100000000005
1332,15758,181,51,2490.0,1771.3
1333,15759,144,51,2246.4,1597.0800000000002
1334,15760,133,67,2979.25,2112.175
1335,15761,324,91,2061.45,1493.615
1336,15762,205,33,3596.65,2544.7549999999997
1337,15763,170,53,3319.05,2350.935
1338,15764,316,68,3962.75,2819.1249999999995
1339,15765,249,76,2641.7,1889.29
1340,15766,229,36,1811.0,1297.8
1341,15767,118,55,2785.45,1972.6149999999998
1342,15768,136,36,3597.5,2539.0499999999997
1343,15769,273,99,3249.75,2321.925
1344,15770,357,98,2249.0,1629.6
1345,15771,260,70,1383.2,1008.24
1346,15772,257,59,3590.12,2550.584
1347,15773,109,41,2807.8,1984.5600000000002
1348,15774,282,35,2811.5,2003.25
1349,15775,143,70,2730.4,1939.58
1350,15776,157,59,3945.35,2789.245
1351,15777,335,94,517.8,414.75999999999993
1352,15778,253,42,2571.65,1833.855
1353,15779,254,59,2963.3,2111.51
1354,15780,330,32,2324.55,1666.585
1355,15781,194,88,3150.6,2242.4199999999996
1356,15782,201,74,3188.75,2267.025
1357,15783,312,59,2654.15,1900.905
1358,15784,238,95,2042.5,1472.55
1359,15785,143,55,2052.4,1461.98
1360,15786,151,66,2837.8,2014.76
1361,15787,128,78,3083.55,2186.885
1362,15788,184,53,2640.65,1877.455
1363,15789,246,70,2204.96,1582.072
1364,15790,174,68,3194.0,2266.7999999999997
1365,15791,109,93,3646.0,2581.7
1366,15792,222,47,2209.8,1578.4600000000003
1367,15793,228,93,2426.9,1740.2299999999998
1368,15794,281,56,1593.55,1154.7849999999999
1369,15795,150,67,3364.9,2383.83
1370,15796,355,76,2149.9,1555.63
1371,15797,249,42,2924.95,2080.765
1372,15798,265,97,2671.7,1916.09
1373,15799,265,99,2262.75,1630.225
1374,15800,162,60,1903.75,1360.825
1375,15801,351,97,2685.0,1933.9999999999998
1376,15802,353,43,3602.9,2565.93
1377,15803,116,91,2616.4,1861.28
1378,15804,192,73,2671.5,1903.85
1379,15805,142,36,2871.75,2031.625
1380,15806,245,74,2062.25,1482.8749999999998
1381,15807,301,31,3434.6,2440.5199999999995
1382,15808,291,98,2589.85,1861.5949999999996
1383,15809,177,50,1944.02,1388.514
1384,15810,289,66,3474.59,2474.3129999999996
1385,15811,116,59,2553.7,1810.9899999999996
1386,15812,340,36,2632.6,1884.0199999999998
1387,15813,348,63,2794.85,2003.7949999999996
1388,15814,358,38,2706.2,1937.7399999999996
1389,15815,320,43,3071.0,2190.2999999999997
1390,15816,101,61,2850.85,2017.8949999999998
1391,15817,164,66,2521.62,1794.734
1392,15818,193,58,2122.5,1516.6499999999999
1393,15819,179,76,3000.45,2133.4149999999995
1394,15820,228,76,1701.1,1228.7699999999998
1395,15821,257,88,2213.0,1592.3999999999999
1396,15822,339,97,2050.29,1488.5030000000002
1397,15823,172,34,2532.5,1796.75
1398,15824,262,52,3134.2,2230.5399999999995
1399,15825,210,79,3340.2,2374.94
1400,15826,339,54,1837.25,1330.7749999999999
1401,15827,207,56,2423.12,1728.0839999999998
1402,15828,138,52,3150.9,2229.8300000000004
1403,15829,247,30,3047.1,2163.6699999999996
1404,15830,244,44,3057.4,2173.38
1405,15831,130,57,4045.05,2855.935
1406,15832,324,89,2609.8,1877.06
1407,15833,197,53,2619.45,1863.9149999999997
1408,15834,295,30,2657.95,1896.0649999999998
1409,15835,179,97,2979.1,2122.67
1410,15836,271,32,2542.55,1813.285
1411,15837,290,39,2432.3,1739.41
1412,15838,345,40,2357.1,1692.4699999999998
1413,15839,297,80,3912.35,2784.345
1414,15840,128,42,3350.65,2366.655
1415,15841,153,88,3433.8,2436.56
1416,15842,247,80,3839.79,2728.5529999999994
1417,15843,154,75,2672.45,1901.1149999999998
1418,15844,104,33,1910.0,1354.0
1419,15845,333,82,1976.8,1433.46
1420,15847,297,43,2669.0,1906.6
1421,15848,121,74,1393.25,1002.175
1422,15849,250,99,3408.7,2430.89
1423,15850,110,42,2203.75,1562.025
1424,15851,141,81,2670.4,1899.58
1425,15852,325,40,3331.85,2372.7949999999996
1426,15853,180,37,2566.0,1821.6
1427,15854,135,62,2865.1,2031.4699999999998
1428,15855,127,67,2303.4,1638.48
1429,15856,353,37,3588.8,2554.86
1430,15857,310,36,2339.2,1675.6399999999999
1431,15858,215,52,2761.8,1965.16
1432,15859,272,83,2494.8,1790.16
1433,15860,119,40,2644.95,1871.3649999999998
1434,15861,221,73,938.4,693.58
1435,15862,258,93,3203.7,2286.99
1436,15863,125,37,3081.03,2176.621
1437,15864,121,51,2908.6,2058.3199999999997
1438,15865,110,85,1648.95,1182.2649999999999
1439,15866,310,81,2701.3,1938.1100000000001
1440,15867,235,61,3815.45,2706.5149999999994
1441,15868,234,33,1971.7,1410.19
1442,15869,315,59,2203.05,1585.435
1443,15870,110,78,2825.0,2004.0999999999997
1444,15871,152,36,2172.9,1543.43
1445,15872,184,79,3061.2,2177.04
1446,15873,176,54,1684.4,1207.4799999999998
1447,15874,184,46,3008.3,2133.41
1448,15875,317,75,2824.25,2023.675
1449,15876,298,44,2123.45,1525.0149999999996
1450,15877,154,49,1908.2,1360.94
1451,15878,228,92,2373.15,1702.405
1452,15879,163,60,2878.4,2043.1799999999998
1453,15880,206,79,1629.7,1177.1899999999998
1454,15881,113,39,2232.3,1581.71
1455,15882,153,82,2184.75,1561.0249999999999
1456,15883,120,39,2080.1,1475.87
1457,15884,342,79,2816.1,2021.2699999999998
1458,15885,226,33,2692.6,1914.0199999999995
1459,15886,337,57,2780.19,1991.233
1460,15887,261,35,2564.95,1828.5649999999996
1461,15888,188,54,3360.2,2381.7400000000002
1462,15889,357,71,2917.0,2091.7999999999997
1463,15890,302,36,2603.2,1859.6399999999999
1464,15891,242,45,3155.5,2242.0499999999997
1465,15892,171,36,2211.48,1572.3359999999998
1466,15893,213,32,2700.2,1917.8399999999997
1467,15894,254,80,2056.0,1480.6
1468,15895,186,95,2716.0,1938.7999999999997
1469,15897,121,70,4739.35,3343.645
1470,15898,179,76,2875.0,2045.6
1471,15899,263,53,3395.2,2413.54
1472,15900,299,48,3398.95,2418.765
1473,15901,183,55,3216.1,2280.57
1474,15902,143,46,2954.05,2091.335
1475,15903,133,60,2677.15,1899.3049999999998
1476,15904,324,79,743.45,568.6149999999999
1477,15905,186,54,1821.95,1304.7649999999999
1478,15906,320,75,1047.05,779.935
1479,15907,209,48,644.25,481.47499999999997
1480,15908,321,94,1823.95,1327.6649999999997
1481,15909,281,81,941.75,703.525
1482,15910,338,75,448.4,362.67999999999995
1483,15911,127,32,999.4,718.68
1484,15912,276,31,690.95,517.465
1485,15913,202,72,888.35,656.445
1486,15914,349,34,541.6,420.82
1487,15915,149,72,1046.65,761.9549999999999
1488,15916,251,68,931.8,690.9599999999999
1489,15917,257,32,197.1,170.07
1490,15918,140,96,1250.7,908.69
1491,15919,300,62,1335.65,977.355
1492,15920,143,72,919.75,672.5249999999999
1493,15921,324,91,487.7,391.98999999999995
1494,15922,330,75,412.1,336.46999999999997
1495,15923,193,78,99.9,104.83
1496,15924,101,63,916.5,664.25
1497,15925,251,44,1269.75,922.7249999999999
1498,15926,312,66,680.55,520.785
1499,15927,251,72,819.9,613.43
1500,15928,241,75,942.55,698.885
1501,15929,116,48,1073.6,772.7199999999999
1502,15930,345,52,1396.7,1022.5899999999999
1503,15931,119,66,867.95,632.665
1504,15932,144,63,457.5,347.25
1505,15933,287,52,882.3,656.7099999999999
1506,15934,253,54,1749.15,1260.5049999999999
1507,15935,109,52,946.95,684.165
1508,15936,224,41,357.95,281.16499999999996
1509,15937,294,58,503.95,393.765
1510,15938,205,83,1611.5,1165.1499999999999
1511,15939,298,76,277.5,239.25
1512,15940,105,56,1448.9,1035.93
1513,15941,291,87,1691.6,1230.62
1514,15942,252,47,929.7,685.39
1515,15943,156,94,499.5,384.05
1516,15944,340,66,1084.2,806.14
1517,15945,240,36,1295.4,937.98
1518,15946,138,47,1153.45,830.6149999999999
1519,15947,146,39,697.75,510.825
1520,15948,226,42,1299.85,940.8949999999999
1521,15949,287,33,941.35,694.245
1522,15950,344,45,480.9,380.0299999999999
1523,15951,245,91,821.75,617.925
1524,15952,221,39,560.9,422.53
1525,15953,102,58,785.55,571.685
1526,15954,288,36,890.4,659.28
1527,15955,233,34,979.3,715.6099999999998
1528,15956,115,63,1298.9,933.33
1529,15957,249,88,1163.55,856.9849999999999
1530,15958,147,75,1815.2,1300.34
1531,15959,105,96,1735.05,1244.235
1532,15960,154,37,1957.2,1392.8400000000001
1533,15961,224,77,472.7,368.68999999999994
1534,15962,192,93,849.35,632.345
1535,15963,260,80,778.15,586.7049999999999
1536,15964,215,67,1371.3,994.8099999999998
1537,15965,317,49,2618.6,1874.5199999999998
1538,15966,231,67,3054.4,2174.58
1539,15967,293,38,3022.05,2152.335
1540,15968,104,98,2784.3,1979.01
1541,15969,264,35,2064.75,1478.725
1542,15970,265,87,3533.55,2517.385
1543,15971,294,83,1572.75,1146.925
1544,15972,305,54,2903.99,2074.093
1545,15973,150,38,908.4,658.48
1546,15974,131,37,3329.3,2351.0099999999998
1547,15975,317,37,2430.9,1740.73
1548,15976,256,96,3874.3,2756.8099999999995
1549,15977,298,61,3628.8,2582.16
1550,15978,220,96,2543.7,1821.7899999999997
1551,15979,146,54,2492.52,1770.1639999999998
1552,15980,132,45,3225.16,2279.8119999999994
1553,15981,265,71,1845.9,1332.83
1554,15982,248,56,1962.9,1410.03
1555,15983,308,36,2911.01,2075.7070000000003
1556,15984,231,53,3195.9,2270.83
1557,15985,306,73,2088.2,1506.9399999999996
1558,15986,119,94,1872.95,1341.765
1559,15987,313,39,2746.4,1961.58
1560,15988,260,95,2986.62,2135.634
1561,15989,354,73,1705.35,1243.745
1562,15990,120,92,2817.05,2002.335
1563,15991,330,85,2396.2,1727.3399999999997
1564,15992,125,56,2587.9,1835.23
1565,15993,120,49,1740.25,1239.975
1566,15995,113,51,2690.2,1904.6399999999996
1567,15996,200,97,2303.43,1651.801
1568,15997,207,32,2238.1,1593.77
1569,15998,168,53,3947.94,2790.958
1570,15999,131,36,2782.4,1967.9799999999998
1571,16000,296,65,2567.3,1839.7099999999998
1572,16001,126,36,3143.18,2220.0259999999994
1573,16002,217,75,2204.8,1580.0600000000002
1574,16004,339,35,1470.45,1070.2150000000001
1575,16005,257,93,3360.45,2396.6149999999993
1576,16006,101,61,1737.7,1238.6899999999998
1577,16007,256,82,2363.6,1696.5199999999998
1578,16008,170,56,3425.89,2426.3229999999994
1579,16009,109,57,3388.0,2393.9
1580,16010,160,38,3232.5,2286.35
1581,16011,283,49,2401.45,1719.1149999999998
1582,16012,168,93,3937.6,2791.72
1583,16014,169,74,2748.9,1955.93
1584,16015,223,96,3653.92,2599.2439999999997
1585,16016,122,73,2375.55,1689.685
1586,16017,312,78,1551.5,1132.85
1587,16018,233,72,2362.4,1691.38
1588,16019,249,33,3161.82,2244.774
1589,16020,357,93,2172.57,1575.099
1590,16021,237,36,2184.95,1560.3649999999998
1591,16022,161,48,1776.65,1269.3549999999998
1592,16023,326,48,2426.0,1740.3999999999996
1593,16024,248,42,5125.69,3621.1829999999995
1594,16025,347,61,3703.89,2639.6229999999996
1595,16026,153,70,2691.35,1913.2449999999997
1596,16027,244,40,3694.65,2618.655
1597,16028,355,67,2336.2,1684.2399999999998
1598,16029,244,78,3116.8,2221.7599999999998
1599,16030,290,34,2676.95,1909.6649999999997
1600,16031,253,57,2364.15,1691.605
1601,16032,342,54,2877.6,2059.3199999999997
1602,16033,225,80,2568.05,1836.135
1603,16034,323,91,2439.1,1757.87
1604,16035,146,80,2808.0,1996.1999999999998
1605,16036,289,64,3249.6,2316.42
1606,16037,330,39,3738.7,2657.89
1607,16038,219,56,5080.4,3589.3799999999997
1608,16039,228,57,3343.15,2374.405
1609,16040,303,97,1747.85,1273.195
1610,16041,328,55,2040.55,1472.185
1611,16042,327,56,2958.57,2114.8989999999994
1612,16043,310,49,1963.5,1415.2499999999998
1613,16044,142,53,2982.85,2112.7949999999996
1614,16045,248,71,2421.05,1733.7350000000001
1615,16046,134,35,2456.25,1739.775
1616,16047,110,39,2112.2,1497.3399999999997
1617,16048,158,34,2977.3,2106.7100000000005
1618,16049,118,61,2489.25,1766.475
1619,16050,103,31,3097.12,2184.484
1620,16051,300,79,3882.11,2763.277
1621,16052,270,76,2746.65,1964.855
1622,16053,191,68,2409.5,1719.3499999999997
1623,16054,130,53,2814.32,1993.6239999999998
1624,16055,122,80,2372.8,1689.16
1625,16056,189,65,2632.8,1874.8600000000001
1626,16057,235,35,2868.75,2038.6249999999998
1627,16058,265,71,2448.3,1754.51
1628,16059,263,70,2900.9,2070.93
1629,16060,180,42,1136.2,821.74
1630,16061,167,34,2004.8,1426.86
1631,16062,115,98,2129.25,1521.5749999999998
1632,16063,236,36,2353.02,1677.9139999999998
1633,16064,226,42,2505.45,1784.8149999999998
1634,16067,338,54,2476.4,1778.08
1635,16068,291,69,2413.25,1732.1749999999997
1636,16069,116,95,2672.4,1901.2799999999997
1637,16070,251,78,4112.2,2919.2399999999993
1638,16071,247,30,1778.9,1275.93
1639,16072,174,66,2076.0,1483.8
1640,16073,278,81,2612.8,1872.96
1641,16074,111,72,1944.85,1386.8949999999998
1642,16075,339,56,3162.5,2258.85
1643,16076,229,65,3397.45,2414.115
1644,16077,232,63,2599.05,1855.135
1645,16078,152,55,3503.8,2478.8599999999997
1646,16079,353,51,2920.1,2089.5699999999997
1647,16080,188,48,2805.2,1992.0399999999995
1648,16081,190,61,2113.5,1510.6499999999999
1649,16082,342,56,2044.85,1476.7949999999998
1650,16083,318,73,1673.15,1217.6049999999998
1651,16084,325,60,2095.35,1511.245
1652,16085,339,46,3795.7,2700.0899999999997
1653,16086,281,72,2923.45,2088.9149999999995
1654,16087,187,54,1515.25,1090.175
1655,16088,216,77,2467.35,1764.1449999999998
1656,16089,345,83,1451.1,1066.87
1657,16090,226,48,3221.33,2287.1309999999994
1658,16091,136,83,4198.85,2969.395
1659,16092,231,54,2795.8,1990.9599999999998
1660,16093,329,31,811.4,607.0799999999999
1661,16094,348,56,3056.85,2185.7949999999996
1662,16095,102,66,2728.5,1933.35
1663,16096,195,33,2159.3,1537.61
1664,16097,159,43,2482.7,1762.3899999999999
1665,16098,197,80,1975.95,1418.865
1666,16099,183,40,2144.1,1527.1699999999998
1667,16100,283,95,2582.35,1854.9449999999997
1668,16101,262,64,3141.45,2238.015
1669,16102,331,70,2893.27,2072.3889999999997
1670,16103,201,75,2758.1,1965.7699999999998
1671,16104,171,39,2152.45,1531.6149999999996
1672,16105,120,50,1779.85,1267.8949999999998
1673,16106,135,61,2750.75,1951.225
1674,16107,108,68,1871.18,1334.2259999999999
1675,16108,311,61,2334.15,1677.205
1676,16109,306,83,1391.8,1021.4599999999999
1677,16110,228,57,4789.92,3387.1440000000002
1678,16111,217,55,1897.3,1360.81
1679,16112,124,54,2297.55,1631.4850000000001
1680,16113,292,69,1695.8,1230.06
1681,16114,166,82,2976.9,2116.83
1682,16115,301,75,3189.25,2277.575
1683,16116,235,44,1655.85,1191.3949999999998
1684,16117,134,98,2277.0,1626.8999999999999
1685,16118,139,55,4779.4,3370.4799999999996
1686,16119,290,32,2776.05,1978.635
1687,16120,174,66,4118.5,2913.5499999999997
1688,16121,243,85,3046.3,2173.71
1689,16122,228,91,3502.6,2492.8199999999997
1690,16123,228,34,2913.95,2069.365
1691,16124,249,82,3983.8,2829.96
1692,16125,307,67,1923.6,1390.62
1693,16126,130,49,2474.6,1755.0199999999998
1694,16127,352,54,3910.3,2783.21
1695,16128,339,46,2849.8,2037.96
1696,16129,259,47,2792.3,1989.91
1697,16130,129,54,2422.5,1719.45
1698,16131,168,79,2824.0,2009.3999999999999
1699,16132,329,65,2091.05,1509.6350000000002
1700,16133,293,43,1337.6,974.2199999999998
1701,16134,135,80,2547.22,1812.5539999999999
1702,16135,299,90,2965.05,2123.435
1703,16136,149,99,2344.26,1675.682
1704,16137,118,37,2319.7,1642.9899999999998
1705,16138,218,58,3488.11,2475.077
1706,16139,193,59,2266.74,1617.8179999999998
1707,16140,284,43,1951.9,1403.33
1708,16141,139,49,2559.41,1815.2869999999998
1709,16142,180,41,2686.3,1906.6100000000001
1710,16143,253,44,3206.47,2278.629
1711,16144,218,97,3181.0,2267.9
1712,16145,133,32,1984.4,1408.78
1713,16146,130,63,3824.02,2702.4139999999998
1714,16147,158,44,1861.5,1327.6499999999999
1715,16148,315,93,3575.6,2553.0199999999995
1716,16149,110,38,1909.5,1355.2499999999998
1717,16150,342,41,2945.85,2104.4949999999994
1718,16151,198,80,3012.32,2144.424
1719,16152,296,69,2238.7,1610.4899999999996
1720,16153,278,82,1594.05,1160.0349999999999
1721,16154,193,85,3034.29,2160.303
1722,16155,252,44,1844.65,1325.2549999999999
1723,16156,173,52,1549.05,1112.0349999999999
1724,16157,320,57,2332.4,1676.0800000000002
1725,16158,255,64,3198.25,2277.075
1726,16159,193,93,2431.9,1740.2299999999998
1727,16160,261,89,2135.25,1538.5749999999998
1728,16161,311,93,1519.6,1113.4199999999996
1729,16162,180,74,1754.65,1261.0549999999998
