,student_id,score,number,mes_z,mes_T,mes_dengdi,composite_scores
0,13012,0.0,2,0.0,0.0,0.0,0.6
1,13949,17.963636363636365,1,0.2597947275,82.0783575,0.475499575,12.874545454545455
2,13952,26.58181818181818,1,0.0726282,80.58102285714287,0.44097234142857145,18.907272727272723
3,13954,0.0,1,0.0,0.0,0.0,0.3
4,13957,29.036363636363635,1,0.13561827142857144,81.08494857142857,0.43904350999999997,20.625454545454545
5,13959,18.900000000000002,2,0.7089788499999999,85.67183,0.22062465,13.83
6,13963,58.77272727272727,1,0.30866234545454546,82.46929909090909,0.4398440454545455,41.44090909090909
7,13966,30.7,1,1.0932212857142856,88.74577142857143,0.09234599571428571,21.79
8,13967,18.545454545454547,1,0.59520285,84.76162,0.325945775,13.281818181818183
9,13968,27.05454545454546,1,0.5372502428571428,84.29800142857142,0.3074068374285714,19.238181818181822
10,13971,16.272727272727273,2,-0.316370395,77.46903499999999,0.6115992,11.99090909090909
11,13973,33.63636363636363,1,0.9446336166666667,87.55706666666667,0.24009561199999999,23.845454545454544
12,13975,30.854545454545452,2,0.8550022014285714,86.84001857142857,0.24465317714285714,22.198181818181816
13,13977,25.58181818181818,1,-0.9934156371428572,72.05267571428571,0.7882241,18.207272727272724
14,13980,27.218181818181815,3,-0.10219963571428572,79.18240285714286,0.5841260571428571,19.95272727272727
15,13981,21.181818181818183,2,0.035767749999999994,80.28614166666667,0.4802700166666667,15.427272727272728
16,13982,24.745454545454546,1,-0.5993719985714285,75.20502571428571,0.7377024571428572,17.62181818181818
17,13983,26.645454545454548,2,0.25390897714285715,82.03126999999999,0.42432453714285717,19.251818181818184
18,13984,25.19090909090909,1,0.4176664742857143,83.34133142857142,0.39024136000000004,17.933636363636364
19,13985,30.127272727272725,1,0.9419969428571429,87.53597428571427,0.18499551857142857,21.389090909090907
20,13986,48.22727272727273,1,-0.40374560000000004,76.77003363636364,0.6114179818181819,34.059090909090905
21,13989,17.518181818181816,1,0.459695925,83.6775625,0.40288375,12.56272727272727
22,13990,24.245454545454546,1,-0.015202728571428554,79.87837714285715,0.55487645,17.271818181818183
23,13991,0.0,1,0.0,0.0,0.0,0.3
24,13996,51.68181818181818,1,-0.44311706363636366,76.45506454545455,0.7170707636363637,36.47727272727272
25,13997,15.581818181818182,2,-0.7918896,73.6648825,0.8120714499999999,11.507272727272726
26,13998,14.3,1,-0.8566465750000001,73.14682499999999,0.8196316,10.31
27,13999,28.4,1,0.5562589771428571,84.45007285714284,0.33100788142857146,20.18
28,14002,26.263636363636362,1,-0.2730731657142857,77.81541714285713,0.6484708571428571,18.684545454545454
29,14003,20.827272727272728,1,-0.14840066666666665,78.812795,0.5406003833333334,14.879090909090909
30,14004,18.554545454545455,2,0.09354791999999998,80.748382,0.42507210000000006,13.588181818181818
31,14005,17.654545454545453,1,0.022503849999999992,80.1800325,0.54011515,12.658181818181816
32,14006,0.0,1,0.0,0.0,0.0,0.3
33,14013,18.263636363636365,1,0.430982325,83.4478575,0.39185559000000003,13.084545454545456
34,14015,26.49090909090909,1,0.35399769999999997,82.83198142857142,0.46122488571428566,18.84363636363636
35,14016,26.218181818181815,1,-0.33478899999999995,77.32168714285714,0.5715813328571429,18.65272727272727
36,14017,15.4,1,-0.421096875,76.631225,0.679033875,11.08
37,14019,17.990909090909092,1,-0.006412920000000011,79.948694,0.52187756,12.893636363636364
38,14020,18.554545454545455,2,0.8096466,86.4771725,0.2679157375,13.588181818181818
39,14022,27.58181818181818,1,-0.25830590000000003,77.93355428571428,0.5097874,19.607272727272726
40,14025,29.327272727272728,1,0.42791940142857143,83.4233557142857,0.38842499714285716,20.829090909090908
41,14026,26.063636363636363,1,0.06177632857142856,80.49421142857143,0.4983572,18.544545454545453
42,14027,53.81818181818182,2,0.7078833718181818,85.66306727272728,0.2831119590909091,38.27272727272727
43,14028,16.763636363636365,1,-0.008132499999999973,79.93494000000001,0.5181903999999999,12.034545454545455
44,14030,18.28181818181818,2,0.44801715,83.5841375,0.44926745,13.397272727272727
45,14031,27.45194818181818,2,0.5433273857142857,84.3466157142857,0.30959528571428574,19.816363727272726
46,14032,22.236363636363635,1,0.20190870000000002,81.61526599999999,0.46929558,15.865454545454543
47,14034,21.48961,1,-0.8820712142857143,72.94343,0.6754944714285714,15.342726999999998
48,14035,15.445454545454545,1,-0.9599185749999999,72.32065,0.775228075,11.111818181818181
49,14036,17.87272727272727,2,0.1307276525,81.0458225,0.5606800000000001,13.11090909090909
50,14039,15.854545454545455,1,-0.43026002249999995,76.55792,0.612028225,11.398181818181818
51,14043,16.418181818181818,1,0.004272299999999993,80.0341775,0.485925375,11.792727272727273
52,14045,26.61818181818182,1,-0.03408067142857142,79.7273542857143,0.4762602142857143,18.932727272727274
53,14046,0.0,1,0.0,0.0,0.0,0.3
54,14048,18.71818181818182,1,0.6133214499999999,84.9065725,0.3474665,13.402727272727272
55,14049,29.172727272727272,1,0.8567141714285714,86.85371428571429,0.24357207857142857,20.72090909090909
56,14052,21.599999999999998,1,0.5769459,84.61556833333333,0.3801420566666667,15.419999999999998
57,14054,16.327272727272728,2,0.022386269999999993,80.1790875,0.56977795,12.02909090909091
58,14056,18.181818181818183,1,0.5670882500000001,84.5367075,0.283293475,13.02727272727273
59,14057,27.10909090909091,1,-0.013700928571428557,79.89039285714286,0.5566943714285715,19.276363636363637
60,14059,52.36363636363637,1,-0.23385445454545453,78.12916363636363,0.6204712636363636,36.95454545454545
61,14060,53.54545454545455,1,0.6956166581818182,85.56493363636365,0.2961335818181818,37.781818181818174
62,14064,16.663636363636364,1,-0.529665975,75.76267250000001,0.6344913,11.964545454545455
63,14072,45.04545454545455,1,-0.3033140181818182,77.57348818181818,0.6563994,31.831818181818182
64,14079,17.554545454545455,1,0.346220625,82.769765,0.348412225,12.588181818181818
65,14080,17.427272727272726,2,0.20028487499999997,81.6022775,0.433722475,12.799090909090907
66,14081,15.663636363636364,3,-0.33016147500000004,77.3587075,0.6805068,11.864545454545455
67,14083,16.490909090909092,1,-0.9872883475,72.1016925,0.726907625,11.843636363636364
68,14086,23.027272727272727,1,0.10791424285714286,80.86331285714286,0.5098427471428572,16.419090909090908
69,14087,25.463636363636365,1,0.18680068,81.4944057142857,0.5194938285714286,18.124545454545455
70,14088,16.418181818181818,1,-0.10924834999999998,79.1260125,0.56182865,11.792727272727273
71,14090,23.366233636363635,1,0.45537596,83.643006,0.34143034,16.656363545454543
72,14091,19.927272727272726,1,-0.9158288428571428,72.67336714285715,0.73286,14.249090909090908
73,14092,14.554545454545455,1,-1.63240185,66.9407825,0.8447667000000001,10.488181818181818
74,14097,24.99090909090909,1,-0.02160638571428572,79.82714714285714,0.5049782985714285,17.793636363636363
75,14100,26.245454545454546,2,0.07378629285714289,80.59029,0.5521439785714286,18.971818181818183
76,14104,24.52857181818182,2,0.18726327142857144,81.49810571428573,0.5143275571428572,17.770000272727273
77,14105,50.36363636363637,1,0.28333566363636364,82.26668454545455,0.4179205581818182,35.554545454545455
78,14109,54.36363636363637,1,0.7007205,85.60576181818182,0.3024651255454545,38.35454545454545
79,14110,29.827272727272728,1,0.4650412014285714,83.72033142857143,0.4258086057142857,21.17909090909091
80,14112,29.39090909090909,2,1.0908488285714284,88.72679000000001,0.11158910342857142,21.173636363636362
81,14113,18.181818181818183,2,0.5994581,84.795665,0.330725675,13.327272727272728
82,14114,18.972727272727273,1,0.3835863275,83.0686925,0.39678574749999995,13.58090909090909
83,14117,17.754545454545454,1,0.89385945,87.1508725,0.18930819499999998,12.728181818181818
84,14118,18.099999999999998,1,0.9949751250000001,87.9598,0.1391120325,12.969999999999999
85,14120,23.954545454545453,2,-0.16371575714285716,78.69027000000001,0.5575450142857143,17.368181818181817
86,14121,15.736363636363636,3,-0.62211942,75.023042,0.73199426,11.915454545454546
87,14123,23.645454545454548,1,0.014055899999999994,80.11244571428571,0.49812904714285716,16.851818181818185
88,14125,53.18181818181818,2,0.5725701545454546,84.58056272727273,0.30852979090909094,37.82727272727273
89,14127,47.22727272727273,1,-0.04037140818181819,79.67702909090909,0.5770367636363637,33.3590909090909
90,14128,17.036363636363635,2,-0.26277822500000003,77.8977725,0.6497016,12.525454545454544
91,14130,29.00909090909091,1,0.9769300285714285,87.81544,0.15723213714285714,20.60636363636364
92,14133,46.27272727272727,2,-1.0521417181818182,71.58286636363636,0.8329437,32.99090909090909
93,14134,16.71818181818182,1,-0.29017425,77.678605,0.600956375,12.002727272727274
94,14136,46.0,1,0.3167825888888889,82.5342611111111,0.40202009888888884,32.49999999999999
95,14138,24.829870000000003,1,0.04309802285714286,80.34478571428572,0.6039285285714285,17.680909000000003
96,14140,16.236363636363635,1,-0.30392006999999993,77.5686375,0.64680445,11.665454545454544
97,14143,27.145454545454548,1,0.34589992857142854,82.7672,0.3967675685714286,19.301818181818184
98,14146,54.22727272727273,1,-0.1999647718181818,78.40028363636362,0.6455885272727273,38.2590909090909
99,14150,27.0,1,-0.7273156625,74.18147375000001,0.756486075,19.2
100,14152,15.536363636363637,1,-0.8819947475,72.944045,0.797931275,11.175454545454546
101,14158,49.27272727272727,1,-0.2843803,77.72495636363637,0.5942082181818182,34.79090909090909
102,14159,25.672727272727272,1,0.5491217428571428,84.39297428571429,0.33030138571428574,18.27090909090909
103,14160,16.518181818181816,2,0.51330998,84.10648,0.35162653499999996,12.16272727272727
104,14161,15.754545454545456,2,-0.317665725,77.458675,0.5887751999999999,11.628181818181819
105,14164,12.145454545454545,1,-1.3196879000000001,69.442495,0.789284725,8.80181818181818
106,14168,28.181818181818183,1,-2.8313005454545457,57.34959545454546,0.9823312454545455,20.027272727272727
107,14169,12.627272727272727,1,-1.406967075,68.7442625,0.8797357,9.139090909090909
108,14171,23.627272727272725,1,-0.24127984285714285,78.06976285714286,0.5798843571428571,16.839090909090906
109,14172,18.29090909090909,1,-1.7401138285714286,66.07908714285715,0.9006027571428571,13.103636363636362
110,14174,41.163636363636364,1,-0.8485939363636364,73.21124727272728,0.7438887427272728,29.114545454545453
111,14178,45.68181818181818,1,-0.6155781545454545,75.07537454545455,0.7008298727272727,32.277272727272724
112,14179,27.99090909090909,1,0.6977926571428571,85.58234,0.25393355714285715,19.89363636363636
113,14180,45.72727272727273,2,-0.2220999,78.22319909090909,0.6342798181818182,32.60909090909091
114,14181,29.11818181818182,1,0.7311377697142857,85.84910428571428,0.31388161000000003,20.682727272727274
115,14182,54.72727272727273,1,0.5817945181818183,84.65435545454545,0.31381095454545455,38.6090909090909
116,14185,43.95454545454545,1,-0.705121369,74.359031,0.73131077,31.068181818181817
117,14186,23.91818181818182,1,0.06956066000000002,80.55648285714285,0.5256032571428572,17.042727272727276
118,14188,25.19090909090909,2,-0.8099455285714285,73.52043571428571,0.7422392,18.233636363636364
119,14190,23.9,1,0.6598474,85.278778,0.2761842,17.029999999999998
120,14191,24.91818181818182,1,-0.23196838285714283,78.14425142857144,0.5521095428571429,17.742727272727276
121,14192,49.45454545454545,1,0.06894838272727272,80.55158909090909,0.4953719081818182,34.918181818181814
122,14193,41.86363636363637,1,-0.8855435181818181,72.9156509090909,0.782995,29.604545454545455
123,14194,45.72727272727273,1,-0.22963582454545453,78.16291272727273,0.6682454636363636,32.309090909090905
124,14195,28.736363636363638,2,0.9950974714285714,87.96078,0.21992831714285715,20.71545454545455
125,14197,50.72727272727273,2,0.3949884109090909,83.15990727272728,0.37275884181818186,36.10909090909091
126,14198,17.7,2,0.65436765,85.2349375,0.30048525,12.989999999999998
127,14200,14.19090909090909,1,-1.1772441,70.5820475,0.8533753749999999,10.233636363636363
128,14204,53.45454545454545,2,0.5436739454545454,84.34939181818181,0.3411556,38.018181818181816
129,14206,52.13636363636363,1,0.30708803636363635,82.45670363636363,0.45770581818181816,36.79545454545454
130,14210,24.963636363636365,1,0.27124568285714284,82.16996428571429,0.4286318742857143,17.774545454545454
131,14213,25.58311727272727,3,0.2701848371428571,82.16147857142857,0.4920649285714286,18.80818209090909
132,14215,27.636363636363637,1,0.7833148857142858,86.26652,0.26883583714285714,19.645454545454545
133,14217,51.77272727272727,1,0.20037407363636364,81.60299181818182,0.48233089090909087,36.54090909090909
134,14221,21.236363636363635,1,-1.6130544714285713,67.09556285714287,0.9148088999999999,15.165454545454544
135,14223,26.845454545454547,1,0.6985400142857142,85.58832,0.23838918285714286,19.091818181818184
136,14225,24.672727272727272,1,0.11107900571428572,80.88863142857143,0.5584871,17.57090909090909
137,14226,50.04545454545455,1,0.04088363909090909,80.32706818181818,0.513624,35.33181818181818
138,14234,50.45454545454545,2,0.13628339818181814,81.09026636363636,0.4571746363636364,35.918181818181814
139,14236,53.31818181818182,2,0.21422725454545455,81.71381636363637,0.4268908218181818,37.92272727272727
140,14238,22.74935090909091,1,-0.08243604285714287,79.34051,0.54051185,16.224545636363636
141,14240,15.572727272727274,1,-0.58957255,75.28342,0.7132316750000001,11.200909090909091
142,14241,39.13636363636363,2,-0.9721483000000001,72.222815,0.75417515,27.995454545454542
143,14242,22.25714272727273,2,-0.23081614285714286,78.15347142857142,0.6458061428571428,16.17999990909091
144,14243,15.236363636363636,1,-0.10441559999999998,79.16467,0.5457666,10.965454545454545
145,14244,0.0,1,0.0,0.0,0.0,0.3
146,14246,28.027272727272727,1,-0.5278109571428572,75.77751142857143,0.6736954771428572,19.919090909090908
147,14249,18.863636363636363,2,1.0701574,88.561255,0.16756450250000002,13.804545454545453
148,14254,25.663636363636364,2,0.19195810000000005,81.53566285714285,0.4718807857142857,18.564545454545456
149,14255,14.509090909090908,1,-0.89881066,72.80951,0.7266418,10.456363636363635
150,14256,13.518181818181818,1,-0.4652428,76.27805666666667,0.7101159666666667,9.762727272727272
151,14259,22.60909090909091,1,-0.12209485714285716,79.02324142857142,0.5526501585714286,16.126363636363635
152,14261,56.81818181818182,1,0.8380745454545455,86.70459636363636,0.26845976163636365,40.07272727272727
153,14264,16.11818181818182,1,0.249937775,81.9995025,0.4053627675,11.582727272727274
154,14265,13.327272727272726,1,-1.1786302,70.570955,0.8507512,9.629090909090909
155,14266,18.454545454545453,1,0.8752809,87.0022475,0.22704638,13.218181818181817
156,14267,31.227272727272727,1,-2.03154149,63.747667,0.92940456,22.159090909090907
157,14268,14.963636363636363,2,-0.558498375,75.53201,0.654264625,11.074545454545452
158,14269,22.145454545454545,1,-0.558594,75.5312457142857,0.6636383857142858,15.80181818181818
159,14270,15.963636363636363,1,-0.61211256,75.1031,0.696374575,11.474545454545455
160,14272,22.463636363636365,1,-0.45951002857142853,76.32391857142856,0.7015761571428571,16.024545454545454
161,14273,36.54545454545455,1,-1.1245072999999999,71.00394200000001,0.79587598,25.881818181818183
162,14274,22.572727272727274,1,-0.6925745571428571,74.45940142857144,0.6868740999999999,16.10090909090909
163,14275,25.163636363636364,1,0.21170601428571428,81.69364714285715,0.5187310714285714,17.914545454545454
164,14277,45.81818181818182,1,-0.24332730909090908,78.0533809090909,0.6484632545454546,32.37272727272727
165,14279,25.2,1,0.1768253714285714,81.41460285714285,0.46039768571428574,17.939999999999998
166,14280,25.9,1,-0.3565823414285714,77.14734142857142,0.6355216285714286,18.43
167,14286,49.04545454545455,1,0.0920780818181818,80.73662636363636,0.503335209090909,34.631818181818176
168,14287,25.836363636363636,1,0.49525842285714283,83.96206857142856,0.3337953514285714,18.385454545454543
169,14288,33.86363636363637,2,-1.5346922636363636,67.72246181818183,0.8220030272727272,24.30454545454546
170,14289,27.09090909090909,3,-0.5488768,75.60898333333334,0.6981223166666667,19.86363636363636
171,14291,47.27272727272727,1,-0.5859938172727273,75.31205,0.6749252,33.39090909090908
172,14293,27.05454545454546,1,0.7118057714285715,85.69444571428572,0.25120253,19.238181818181822
173,14295,14.894736842105264,1,-0.343302925,77.25357625000001,0.39048015124999996,10.726315789473684
174,14296,17.62727272727273,1,0.8251587,86.6012675,0.2069715425,12.63909090909091
175,14297,51.72727272727273,1,0.12401687427272727,80.99213272727273,0.476809590909091,36.5090909090909
176,14298,23.263636363636365,1,0.05029107142857143,80.40232857142857,0.5355444185714286,16.584545454545456
177,14299,27.681818181818183,1,0.5092212142857143,84.07377142857142,0.33318430857142856,19.67727272727273
178,14300,18.0,1,0.37241675,82.979335,0.367429445,12.9
179,14301,14.118181818181819,1,-1.083687925,71.330495,0.862151475,10.182727272727274
180,14303,16.545454545454547,1,-0.15406835,78.7674525,0.556155675,11.881818181818183
181,14304,54.77272727272727,1,0.6827443651818181,85.46195454545455,0.3093646209090909,38.64090909090908
182,14306,25.515584545454544,1,0.2517010857142857,82.01360714285714,0.4475055942857143,18.16090918181818
183,14311,47.63636363636363,2,0.50106227,84.008499,0.36229162000000004,33.945454545454545
184,14312,26.303896363636362,1,0.11112281428571427,80.88898142857143,0.4632055428571428,18.71272745454545
185,14314,22.56883090909091,2,-0.6021296285714285,75.18296285714284,0.7109919857142858,16.398181636363635
186,14315,14.018181818181818,1,-1.37994025,68.96048,0.906095075,10.112727272727273
187,14316,17.009090909090908,1,-0.35666868399999996,77.146648,0.6165401,12.206363636363635
188,14317,16.672727272727272,2,-0.12165324999999999,79.026775,0.545968675,12.27090909090909
189,14319,18.581818181818182,1,0.895200275,87.1615975,0.2340241575,13.307272727272727
190,14324,57.59090909090909,1,0.9300688454545455,87.4405509090909,0.2203322281818182,40.61363636363636
191,14326,18.21818181818182,1,0.5546381499999999,84.4371025,0.2698605025,13.052727272727273
192,14329,27.59090909090909,1,0.6450182142857143,85.16014714285714,0.35671708714285716,19.613636363636363
193,14333,23.30649363636364,2,-0.024352057142857136,79.80518285714285,0.5486499871428572,16.914545545454548
194,14339,24.29090909090909,1,-0.0071014942857143114,79.94318714285714,0.4934586857142857,17.30363636363636
195,14344,24.536363636363635,1,-0.9426610142857142,72.45871285714286,0.8140408142857144,17.475454545454543
196,14345,24.61818181818182,1,0.05236374285714286,80.41891,0.5814478285714285,17.532727272727275
197,14347,49.13636363636363,1,-0.005420126363636383,79.95663909090909,0.5547384545454546,34.69545454545454
198,14348,17.78181818181818,1,0.41723672500000003,83.3378925,0.304788675,12.747272727272726
199,14349,52.36363636363637,1,0.2255271281818182,81.80421636363636,0.42437186363636364,36.95454545454545
200,14352,19.990909090909092,1,0.23369173333333335,81.86953333333334,0.3978157583333333,14.293636363636365
201,14353,17.672727272727272,1,0.20011662000000002,81.600932,0.48242656000000006,12.67090909090909
202,14355,35.54545454545455,2,-0.70491762,74.360657,0.72991408,25.481818181818184
203,14356,46.09090909090909,1,-0.18045026363636363,78.55639818181818,0.58042639,32.56363636363636
204,14362,28.07792181818182,1,0.5561237,84.44899142857142,0.33282937285714287,19.954545272727273
205,14363,15.172727272727274,2,-1.5084407,67.932474,0.85465094,11.22090909090909
206,14367,41.81818181818182,1,-0.03558858749999999,79.7152925,0.535866075,29.572727272727274
207,14369,0.0,1,0.0,0.0,0.0,0.3
208,14372,12.627272727272727,1,-1.2610768749999999,69.911385,0.85003505,9.139090909090909
209,14374,13.945454545454545,1,-0.94758225,72.4193425,0.7985558,10.061818181818182
210,14376,45.95454545454545,1,-0.23314688181818183,78.13482454545455,0.6252805181818182,32.46818181818181
211,14377,42.72727272727273,1,-0.7242763818181819,74.20578818181818,0.7081621727272727,30.209090909090907
212,14378,47.95454545454545,1,-0.0749428,79.40045818181818,0.5926240509090909,33.86818181818181
213,14380,0.0,1,0.0,0.0,0.0,0.3
214,14382,0.0,2,0.0,0.0,0.0,0.6
215,14383,0.0,1,0.0,0.0,0.0,0.3
216,14385,0.0,1,0.0,0.0,0.0,0.3
217,14386,0.0,1,0.0,0.0,0.0,0.3
218,14388,0.0,1,0.0,0.0,0.0,0.3
219,14391,0.0,2,0.0,0.0,0.0,0.6
220,14392,0.0,2,0.0,0.0,0.0,0.6
221,14396,0.0,1,0.0,0.0,0.0,0.3
222,14403,0.0,2,0.0,0.0,0.0,0.6
223,14405,0.0,1,0.0,0.0,0.0,0.3
224,14408,0.0,1,0.0,0.0,0.0,0.3
225,14409,0.0,2,0.0,0.0,0.0,0.6
226,14410,0.0,1,0.0,0.0,0.0,0.3
227,14411,0.0,1,0.0,0.0,0.0,0.3
228,14412,0.0,1,0.0,0.0,0.0,0.3
229,14413,0.0,1,0.0,0.0,0.0,0.3
230,14415,0.0,2,0.0,0.0,0.0,0.6
231,14416,0.0,1,0.0,0.0,0.0,0.3
232,14423,0.0,2,0.0,0.0,0.0,0.6
233,14424,0.0,1,0.0,0.0,0.0,0.3
234,14426,0.0,1,0.0,0.0,0.0,0.3
235,14427,0.0,1,0.0,0.0,0.0,0.3
236,14431,0.0,2,0.0,0.0,0.0,0.6
237,14432,0.0,1,0.0,0.0,0.0,0.3
238,14433,0.0,1,0.0,0.0,0.0,0.3
239,14436,0.0,1,0.0,0.0,0.0,0.3
240,14438,0.0,1,0.0,0.0,0.0,0.3
241,14440,0.0,2,0.0,0.0,0.0,0.6
242,14441,0.0,2,0.0,0.0,0.0,0.6
243,14443,0.0,1,0.0,0.0,0.0,0.3
244,14446,0.0,1,0.0,0.0,0.0,0.3
245,14447,0.0,2,0.0,0.0,0.0,0.6
246,14448,0.0,2,0.0,0.0,0.0,0.6
247,14449,14.872727272727273,1,-0.71688445,74.26492,0.80777815,10.710909090909091
248,14451,17.375,2,-1.144266075,70.84586999999999,0.6974997000000001,12.7625
249,14454,13.9,1,0.6440209,85.15217,0.2888889,10.030000000000001
250,14462,13.95,1,0.9733499,87.7868,0.1333333,10.065
251,14465,13.6,1,0.2049161,81.63933,0.4888889,9.82
252,14466,13.2,1,-0.4537421,76.37006,0.7555556,9.54
253,14467,13.55,1,1.412455,91.29964,0.02222222,9.785
254,14469,14.05,1,0.8635732,86.90858,0.2,10.135
255,14470,14.05,2,0.9733499,87.7868,0.08888889,10.434999999999999
256,14471,13.25,1,-0.124413,79.0047,0.6444445,9.575
257,14473,13.8,3,0.09513939,80.76112,0.5555556,10.56
258,14478,13.7,2,0.7537975,86.03038,0.2444444,10.189999999999998
259,14479,13.3,2,-0.124413,79.0047,0.6666667,9.91
260,14480,11.729804999999999,2,-1.196798,70.42562,0.9340909,8.810863499999998
261,14484,0.0,1,0.0,0.0,0.0,0.3
262,14487,11.45,1,0.2106921,81.68554,0.4454545,8.315
263,14489,11.9,1,-1.1124,71.1008,0.8666667,8.63
264,14490,0.0,2,0.0,0.0,0.0,0.6
265,14491,11.05,1,-4.186135,46.51092,1.0,8.035
266,14492,13.350000000000001,1,0.4244685,83.39574,0.3777778,9.645000000000001
267,14498,13.75,1,0.7537975,86.03038,0.2222222,9.925
268,14501,14.0,1,0.5342441,84.27396,0.3111111,10.1
269,14502,14.350000000000001,2,1.083126,88.665,0.06666667,10.645
270,14505,12.2,1,-1.222176,70.2226,0.9333333,8.84
271,14506,12.7,1,0.09513939,80.76112,0.6,9.19
272,14507,12.6,2,-1.441728,68.46617,0.9777778,9.419999999999998
273,14508,13.0,2,-1.331953,69.34438,0.9555556,9.7
274,14514,13.8,2,0.6968391,85.574715,0.2013305,10.26
275,14515,13.3,1,0.23853626,81.908285,0.44269519999999996,9.610000000000001
276,14519,13.15,1,0.17754130499999998,81.42033,0.5220051,9.505
277,14520,0.0,2,0.0,0.0,0.0,0.6
278,14522,13.4,1,0.34692995000000004,82.77544,0.39478670000000005,9.68
279,14523,12.75,1,-0.6597472,74.72202,0.8613636,9.225
280,14524,13.600000000000001,1,0.53981355,84.318505,0.2820382,9.82
281,14525,13.15,1,0.04606315,80.36851,0.48383210000000004,9.505
282,14526,13.95,1,0.7817391499999999,86.25391,0.16849502,10.065
283,14530,13.05,1,0.03328924999999999,80.26631499999999,0.55757405,9.435
284,14532,13.75,1,0.6486185499999999,85.18895,0.22751085,9.925
285,14533,12.8,1,-0.17195734399999998,78.62433999999999,0.6826491,9.26
286,14535,13.65,1,0.5282715,84.226175,0.30046595,9.855
287,14536,14.149999999999999,1,0.9746227000000001,87.79698,0.09103075,10.204999999999998
288,14537,14.05,2,1.298741,90.38993,0.004545454,10.434999999999999
289,14538,13.9,1,0.7574236,86.05938499999999,0.1832134,10.030000000000001
290,14539,12.5,2,-0.5688549,75.449165,0.57038725,9.35
291,14540,14.5,1,1.2763105,90.21049,0.026167425,10.45
292,14543,13.45,1,0.1381559,81.10525,0.4909091,9.715
293,14545,13.899999999999999,1,0.5008391,84.00671,0.275,10.03
294,14546,0.0,2,0.0,0.0,0.0,0.6
295,14550,11.15,1,-1.6915296,66.46777,0.8806663,8.105
296,14551,14.0,1,0.5733752,84.58701,0.2386364,10.1
297,14552,11.8,1,-0.90927545,72.72578999999999,0.8519828,8.56
298,14553,13.5,2,-0.006917888,79.94466,0.6295455,10.049999999999999
299,14556,12.8,1,-0.8048204,73.56144,0.8909091,9.26
300,14557,13.350000000000001,2,-0.369601,77.04319,0.7545455,9.945
301,14558,13.7,1,0.6459122,85.1673,0.2204545,9.889999999999999
302,14560,14.5,1,1.443815,91.55051,0.002272727,10.45
303,14561,0.0,1,0.0,0.0,0.0,0.3
304,14565,13.4,1,0.406692556,83.25354,0.39561765,9.68
305,14567,12.600000000000001,1,-0.24531524999999998,78.037475,0.6721319,9.120000000000001
306,14569,13.35096,1,0.2120874,81.6967,0.4340909,9.645672000000001
307,14574,12.85,1,-0.09983130999999999,79.20134999999999,0.65752745,9.295
308,14575,14.35,1,1.131648,89.053185,0.047812690000000005,10.345
309,14577,-2.0,1,,,,-1.0999999999999999
310,14581,14.100000000000001,1,1.081131,88.64906,0.02954545,10.170000000000002
311,14582,12.55,1,-0.8048204,73.56144,0.8840909,9.085
312,14583,13.15,2,0.153636305,81.229095,0.5380436,9.805
313,14586,13.3,1,0.22658373999999998,81.81267,0.4461353,9.610000000000001
314,14588,13.649999999999999,1,0.50436685,84.03493499999999,0.307429065,9.854999999999999
315,14589,13.006730000000001,2,0.002847041,80.02277,0.6159091,9.704711
316,14590,12.899999999999999,1,-0.151991,78.78407,0.6886364,9.329999999999998
317,14591,12.795195,1,0.05864466,80.46915,0.6136364,9.256636499999999
318,14593,12.0,1,-0.8048204,73.56144,0.8818182,8.7
319,14595,13.649999999999999,1,0.55217695,84.41741999999999,0.2753339,9.854999999999999
320,14596,13.0,1,0.0687363,80.54989499999999,0.55723495,9.4
321,14600,12.850000000000001,1,0.0077413000000000065,80.06193,0.52860065,9.295000000000002
322,14601,13.649999999999999,2,0.55217695,84.41741999999999,0.2821573,10.154999999999998
323,14602,13.8,1,0.6968391,85.574715,0.20245649999999998,9.96
324,14603,12.55,1,-1.167503,70.65997,0.9272727,9.085
325,14608,11.4,1,-1.3428529999999999,69.257175,0.9260535000000001,8.28
326,14611,13.5,1,0.47922945,83.833835,0.3251657,9.75
327,14612,13.395195000000001,1,0.4213278,83.37062,0.3318182,9.6766365
328,14613,12.25,1,-0.63067115,74.954635,0.8055084,8.875
329,14615,13.3,1,0.21463079999999998,81.71705,0.443917,9.610000000000001
330,14616,14.183655000000002,1,0.8398078,86.71846,0.1159091,10.228558500000002
331,14618,13.55,1,0.4676879,83.74150499999999,0.3288362,9.785
332,14620,13.399999999999999,2,0.43059800000000004,83.444785,0.39441653,9.979999999999999
333,14621,12.600000000000001,1,-0.364840494,77.08127999999999,0.72364875,9.120000000000001
334,14622,13.667304999999999,1,0.5259473,84.20758,0.2704546,9.867113499999999
335,14623,12.3,1,-0.5107354,75.914115,0.77915195,8.91
336,14624,13.8,1,0.6459122,85.1673,0.225,9.96
337,14627,13.25096,1,0.2120874,81.6967,0.4363636,9.575671999999999
338,14632,13.85,3,0.64943975,85.19551999999999,0.2721992045,10.594999999999999
339,14639,12.75,1,-0.29189295000000004,77.664855,0.5907745,9.225
340,14640,13.05,1,-0.2245272,78.20378,0.7204546,9.435
341,14644,12.5,1,-0.34175684,77.26594,0.71541465,9.05
342,14645,13.15,1,0.06561901,80.52496,0.6113636,9.505
343,14646,9.6,1,-2.400626,60.79499,0.9840909,7.02
344,14648,12.1,2,-1.24004,70.07967,0.9386364,9.069999999999999
345,14649,12.9,2,-0.13527840000000002,78.917775,0.5759085500000001,9.629999999999999
346,14650,12.05,1,-0.6801243100000001,74.55901,0.78480275,8.735000000000001
347,14654,12.75,1,-0.26798805000000003,77.856095,0.62595,9.225
348,14660,13.3,2,-0.2245272,78.20378,0.7227273,9.91
349,14667,13.4,1,0.394740455,83.157925,0.4161783,9.68
350,14670,11.65,1,-1.221274,70.229805,0.85790535,8.455
351,14672,11.95,1,-0.979758545,72.16193000000001,0.80675605,8.665
352,14675,13.85,1,0.68529755,85.48238,0.19242599999999999,9.995
353,14677,13.25,1,0.20226781,81.61814,0.4881782,9.575
354,14678,13.75,1,0.6486185499999999,85.18895,0.24572635,9.925
355,14680,13.7,1,0.51672969,84.13384500000001,0.32228202,9.889999999999999
356,14688,13.3,1,-0.5872104,75.30231,0.8045455,9.610000000000001
357,14691,13.55,2,0.40792529,83.263405,0.35183006,10.084999999999999
358,14692,13.350000000000001,1,0.31066185,82.485295,0.40614,9.645000000000001
359,14693,12.845195,2,0.4213278,83.37062,0.3363636,9.5916365
360,14694,13.100000000000001,2,0.0695577,80.55645999999999,0.5257455,9.77
361,14695,13.75,2,0.8635222,86.90818,0.1090909,10.225
362,14696,12.05,1,-0.8594121,73.12469999999999,0.82490945,8.735000000000001
363,14699,13.0,1,-0.06274145000000003,79.49807,0.53270085,9.4
364,14703,14.16154,1,1.097871,88.78297,0.02727273,10.213078000000001
365,14707,13.65096,1,0.2120874,81.6967,0.4318182,9.855672
366,14716,-1.0,1,-9.364142,5.086862,0.9977273,-0.39999999999999997
367,14717,11.8,1,-1.01684855,71.865205,0.88397185,8.56
368,14720,0.0,1,0.0,0.0,0.0,0.3
369,14722,12.15,2,-0.8107804949999999,73.51375999999999,0.73742755,9.104999999999999
370,14723,13.2,2,0.225762305,81.806095,0.49922345,9.839999999999998
371,14727,12.5,1,-0.9498935,72.40086,0.9181818,9.05
372,14729,6.1,2,-5.091673549999999,39.266611,0.92027335,4.869999999999999
373,14730,12.7,1,-0.268398894,77.85281,0.6974503000000001,9.19
374,14732,13.55,1,0.1381559,81.10525,0.4954545,9.785
375,14733,12.4,1,-1.167503,70.65997,0.9295455,8.98
376,14736,12.379805000000001,1,-0.8341144,73.32709,0.8954545,8.965863500000001
377,14738,13.45,1,-0.006917888,79.94466,0.6272727,9.715
378,14739,12.7,1,0.4283021,83.42641,0.3272727,9.19
379,14741,13.7,1,0.8635222,86.90818,0.09772728,9.889999999999999
380,14742,13.35,2,0.26285179,82.10282000000001,0.4461871,9.944999999999999
381,14743,13.295195,1,0.4213278,83.37062,0.3409091,9.6066365
382,14745,14.149999999999999,1,0.9746227000000001,87.79698,0.07511648500000001,10.204999999999998
383,14747,12.600000000000001,1,-0.364840494,77.08127999999999,0.72478255,9.120000000000001
384,14750,13.1,1,-0.151991,78.78407,0.7068182,9.47
385,14754,10.6,1,-2.0785285,63.371775,0.96930005,7.719999999999999
386,14755,12.6,1,-0.26921999,77.84623500000001,0.6881600999999999,9.12
387,14756,13.25,1,0.14250520000000003,81.14004,0.46220490000000003,9.575
388,14758,13.25,1,0.8635222,86.90818,0.1,9.575
389,14759,12.65,1,-0.3644295000000001,77.084565,0.65213555,9.155000000000001
390,14760,13.2625,1,0.1562898,81.25032,0.4795454,9.58375
391,14765,13.35,1,0.32261439999999997,82.58091999999999,0.40267395,9.645
392,14768,13.2,2,0.18990475,81.51924,0.51991615,9.839999999999998
393,14769,12.2,1,-1.385113,68.91909,0.9613636,8.84
394,14771,12.7,2,-0.13692084999999998,78.904635,0.58783655,9.489999999999998
395,14772,13.55,1,0.49159255,83.93274,0.3275937,9.785
396,14773,13.25,4,0.17836275,81.42689999999999,0.4768974,10.474999999999998
397,14774,13.65,2,0.54022445,84.3218,0.3015894,10.155
398,14776,13.899999999999999,2,0.8635222,86.90818,0.1045455,10.329999999999998
399,14777,12.75,1,-0.13651025,78.90791999999999,0.64945125,9.225
400,14779,6.05,2,-5.749473,34.004215,0.9977272500000001,4.834999999999999
401,14782,13.15,1,0.283229,82.26583,0.4,9.505
402,14786,13.939425,1,0.9932506,87.94601,0.04545455,10.0575975
403,14788,13.45,1,1.008595,88.06876,0.04318182,9.715
404,14791,13.995194999999999,1,0.7840109,86.27209,0.1681818,10.096636499999999
405,14794,12.850000000000001,1,-0.05202124999999999,79.583835,0.61074235,9.295000000000002
406,14795,13.65,1,0.6459122,85.1673,0.2136364,9.855
407,14802,0.0,1,0.0,0.0,0.0,0.3
408,14807,12.5,1,-0.36566200000000004,77.0747,0.73028575,9.05
409,14809,11.7,2,-1.1969576,70.424335,0.8431378,8.79
410,14810,12.85,1,0.019693950000000016,80.15755,0.5228852,9.295
411,14811,12.95,1,-0.039247295,79.686025,0.6314299,9.365
412,14814,13.100000000000001,1,0.12932030500000002,81.03456,0.56529045,9.47
413,14815,12.95,1,0.4283021,83.42641,0.325,9.365
414,14816,13.7,1,0.58844545,84.70756499999999,0.26740785,9.889999999999999
415,14817,13.3,1,0.20267870000000002,81.62143,0.45078429999999997,9.610000000000001
416,14821,13.9,1,0.76937565,86.155005,0.1808863,10.030000000000001
417,14824,13.15,1,0.034111100000000005,80.27288999999999,0.46910855,9.505
418,14825,11.25,1,-1.5592301,67.52616,0.89997415,8.174999999999999
419,14826,12.8,1,-0.5872104,75.30231,0.8022727,9.26
420,14827,13.75,1,0.283229,82.26583,0.4022727,9.925
421,14829,11.95,1,-0.7322841,74.14172,0.8704545,8.665
422,14831,13.5,1,0.38360936,83.06887499999999,0.3756549,9.75
423,14833,12.55,1,-0.37720355,76.98237,0.7497256,9.085
424,14842,14.2,2,1.04674815,88.373985,0.089814135,10.54
425,14843,12.75,1,-0.12455785,79.003535,0.6198177500000001,9.225
426,14844,13.45,1,0.39515095,83.16121,0.3947738,9.715
427,14845,13.9,1,0.8291381,86.633105,0.19777384,10.030000000000001
428,14847,11.65,1,-1.1734635999999998,70.61229,0.87947555,8.455
429,14848,10.0,1,-2.4300805,60.559355,0.97381705,7.3
430,14850,12.399999999999999,2,-0.58162855,75.34697,0.708977,9.279999999999998
431,14855,13.0,1,-0.08664644999999999,79.30682999999999,0.5236876,9.4
432,14857,13.095195,2,0.4213278,83.37062,0.3340909,9.766636499999999
433,14858,13.5,1,0.46727699999999994,83.738215,0.3570926,9.75
434,14860,13.5,2,0.503134556,84.02508,0.38421515,10.049999999999999
435,14862,13.1,1,0.15322575,81.225805,0.5231,9.47
436,14863,12.256730000000001,1,-0.3598361,77.12132,0.7522727,8.879711
437,14864,12.75,1,-0.13651025,78.90791999999999,0.6449006,9.225
438,14865,14.2,1,0.8635222,86.90818,0.1022727,10.24
439,14866,12.3,2,-0.5107354,75.914115,0.7802961500000001,9.209999999999999
440,14867,13.0,1,-0.01493135000000001,79.88055,0.5780648,9.4
441,14868,13.05,1,0.00938420000000001,80.07507,0.5360556,9.435
442,14869,11.100000000000001,2,-1.3931274,68.85498,0.8405621999999999,8.370000000000001
443,14871,13.350000000000001,1,0.2987094,82.389675,0.45627460000000003,9.645000000000001
444,14874,12.1,1,-0.58409315,75.32726,0.67201545,8.77
445,14877,13.0,1,-0.01493135000000001,79.88055,0.58944655,9.4
446,14881,11.600000000000001,1,-1.530187,67.75851,0.9681818,8.420000000000002
447,14883,13.05,2,0.04524214,80.36194,0.56774435,9.735
448,14884,14.15,1,0.7909853,86.32788,0.1477273,10.205
449,14886,13.2,1,0.06561901,80.52496,0.5568182,9.54
450,14888,12.9,1,0.032057349999999984,80.256455,0.5354835499999999,9.33
451,14889,13.85,2,0.7909853,86.32788,0.1454545,10.294999999999998
452,14890,13.5,2,0.06561901,80.52496,0.5363637,10.049999999999999
453,14894,11.8,1,-0.6597472,74.72202,0.8295454,8.56
454,14896,12.9,1,0.06561901,80.52496,0.5590909,9.33
455,14897,12.65,1,0.06561901,80.52496,0.5613636,9.155000000000001
456,14899,13.6,1,0.06561901,80.52496,0.5636364,9.82
457,14903,13.5,2,0.7909853,86.32788,0.1522727,10.049999999999999
458,14904,9.6,2,-2.7919425,57.66446,0.98634295,7.319999999999999
459,14905,13.1,1,0.06561901,80.52496,0.5522727,9.47
460,14907,12.0,1,-0.8359176,73.31266,0.85895115,8.7
461,14908,14.3,1,0.7909853,86.32788,0.1545455,10.31
462,14909,13.05,1,0.05719471500000001,80.45756,0.56768485,9.435
463,14913,13.8,1,0.780507005,86.244065,0.31025057,9.96
464,14914,5.5,1,-0.2245272,78.20378,0.7340909,4.1499999999999995
465,14915,13.95,1,0.80564415,86.44515,0.1399436,10.065
466,14916,12.95,2,0.06561901,80.52496,0.55,9.665
467,14918,13.5,1,0.491182055,83.92946,0.36265274999999997,9.75
468,14919,13.0,1,0.008973695000000004,80.071795,0.6177754,9.4
469,14920,5.475,1,-0.369601,77.04319,0.7568182,4.132499999999999
470,14922,12.65,1,-0.6597472,74.72202,0.8340909,9.155000000000001
471,14924,13.35,1,0.06561901,80.52496,0.5431818,9.645
472,14932,13.8,1,0.7909853,86.32788,0.1568182,9.96
473,14933,13.7,1,0.7909853,86.32788,0.1590909,9.889999999999999
474,14935,12.85,1,-0.6597472,74.72202,0.8363636,9.295
475,14937,13.45,2,0.06561901,80.52496,0.5409091,10.014999999999999
476,14939,14.2,1,1.04674815,88.373985,0.08982189,10.24
477,14942,13.0,1,0.008973695000000004,80.071795,0.6086819,9.4
478,14945,0.0,1,0.0,0.0,0.0,0.3
479,14946,0.0,1,0.0,0.0,0.0,0.3
480,14947,0.0,1,0.0,0.0,0.0,0.3
481,14949,0.0,1,0.0,0.0,0.0,0.3
482,14952,0.0,1,0.0,0.0,0.0,0.3
483,14953,0.0,1,0.0,0.0,0.0,0.3
484,14954,0.0,2,0.0,0.0,0.0,0.6
485,14959,0.0,1,0.0,0.0,0.0,0.3
486,14963,0.0,2,0.0,0.0,0.0,0.6
487,14964,0.0,1,0.0,0.0,0.0,0.3
488,14971,0.0,1,0.0,0.0,0.0,0.3
489,14972,0.0,1,0.0,0.0,0.0,0.3
490,14973,0.0,1,0.0,0.0,0.0,0.3
491,14974,0.0,1,0.0,0.0,0.0,0.3
492,14975,0.0,1,0.0,0.0,0.0,0.3
493,14976,0.0,1,0.0,0.0,0.0,0.3
494,14978,0.0,3,0.0,0.0,0.0,0.8999999999999999
495,14980,0.0,1,0.0,0.0,0.0,0.3
496,14983,0.0,1,0.0,0.0,0.0,0.3
497,14987,0.0,1,0.0,0.0,0.0,0.3
498,14989,0.0,1,0.0,0.0,0.0,0.3
499,14990,0.0,1,0.0,0.0,0.0,0.3
500,14992,0.0,1,0.0,0.0,0.0,0.3
501,14993,0.0,1,0.0,0.0,0.0,0.3
502,14994,0.0,1,0.0,0.0,0.0,0.3
503,14995,0.0,1,0.0,0.0,0.0,0.3
504,14997,0.0,1,0.0,0.0,0.0,0.3
505,14999,0.0,1,0.0,0.0,0.0,0.3
506,15001,0.0,1,0.0,0.0,0.0,0.3
507,15002,12.7,1,-0.30425650000000004,77.56595,0.66461485,9.19
508,15003,12.4,1,-0.6597472,74.72202,0.8386363,8.98
509,15006,12.4,1,-0.569675995,75.442595,0.71237835,8.98
510,15009,0.0,1,0.0,0.0,0.0,0.3
511,15457,0.0,1,0.0,0.0,0.0,0.3
512,15459,0.0,2,0.0,0.0,0.0,0.6
513,15461,0.0,1,0.0,0.0,0.0,0.3
514,15463,0.0,1,0.0,0.0,0.0,0.3
515,15466,0.0,1,0.0,0.0,0.0,0.3
516,15467,0.0,1,0.0,0.0,0.0,0.3
517,15469,0.0,1,0.0,0.0,0.0,0.3
518,15470,0.0,1,0.0,0.0,0.0,0.3
519,15472,0.0,1,0.0,0.0,0.0,0.3
520,15474,0.0,2,0.0,0.0,0.0,0.6
521,15478,0.0,2,0.0,0.0,0.0,0.6
522,15479,0.0,1,0.0,0.0,0.0,0.3
523,15481,0.0,2,0.0,0.0,0.0,0.6
524,15484,0.0,1,0.0,0.0,0.0,0.3
525,15485,0.0,1,0.0,0.0,0.0,0.3
526,15486,0.0,1,0.0,0.0,0.0,0.3
527,15487,0.0,1,0.0,0.0,0.0,0.3
528,15489,0.0,1,0.0,0.0,0.0,0.3
529,15491,0.0,1,0.0,0.0,0.0,0.3
530,15492,0.0,1,0.0,0.0,0.0,0.3
531,15493,0.0,1,0.0,0.0,0.0,0.3
532,15494,0.0,2,0.0,0.0,0.0,0.6
533,15498,0.0,3,0.0,0.0,0.0,0.8999999999999999
534,15499,0.0,1,0.0,0.0,0.0,0.3
535,15503,0.0,1,0.0,0.0,0.0,0.3
536,15504,0.0,1,0.0,0.0,0.0,0.3
537,15505,0.0,2,0.0,0.0,0.0,0.6
538,15507,0.0,1,0.0,0.0,0.0,0.3
539,15510,0.0,1,0.0,0.0,0.0,0.3
540,15512,0.0,1,0.0,0.0,0.0,0.3
541,15514,0.0,1,0.0,0.0,0.0,0.3
542,15518,0.0,2,0.0,0.0,0.0,0.6
543,15520,0.0,1,0.0,0.0,0.0,0.3
544,15521,0.0,2,0.0,0.0,0.0,0.6
545,15526,0.0,1,0.0,0.0,0.0,0.3
546,15528,0.0,1,0.0,0.0,0.0,0.3
547,15529,0.0,1,0.0,0.0,0.0,0.3
548,15531,0.0,2,0.0,0.0,0.0,0.6
549,15533,0.0,1,0.0,0.0,0.0,0.3
550,15534,0.0,1,0.0,0.0,0.0,0.3
551,15535,0.0,1,0.0,0.0,0.0,0.3
552,15537,0.0,2,0.0,0.0,0.0,0.6
553,15538,0.0,1,0.0,0.0,0.0,0.3
554,15540,0.0,1,0.0,0.0,0.0,0.3
555,15541,0.0,1,0.0,0.0,0.0,0.3
556,15543,0.0,1,0.0,0.0,0.0,0.3
557,15544,0.0,2,0.0,0.0,0.0,0.6
558,15547,0.0,1,0.0,0.0,0.0,0.3
559,15548,0.0,2,0.0,0.0,0.0,0.6
560,15549,0.0,2,0.0,0.0,0.0,0.6
561,15550,0.0,1,0.0,0.0,0.0,0.3
562,15551,0.0,2,0.0,0.0,0.0,0.6
563,15552,0.0,1,0.0,0.0,0.0,0.3
564,15556,0.0,2,0.0,0.0,0.0,0.6
565,15567,0.0,2,0.0,0.0,0.0,0.6
566,15568,0.0,1,0.0,0.0,0.0,0.3
567,15569,0.0,1,0.0,0.0,0.0,0.3
568,15574,0.0,1,0.0,0.0,0.0,0.3
569,15577,0.0,1,0.0,0.0,0.0,0.3
570,15578,0.0,1,0.0,0.0,0.0,0.3
571,15579,0.0,1,0.0,0.0,0.0,0.3
572,15582,0.0,1,0.0,0.0,0.0,0.3
573,15583,0.0,2,0.0,0.0,0.0,0.6
574,15584,0.0,1,0.0,0.0,0.0,0.3
575,15585,0.0,2,0.0,0.0,0.0,0.6
576,15588,0.0,1,0.0,0.0,0.0,0.3
577,15591,0.0,1,0.0,0.0,0.0,0.3
578,15593,0.0,1,0.0,0.0,0.0,0.3
579,15594,0.0,1,0.0,0.0,0.0,0.3
580,15595,0.0,1,0.0,0.0,0.0,0.3
581,15598,0.0,2,0.0,0.0,0.0,0.6
582,15606,0.0,1,0.0,0.0,0.0,0.3
583,15609,0.0,1,0.0,0.0,0.0,0.3
584,15610,0.0,1,0.0,0.0,0.0,0.3
585,15617,0.0,1,0.0,0.0,0.0,0.3
586,15618,0.0,1,0.0,0.0,0.0,0.3
587,15621,0.0,1,0.0,0.0,0.0,0.3
588,15623,0.0,2,0.0,0.0,0.0,0.6
589,15624,0.0,2,0.0,0.0,0.0,0.6
590,15626,0.0,1,0.0,0.0,0.0,0.3
591,15627,0.0,1,0.0,0.0,0.0,0.3
592,15628,0.0,1,0.0,0.0,0.0,0.3
593,15629,0.0,1,0.0,0.0,0.0,0.3
594,15630,0.0,1,0.0,0.0,0.0,0.3
595,15631,0.0,2,0.0,0.0,0.0,0.6
596,15632,0.0,1,0.0,0.0,0.0,0.3
597,15633,0.0,2,0.0,0.0,0.0,0.6
598,15634,0.0,1,0.0,0.0,0.0,0.3
599,15637,0.0,1,0.0,0.0,0.0,0.3
600,15641,0.0,1,0.0,0.0,0.0,0.3
601,15643,0.0,1,0.0,0.0,0.0,0.3
602,15644,0.0,1,0.0,0.0,0.0,0.3
603,15645,0.0,2,0.0,0.0,0.0,0.6
604,15646,0.0,1,0.0,0.0,0.0,0.3
605,15647,0.0,1,0.0,0.0,0.0,0.3
606,15649,0.0,1,0.0,0.0,0.0,0.3
607,15650,0.0,1,0.0,0.0,0.0,0.3
608,15654,0.0,1,0.0,0.0,0.0,0.3
609,15655,0.0,1,0.0,0.0,0.0,0.3
610,15658,0.0,1,0.0,0.0,0.0,0.3
611,15661,0.0,1,0.0,0.0,0.0,0.3
612,15662,0.0,1,0.0,0.0,0.0,0.3
613,15666,0.0,1,0.0,0.0,0.0,0.3
614,15669,0.0,1,0.0,0.0,0.0,0.3
615,15672,0.0,1,0.0,0.0,0.0,0.3
616,15674,0.0,1,0.0,0.0,0.0,0.3
617,15675,0.0,1,0.0,0.0,0.0,0.3
618,15678,0.0,1,0.0,0.0,0.0,0.3
619,15680,0.0,1,0.0,0.0,0.0,0.3
620,15681,0.0,1,0.0,0.0,0.0,0.3
621,15682,0.0,1,0.0,0.0,0.0,0.3
622,15683,0.0,2,0.0,0.0,0.0,0.6
623,15685,0.0,2,0.0,0.0,0.0,0.6
624,15687,0.0,1,0.0,0.0,0.0,0.3
625,15688,0.0,1,0.0,0.0,0.0,0.3
626,15691,0.0,1,0.0,0.0,0.0,0.3
627,15693,0.0,1,0.0,0.0,0.0,0.3
628,15694,0.0,2,0.0,0.0,0.0,0.6
629,15695,0.0,1,0.0,0.0,0.0,0.3
630,15696,0.0,1,0.0,0.0,0.0,0.3
631,15697,0.0,1,0.0,0.0,0.0,0.3
632,15698,0.0,1,0.0,0.0,0.0,0.3
633,15699,0.0,2,0.0,0.0,0.0,0.6
634,15701,0.0,2,0.0,0.0,0.0,0.6
635,15704,0.0,1,0.0,0.0,0.0,0.3
636,15706,0.0,1,0.0,0.0,0.0,0.3
637,15707,0.0,1,0.0,0.0,0.0,0.3
638,15708,0.0,1,0.0,0.0,0.0,0.3
639,15709,0.0,1,0.0,0.0,0.0,0.3
640,15711,0.0,1,0.0,0.0,0.0,0.3
641,15713,0.0,1,0.0,0.0,0.0,0.3
642,15714,0.0,1,0.0,0.0,0.0,0.3
643,15718,0.0,1,0.0,0.0,0.0,0.3
644,15721,0.0,1,0.0,0.0,0.0,0.3
645,15723,0.0,2,0.0,0.0,0.0,0.6
646,15725,0.0,2,0.0,0.0,0.0,0.6
647,15727,0.0,1,0.0,0.0,0.0,0.3
648,15732,0.0,1,0.0,0.0,0.0,0.3
649,15733,0.0,1,0.0,0.0,0.0,0.3
650,15734,0.0,1,0.0,0.0,0.0,0.3
651,15735,0.0,1,0.0,0.0,0.0,0.3
652,15743,0.0,1,0.0,0.0,0.0,0.3
653,15745,0.0,1,0.0,0.0,0.0,0.3
654,15746,0.0,1,0.0,0.0,0.0,0.3
655,15748,0.0,2,0.0,0.0,0.0,0.6
656,15750,0.0,1,0.0,0.0,0.0,0.3
657,15751,0.0,3,0.0,0.0,0.0,0.8999999999999999
658,15752,0.0,1,0.0,0.0,0.0,0.3
659,15753,0.0,2,0.0,0.0,0.0,0.6
660,15754,0.0,1,0.0,0.0,0.0,0.3
661,15756,0.0,2,0.0,0.0,0.0,0.6
662,15757,0.0,2,0.0,0.0,0.0,0.6
663,15758,0.0,2,0.0,0.0,0.0,0.6
664,15761,0.0,3,0.0,0.0,0.0,0.8999999999999999
665,15763,0.0,1,0.0,0.0,0.0,0.3
666,15766,0.0,2,0.0,0.0,0.0,0.6
667,15767,0.0,1,0.0,0.0,0.0,0.3
668,15768,0.0,2,0.0,0.0,0.0,0.6
669,15769,0.0,2,0.0,0.0,0.0,0.6
670,15771,0.0,1,0.0,0.0,0.0,0.3
671,15773,0.0,1,0.0,0.0,0.0,0.3
672,15775,0.0,1,0.0,0.0,0.0,0.3
673,15777,0.0,1,0.0,0.0,0.0,0.3
674,15781,0.0,1,0.0,0.0,0.0,0.3
675,15784,0.0,1,0.0,0.0,0.0,0.3
676,15788,0.0,1,0.0,0.0,0.0,0.3
677,15789,0.0,1,0.0,0.0,0.0,0.3
678,15790,0.0,1,0.0,0.0,0.0,0.3
679,15791,0.0,1,0.0,0.0,0.0,0.3
680,15794,0.0,1,0.0,0.0,0.0,0.3
681,15798,0.0,2,0.0,0.0,0.0,0.6
682,15801,0.0,2,0.0,0.0,0.0,0.6
683,15804,0.0,1,0.0,0.0,0.0,0.3
684,15807,0.0,1,0.0,0.0,0.0,0.3
685,15810,0.0,2,0.0,0.0,0.0,0.6
686,15812,0.0,1,0.0,0.0,0.0,0.3
687,15813,0.0,1,0.0,0.0,0.0,0.3
688,15814,0.0,1,0.0,0.0,0.0,0.3
689,15816,0.0,1,0.0,0.0,0.0,0.3
690,15817,0.0,2,0.0,0.0,0.0,0.6
691,15818,0.0,1,0.0,0.0,0.0,0.3
692,15819,0.0,2,0.0,0.0,0.0,0.6
693,15820,0.0,1,0.0,0.0,0.0,0.3
694,15821,0.0,1,0.0,0.0,0.0,0.3
695,15822,0.0,1,0.0,0.0,0.0,0.3
696,15825,0.0,1,0.0,0.0,0.0,0.3
697,15826,0.0,1,0.0,0.0,0.0,0.3
698,15832,0.0,2,0.0,0.0,0.0,0.6
699,15833,0.0,1,0.0,0.0,0.0,0.3
700,15837,0.0,1,0.0,0.0,0.0,0.3
701,15842,0.0,1,0.0,0.0,0.0,0.3
702,15843,0.0,1,0.0,0.0,0.0,0.3
703,15845,0.0,1,0.0,0.0,0.0,0.3
704,15846,0.0,1,0.0,0.0,0.0,0.3
705,15848,0.0,1,0.0,0.0,0.0,0.3
706,15849,0.0,2,0.0,0.0,0.0,0.6
707,15851,0.0,1,0.0,0.0,0.0,0.3
708,15852,0.0,1,0.0,0.0,0.0,0.3
709,15853,0.0,1,0.0,0.0,0.0,0.3
710,15854,0.0,1,0.0,0.0,0.0,0.3
711,15862,0.0,1,0.0,0.0,0.0,0.3
712,15864,0.0,1,0.0,0.0,0.0,0.3
713,15867,0.0,1,0.0,0.0,0.0,0.3
714,15869,0.0,1,0.0,0.0,0.0,0.3
715,15873,0.0,2,0.0,0.0,0.0,0.6
716,15879,0.0,1,0.0,0.0,0.0,0.3
717,15881,0.0,1,0.0,0.0,0.0,0.3
718,15882,0.0,3,0.0,0.0,0.0,0.8999999999999999
719,15884,0.0,2,0.0,0.0,0.0,0.6
720,15886,0.0,1,0.0,0.0,0.0,0.3
721,15887,0.0,1,0.0,0.0,0.0,0.3
722,15888,0.0,1,0.0,0.0,0.0,0.3
723,15889,0.0,1,0.0,0.0,0.0,0.3
724,15892,0.0,1,0.0,0.0,0.0,0.3
725,15893,0.0,1,0.0,0.0,0.0,0.3
726,15894,0.0,1,0.0,0.0,0.0,0.3
727,15896,0.0,1,0.0,0.0,0.0,0.3
728,15897,0.0,1,0.0,0.0,0.0,0.3
729,15899,0.0,1,0.0,0.0,0.0,0.3
730,15900,0.0,1,0.0,0.0,0.0,0.3
731,15901,0.0,1,0.0,0.0,0.0,0.3
732,15903,0.0,1,0.0,0.0,0.0,0.3
733,15905,0.0,2,0.0,0.0,0.0,0.6
734,15906,0.0,1,0.0,0.0,0.0,0.3
735,15907,0.0,2,0.0,0.0,0.0,0.6
736,15909,0.0,1,0.0,0.0,0.0,0.3
737,15910,0.0,1,0.0,0.0,0.0,0.3
738,15913,0.0,1,0.0,0.0,0.0,0.3
739,15914,0.0,2,0.0,0.0,0.0,0.6
740,15918,0.0,1,0.0,0.0,0.0,0.3
741,15920,0.0,1,0.0,0.0,0.0,0.3
742,15923,0.0,1,0.0,0.0,0.0,0.3
743,15924,0.0,1,0.0,0.0,0.0,0.3
744,15927,0.0,2,0.0,0.0,0.0,0.6
745,15928,0.0,2,0.0,0.0,0.0,0.6
746,15934,0.0,1,0.0,0.0,0.0,0.3
747,15936,0.0,1,0.0,0.0,0.0,0.3
748,15940,0.0,1,0.0,0.0,0.0,0.3
749,15943,0.0,1,0.0,0.0,0.0,0.3
750,15945,0.0,1,0.0,0.0,0.0,0.3
751,15946,0.0,1,0.0,0.0,0.0,0.3
752,15950,0.0,1,0.0,0.0,0.0,0.3
753,15951,0.0,1,0.0,0.0,0.0,0.3
754,15952,0.0,1,0.0,0.0,0.0,0.3
755,15953,0.0,1,0.0,0.0,0.0,0.3
756,15955,0.0,1,0.0,0.0,0.0,0.3
757,15956,0.0,2,0.0,0.0,0.0,0.6
758,15957,0.0,1,0.0,0.0,0.0,0.3
759,15960,0.0,1,0.0,0.0,0.0,0.3
760,15961,0.0,2,0.0,0.0,0.0,0.6
761,15962,0.0,1,0.0,0.0,0.0,0.3
762,15967,0.0,1,0.0,0.0,0.0,0.3
763,15969,0.0,1,0.0,0.0,0.0,0.3
764,15971,0.0,1,0.0,0.0,0.0,0.3
765,15975,0.0,1,0.0,0.0,0.0,0.3
766,15976,0.0,1,0.0,0.0,0.0,0.3
767,15977,0.0,1,0.0,0.0,0.0,0.3
768,15978,0.0,1,0.0,0.0,0.0,0.3
769,15981,0.0,2,0.0,0.0,0.0,0.6
770,15984,0.0,2,0.0,0.0,0.0,0.6
771,15986,0.0,2,0.0,0.0,0.0,0.6
772,15988,0.0,1,0.0,0.0,0.0,0.3
773,15989,0.0,2,0.0,0.0,0.0,0.6
774,15991,0.0,3,0.0,0.0,0.0,0.8999999999999999
775,15992,0.0,2,0.0,0.0,0.0,0.6
776,15995,0.0,1,0.0,0.0,0.0,0.3
777,15997,0.0,1,0.0,0.0,0.0,0.3
778,15999,0.0,1,0.0,0.0,0.0,0.3
779,16001,0.0,1,0.0,0.0,0.0,0.3
780,16004,0.0,1,0.0,0.0,0.0,0.3
781,16005,0.0,1,0.0,0.0,0.0,0.3
782,16006,0.0,2,0.0,0.0,0.0,0.6
783,16007,0.0,1,0.0,0.0,0.0,0.3
784,16010,0.0,1,0.0,0.0,0.0,0.3
785,16011,0.0,1,0.0,0.0,0.0,0.3
786,16014,0.0,1,0.0,0.0,0.0,0.3
787,16015,0.0,1,0.0,0.0,0.0,0.3
788,16016,0.0,1,0.0,0.0,0.0,0.3
789,16018,0.0,1,0.0,0.0,0.0,0.3
790,16019,0.0,1,0.0,0.0,0.0,0.3
791,16021,0.0,1,0.0,0.0,0.0,0.3
792,16023,0.0,1,0.0,0.0,0.0,0.3
793,16024,0.0,1,0.0,0.0,0.0,0.3
794,16026,0.0,2,0.0,0.0,0.0,0.6
795,16028,0.0,3,0.0,0.0,0.0,0.8999999999999999
796,16032,0.0,2,0.0,0.0,0.0,0.6
797,16041,0.0,1,0.0,0.0,0.0,0.3
798,16045,0.0,3,0.0,0.0,0.0,0.8999999999999999
799,16050,0.0,2,0.0,0.0,0.0,0.6
800,16053,0.0,1,0.0,0.0,0.0,0.3
801,16054,0.0,1,0.0,0.0,0.0,0.3
802,16055,0.0,1,0.0,0.0,0.0,0.3
803,16058,0.0,1,0.0,0.0,0.0,0.3
804,16059,0.0,1,0.0,0.0,0.0,0.3
805,16060,0.0,1,0.0,0.0,0.0,0.3
806,16067,0.0,1,0.0,0.0,0.0,0.3
807,16073,0.0,1,0.0,0.0,0.0,0.3
808,16076,0.0,1,0.0,0.0,0.0,0.3
809,16081,0.0,1,0.0,0.0,0.0,0.3
810,16082,0.0,2,0.0,0.0,0.0,0.6
811,16084,0.0,1,0.0,0.0,0.0,0.3
812,16085,0.0,3,0.0,0.0,0.0,0.8999999999999999
813,16088,0.0,1,0.0,0.0,0.0,0.3
814,16090,0.0,2,0.0,0.0,0.0,0.6
815,16092,0.0,1,0.0,0.0,0.0,0.3
816,16093,0.0,1,0.0,0.0,0.0,0.3
817,16094,0.0,1,0.0,0.0,0.0,0.3
818,16096,0.0,1,0.0,0.0,0.0,0.3
819,16098,0.0,1,0.0,0.0,0.0,0.3
820,16100,0.0,1,0.0,0.0,0.0,0.3
821,16101,0.0,1,0.0,0.0,0.0,0.3
822,16106,0.0,1,0.0,0.0,0.0,0.3
823,16109,0.0,1,0.0,0.0,0.0,0.3
824,16111,0.0,2,0.0,0.0,0.0,0.6
825,16112,0.0,3,0.0,0.0,0.0,0.8999999999999999
826,16119,0.0,3,0.0,0.0,0.0,0.8999999999999999
827,16120,0.0,2,0.0,0.0,0.0,0.6
828,16122,0.0,1,0.0,0.0,0.0,0.3
829,16124,0.0,2,0.0,0.0,0.0,0.6
830,16127,0.0,3,0.0,0.0,0.0,0.8999999999999999
831,16129,0.0,1,0.0,0.0,0.0,0.3
832,16136,0.0,1,0.0,0.0,0.0,0.3
833,16137,0.0,1,0.0,0.0,0.0,0.3
834,16138,0.0,1,0.0,0.0,0.0,0.3
835,16139,0.0,2,0.0,0.0,0.0,0.6
836,16140,0.0,1,0.0,0.0,0.0,0.3
837,16142,0.0,1,0.0,0.0,0.0,0.3
838,16146,0.0,1,0.0,0.0,0.0,0.3
839,16147,0.0,1,0.0,0.0,0.0,0.3
840,16148,0.0,2,0.0,0.0,0.0,0.6
841,16150,0.0,1,0.0,0.0,0.0,0.3
842,16153,0.0,1,0.0,0.0,0.0,0.3
843,16154,0.0,1,0.0,0.0,0.0,0.3
844,16158,0.0,1,0.0,0.0,0.0,0.3
845,16159,0.0,1,0.0,0.0,0.0,0.3
